id,name,img,price,mrp,rating,ratingTotal,discount,seller,purl
1,Men Solid Oversized Cotton,"https://assets.myntassets.com/f_webp,dpr_1.0,q_60,w_210,c_limit,fl_progressive/assets/images/16407468/2021/12/28/fce7ca1e-01ec-4c12-a90f-c7b75abda0e01640669480687-Difference-of-Opinion-Men-Tshirts-4021640669480120-1.jpg;
https://assets.myntassets.com/f_webp,dpr_1.8,q_60,w_210,c_limit,fl_progressive/assets/images/16407468/2021/12/28/fce7ca1e-01ec-4c12-a90f-c7b75abda0e01640669480687-Difference-of-Opinion-Men-Tshirts-4021640669480120-1.jpg;
https://assets.myntassets.com/f_webp,dpr_2.0,q_60,w_210,c_limit,fl_progressive/assets/images/16407468/2021/12/28/fce7ca1e-01ec-4c12-a90f-c7b75abda0e01640669480687-Difference-of-Opinion-Men-Tshirts-4021640669480120-1.jpg;
https://assets.myntassets.com/f_webp,dpr_2.2,q_60,w_210,c_limit,fl_progressive/assets/images/16407468/2021/12/28/fce7ca1e-01ec-4c12-a90f-c7b75abda0e01640669480687-Difference-of-Opinion-Men-Tshirts-4021640669480120-1.jpg;
https://assets.myntassets.com/f_webp,dpr_2.4,q_60,w_210,c_limit,fl_progressive/assets/images/16407468/2021/12/28/fce7ca1e-01ec-4c12-a90f-c7b75abda0e01640669480687-Difference-of-Opinion-Men-Tshirts-4021640669480120-1.jpg;
https://assets.myntassets.com/f_webp,dpr_2.6,q_60,w_210,c_limit,fl_progressive/assets/images/16407468/2021/12/28/fce7ca1e-01ec-4c12-a90f-c7b75abda0e01640669480687-Difference-of-Opinion-Men-Tshirts-4021640669480120-1.jpg;
https://assets.myntassets.com/f_webp,dpr_2.8,q_60,w_210,c_limit,fl_progressive/assets/images/16407468/2021/12/28/fce7ca1e-01ec-4c12-a90f-c7b75abda0e01640669480687-Difference-of-Opinion-Men-Tshirts-4021640669480120-1.jpg",532,1299,4.1,5300,59,Difference of Opinion,https://www.myntra.com/tshirts/difference-of-opinion/difference-of-opinion-men-mint-green-round-neck-drop-shoulder-sleeves-cotton-loose-t-shirt/16407468/buy
2,Men Cotton Pure Cotton T-shirt,"https://assets.myntassets.com/f_webp,dpr_1.0,q_60,w_210,c_limit,fl_progressive/assets/images/1996777/2022/11/22/336445a8-fa32-4396-914a-2629b49465d31669112704759RoadsterMenBlackCottonPureCottonT-shirt1.jpg;
https://assets.myntassets.com/f_webp,dpr_1.8,q_60,w_210,c_limit,fl_progressive/assets/images/1996777/2022/11/22/336445a8-fa32-4396-914a-2629b49465d31669112704759RoadsterMenBlackCottonPureCottonT-shirt1.jpg;
https://assets.myntassets.com/f_webp,dpr_2.0,q_60,w_210,c_limit,fl_progressive/assets/images/1996777/2022/11/22/336445a8-fa32-4396-914a-2629b49465d31669112704759RoadsterMenBlackCottonPureCottonT-shirt1.jpg;
https://assets.myntassets.com/f_webp,dpr_2.2,q_60,w_210,c_limit,fl_progressive/assets/images/1996777/2022/11/22/336445a8-fa32-4396-914a-2629b49465d31669112704759RoadsterMenBlackCottonPureCottonT-shirt1.jpg;
https://assets.myntassets.com/f_webp,dpr_2.4,q_60,w_210,c_limit,fl_progressive/assets/images/1996777/2022/11/22/336445a8-fa32-4396-914a-2629b49465d31669112704759RoadsterMenBlackCottonPureCottonT-shirt1.jpg;
https://assets.myntassets.com/f_webp,dpr_2.6,q_60,w_210,c_limit,fl_progressive/assets/images/1996777/2022/11/22/336445a8-fa32-4396-914a-2629b49465d31669112704759RoadsterMenBlackCottonPureCottonT-shirt1.jpg;
https://assets.myntassets.com/f_webp,dpr_2.8,q_60,w_210,c_limit,fl_progressive/assets/images/1996777/2022/11/22/336445a8-fa32-4396-914a-2629b49465d31669112704759RoadsterMenBlackCottonPureCottonT-shirt1.jpg",274,499,4.2,25400,45,Roadster,https://www.myntra.com/tshirts/roadster/roadster-men-black-cotton-pure-cotton-t-shirt/1996777/buy
3,Women Pure Cotton T-shirt,"https://assets.myntassets.com/f_webp,dpr_1.0,q_60,w_210,c_limit,fl_progressive/assets/images/15598180/2022/2/4/0cae0b47-0ae6-4bec-aa2f-a00a5624c3a11643957685405-DILLINGER-Women-Navy-Blue-Typography-Printed-Pure-Cotton-Loo-1.jpg;
https://assets.myntassets.com/f_webp,dpr_1.8,q_60,w_210,c_limit,fl_progressive/assets/images/15598180/2022/2/4/0cae0b47-0ae6-4bec-aa2f-a00a5624c3a11643957685405-DILLINGER-Women-Navy-Blue-Typography-Printed-Pure-Cotton-Loo-1.jpg;
https://assets.myntassets.com/f_webp,dpr_2.0,q_60,w_210,c_limit,fl_progressive/assets/images/15598180/2022/2/4/0cae0b47-0ae6-4bec-aa2f-a00a5624c3a11643957685405-DILLINGER-Women-Navy-Blue-Typography-Printed-Pure-Cotton-Loo-1.jpg;
https://assets.myntassets.com/f_webp,dpr_2.2,q_60,w_210,c_limit,fl_progressive/assets/images/15598180/2022/2/4/0cae0b47-0ae6-4bec-aa2f-a00a5624c3a11643957685405-DILLINGER-Women-Navy-Blue-Typography-Printed-Pure-Cotton-Loo-1.jpg;
https://assets.myntassets.com/f_webp,dpr_2.4,q_60,w_210,c_limit,fl_progressive/assets/images/15598180/2022/2/4/0cae0b47-0ae6-4bec-aa2f-a00a5624c3a11643957685405-DILLINGER-Women-Navy-Blue-Typography-Printed-Pure-Cotton-Loo-1.jpg;
https://assets.myntassets.com/f_webp,dpr_2.6,q_60,w_210,c_limit,fl_progressive/assets/images/15598180/2022/2/4/0cae0b47-0ae6-4bec-aa2f-a00a5624c3a11643957685405-DILLINGER-Women-Navy-Blue-Typography-Printed-Pure-Cotton-Loo-1.jpg;
https://assets.myntassets.com/f_webp,dpr_2.8,q_60,w_210,c_limit,fl_progressive/assets/images/15598180/2022/2/4/0cae0b47-0ae6-4bec-aa2f-a00a5624c3a11643957685405-DILLINGER-Women-Navy-Blue-Typography-Printed-Pure-Cotton-Loo-1.jpg",551,1199,4.5,3400,54,DILLINGER,https://www.myntra.com/tshirts/dillinger/dillinger-women-navy-blue-typography-printed-pure-cotton-t-shirt/15598180/buy
4,Typography Print T-shirt,"https://assets.myntassets.com/f_webp,dpr_1.0,q_60,w_210,c_limit,fl_progressive/assets/images/productimage/2019/12/12/1aab2a18-6774-4f83-b292-fe301755a3351576102551329-1.jpg;
https://assets.myntassets.com/f_webp,dpr_1.8,q_60,w_210,c_limit,fl_progressive/assets/images/productimage/2019/12/12/1aab2a18-6774-4f83-b292-fe301755a3351576102551329-1.jpg;
https://assets.myntassets.com/f_webp,dpr_2.0,q_60,w_210,c_limit,fl_progressive/assets/images/productimage/2019/12/12/1aab2a18-6774-4f83-b292-fe301755a3351576102551329-1.jpg;
https://assets.myntassets.com/f_webp,dpr_2.2,q_60,w_210,c_limit,fl_progressive/assets/images/productimage/2019/12/12/1aab2a18-6774-4f83-b292-fe301755a3351576102551329-1.jpg;
https://assets.myntassets.com/f_webp,dpr_2.4,q_60,w_210,c_limit,fl_progressive/assets/images/productimage/2019/12/12/1aab2a18-6774-4f83-b292-fe301755a3351576102551329-1.jpg;
https://assets.myntassets.com/f_webp,dpr_2.6,q_60,w_210,c_limit,fl_progressive/assets/images/productimage/2019/12/12/1aab2a18-6774-4f83-b292-fe301755a3351576102551329-1.jpg;
https://assets.myntassets.com/f_webp,dpr_2.8,q_60,w_210,c_limit,fl_progressive/assets/images/productimage/2019/12/12/1aab2a18-6774-4f83-b292-fe301755a3351576102551329-1.jpg",296,1099,4,18400,73,Huetrap,https://www.myntra.com/tshirts/huetrap/huetrap-men-beige--black-typography-printed-sustainable-t-shirt/11148764/buy
5,Printed Round Neck Pure Cotton T-shirt,"https://assets.myntassets.com/f_webp,dpr_1.0,q_60,w_210,c_limit,fl_progressive/assets/images/11545192/2022/3/25/626b0419-cbb0-4200-8490-67e20a0021c51648208612203-Roadster-Men-Green--White-Printed-Round-Neck-Pure-Cotton-T-s-1.jpg;
https://assets.myntassets.com/f_webp,dpr_1.8,q_60,w_210,c_limit,fl_progressive/assets/images/11545192/2022/3/25/626b0419-cbb0-4200-8490-67e20a0021c51648208612203-Roadster-Men-Green--White-Printed-Round-Neck-Pure-Cotton-T-s-1.jpg;
https://assets.myntassets.com/f_webp,dpr_2.0,q_60,w_210,c_limit,fl_progressive/assets/images/11545192/2022/3/25/626b0419-cbb0-4200-8490-67e20a0021c51648208612203-Roadster-Men-Green--White-Printed-Round-Neck-Pure-Cotton-T-s-1.jpg;
https://assets.myntassets.com/f_webp,dpr_2.2,q_60,w_210,c_limit,fl_progressive/assets/images/11545192/2022/3/25/626b0419-cbb0-4200-8490-67e20a0021c51648208612203-Roadster-Men-Green--White-Printed-Round-Neck-Pure-Cotton-T-s-1.jpg;
https://assets.myntassets.com/f_webp,dpr_2.4,q_60,w_210,c_limit,fl_progressive/assets/images/11545192/2022/3/25/626b0419-cbb0-4200-8490-67e20a0021c51648208612203-Roadster-Men-Green--White-Printed-Round-Neck-Pure-Cotton-T-s-1.jpg;
https://assets.myntassets.com/f_webp,dpr_2.6,q_60,w_210,c_limit,fl_progressive/assets/images/11545192/2022/3/25/626b0419-cbb0-4200-8490-67e20a0021c51648208612203-Roadster-Men-Green--White-Printed-Round-Neck-Pure-Cotton-T-s-1.jpg;
https://assets.myntassets.com/f_webp,dpr_2.8,q_60,w_210,c_limit,fl_progressive/assets/images/11545192/2022/3/25/626b0419-cbb0-4200-8490-67e20a0021c51648208612203-Roadster-Men-Green--White-Printed-Round-Neck-Pure-Cotton-T-s-1.jpg",494,899,4.2,3800,45,Roadster,https://www.myntra.com/tshirts/roadster/roadster-men-green--white-printed-round-neck-pure-cotton-t-shirt/11545192/buy
6,Boys Pack of 5 T-shirt,"https://assets.myntassets.com/f_webp,dpr_1.0,q_60,w_210,c_limit,fl_progressive/assets/images/17137560/2022/2/11/4dd42ff2-7468-4bcc-a4a2-f0994b2d01751644582207769HellcatBoysRoundNeckBlendedCottonTshirt-ComboPackof51.jpg;
https://assets.myntassets.com/f_webp,dpr_1.8,q_60,w_210,c_limit,fl_progressive/assets/images/17137560/2022/2/11/4dd42ff2-7468-4bcc-a4a2-f0994b2d01751644582207769HellcatBoysRoundNeckBlendedCottonTshirt-ComboPackof51.jpg;
https://assets.myntassets.com/f_webp,dpr_2.0,q_60,w_210,c_limit,fl_progressive/assets/images/17137560/2022/2/11/4dd42ff2-7468-4bcc-a4a2-f0994b2d01751644582207769HellcatBoysRoundNeckBlendedCottonTshirt-ComboPackof51.jpg;
https://assets.myntassets.com/f_webp,dpr_2.2,q_60,w_210,c_limit,fl_progressive/assets/images/17137560/2022/2/11/4dd42ff2-7468-4bcc-a4a2-f0994b2d01751644582207769HellcatBoysRoundNeckBlendedCottonTshirt-ComboPackof51.jpg;
https://assets.myntassets.com/f_webp,dpr_2.4,q_60,w_210,c_limit,fl_progressive/assets/images/17137560/2022/2/11/4dd42ff2-7468-4bcc-a4a2-f0994b2d01751644582207769HellcatBoysRoundNeckBlendedCottonTshirt-ComboPackof51.jpg;
https://assets.myntassets.com/f_webp,dpr_2.6,q_60,w_210,c_limit,fl_progressive/assets/images/17137560/2022/2/11/4dd42ff2-7468-4bcc-a4a2-f0994b2d01751644582207769HellcatBoysRoundNeckBlendedCottonTshirt-ComboPackof51.jpg;
https://assets.myntassets.com/f_webp,dpr_2.8,q_60,w_210,c_limit,fl_progressive/assets/images/17137560/2022/2/11/4dd42ff2-7468-4bcc-a4a2-f0994b2d01751644582207769HellcatBoysRoundNeckBlendedCottonTshirt-ComboPackof51.jpg",699,4995,4.1,1200,86,HELLCAT,https://www.myntra.com/tshirts/hellcat/hellcat-boys-grey--orange-pack-of-5-typography-printed-t-shirt/17137560/buy
7,Polo Collar Cotton Pure Cotton T-shirt,"https://assets.myntassets.com/f_webp,dpr_1.0,q_60,w_210,c_limit,fl_progressive/assets/images/1996801/2018/8/3/15c9e328-62bd-49ea-8cbd-7bc2047ba02f1533279315890-Roadster-Men-Black-Solid-Polo-Collar-T-shirt-836153327931345-1.jpg;
https://assets.myntassets.com/f_webp,dpr_1.8,q_60,w_210,c_limit,fl_progressive/assets/images/1996801/2018/8/3/15c9e328-62bd-49ea-8cbd-7bc2047ba02f1533279315890-Roadster-Men-Black-Solid-Polo-Collar-T-shirt-836153327931345-1.jpg;
https://assets.myntassets.com/f_webp,dpr_2.0,q_60,w_210,c_limit,fl_progressive/assets/images/1996801/2018/8/3/15c9e328-62bd-49ea-8cbd-7bc2047ba02f1533279315890-Roadster-Men-Black-Solid-Polo-Collar-T-shirt-836153327931345-1.jpg;
https://assets.myntassets.com/f_webp,dpr_2.2,q_60,w_210,c_limit,fl_progressive/assets/images/1996801/2018/8/3/15c9e328-62bd-49ea-8cbd-7bc2047ba02f1533279315890-Roadster-Men-Black-Solid-Polo-Collar-T-shirt-836153327931345-1.jpg;
https://assets.myntassets.com/f_webp,dpr_2.4,q_60,w_210,c_limit,fl_progressive/assets/images/1996801/2018/8/3/15c9e328-62bd-49ea-8cbd-7bc2047ba02f1533279315890-Roadster-Men-Black-Solid-Polo-Collar-T-shirt-836153327931345-1.jpg;
https://assets.myntassets.com/f_webp,dpr_2.6,q_60,w_210,c_limit,fl_progressive/assets/images/1996801/2018/8/3/15c9e328-62bd-49ea-8cbd-7bc2047ba02f1533279315890-Roadster-Men-Black-Solid-Polo-Collar-T-shirt-836153327931345-1.jpg;
https://assets.myntassets.com/f_webp,dpr_2.8,q_60,w_210,c_limit,fl_progressive/assets/images/1996801/2018/8/3/15c9e328-62bd-49ea-8cbd-7bc2047ba02f1533279315890-Roadster-Men-Black-Solid-Polo-Collar-T-shirt-836153327931345-1.jpg",449,899,4.1,10500,50,Roadster,https://www.myntra.com/tshirts/roadster/roadster-men-black-polo-collar-cotton-pure-cotton-t-shirt/1996801/buy
8,Boys Pack Of 5 Printed T-shirt,"https://assets.myntassets.com/f_webp,dpr_1.0,q_60,w_210,c_limit,fl_progressive/assets/images/17137550/2022/2/11/b124b0f4-830d-44ed-a669-e8585d66cf4f1644579708683HellcatBoysRoundNeckBlendedCottonTshirt-ComboPackof51.jpg;
https://assets.myntassets.com/f_webp,dpr_1.8,q_60,w_210,c_limit,fl_progressive/assets/images/17137550/2022/2/11/b124b0f4-830d-44ed-a669-e8585d66cf4f1644579708683HellcatBoysRoundNeckBlendedCottonTshirt-ComboPackof51.jpg;
https://assets.myntassets.com/f_webp,dpr_2.0,q_60,w_210,c_limit,fl_progressive/assets/images/17137550/2022/2/11/b124b0f4-830d-44ed-a669-e8585d66cf4f1644579708683HellcatBoysRoundNeckBlendedCottonTshirt-ComboPackof51.jpg;
https://assets.myntassets.com/f_webp,dpr_2.2,q_60,w_210,c_limit,fl_progressive/assets/images/17137550/2022/2/11/b124b0f4-830d-44ed-a669-e8585d66cf4f1644579708683HellcatBoysRoundNeckBlendedCottonTshirt-ComboPackof51.jpg;
https://assets.myntassets.com/f_webp,dpr_2.4,q_60,w_210,c_limit,fl_progressive/assets/images/17137550/2022/2/11/b124b0f4-830d-44ed-a669-e8585d66cf4f1644579708683HellcatBoysRoundNeckBlendedCottonTshirt-ComboPackof51.jpg;
https://assets.myntassets.com/f_webp,dpr_2.6,q_60,w_210,c_limit,fl_progressive/assets/images/17137550/2022/2/11/b124b0f4-830d-44ed-a669-e8585d66cf4f1644579708683HellcatBoysRoundNeckBlendedCottonTshirt-ComboPackof51.jpg;
https://assets.myntassets.com/f_webp,dpr_2.8,q_60,w_210,c_limit,fl_progressive/assets/images/17137550/2022/2/11/b124b0f4-830d-44ed-a669-e8585d66cf4f1644579708683HellcatBoysRoundNeckBlendedCottonTshirt-ComboPackof51.jpg",699,4995,4.1,2300,86,HELLCAT,https://www.myntra.com/tshirts/hellcat/hellcat-boys-pack-of-5-typography-printed-bio-finish-t-shirt/17137550/buy
9,Printed Pure Cotton T-shirt,"https://assets.myntassets.com/f_webp,dpr_1.0,q_60,w_210,c_limit,fl_progressive/assets/images/1700871/2020/1/22/f932ae44-0fb8-4b92-b7bc-f1756253294b1579692118186-HRX-by-Hrithik-Roshan-Men-Teal-Blue-Printed-T-shirt-90515796-1.jpg;
https://assets.myntassets.com/f_webp,dpr_1.8,q_60,w_210,c_limit,fl_progressive/assets/images/1700871/2020/1/22/f932ae44-0fb8-4b92-b7bc-f1756253294b1579692118186-HRX-by-Hrithik-Roshan-Men-Teal-Blue-Printed-T-shirt-90515796-1.jpg;
https://assets.myntassets.com/f_webp,dpr_2.0,q_60,w_210,c_limit,fl_progressive/assets/images/1700871/2020/1/22/f932ae44-0fb8-4b92-b7bc-f1756253294b1579692118186-HRX-by-Hrithik-Roshan-Men-Teal-Blue-Printed-T-shirt-90515796-1.jpg;
https://assets.myntassets.com/f_webp,dpr_2.2,q_60,w_210,c_limit,fl_progressive/assets/images/1700871/2020/1/22/f932ae44-0fb8-4b92-b7bc-f1756253294b1579692118186-HRX-by-Hrithik-Roshan-Men-Teal-Blue-Printed-T-shirt-90515796-1.jpg;
https://assets.myntassets.com/f_webp,dpr_2.4,q_60,w_210,c_limit,fl_progressive/assets/images/1700871/2020/1/22/f932ae44-0fb8-4b92-b7bc-f1756253294b1579692118186-HRX-by-Hrithik-Roshan-Men-Teal-Blue-Printed-T-shirt-90515796-1.jpg;
https://assets.myntassets.com/f_webp,dpr_2.6,q_60,w_210,c_limit,fl_progressive/assets/images/1700871/2020/1/22/f932ae44-0fb8-4b92-b7bc-f1756253294b1579692118186-HRX-by-Hrithik-Roshan-Men-Teal-Blue-Printed-T-shirt-90515796-1.jpg;
https://assets.myntassets.com/f_webp,dpr_2.8,q_60,w_210,c_limit,fl_progressive/assets/images/1700871/2020/1/22/f932ae44-0fb8-4b92-b7bc-f1756253294b1579692118186-HRX-by-Hrithik-Roshan-Men-Teal-Blue-Printed-T-shirt-90515796-1.jpg",279,699,4.2,55400,60,HRX by Hrithik Roshan,https://www.myntra.com/tshirts/hrx-by-hrithik-roshan/hrx-by-hrithik-roshan-men-teal-blue-printed-pure-cotton-t-shirt/1700871/buy
10,Printed Round Neck Pure Cotton T-shirt,"https://assets.myntassets.com/f_webp,dpr_1.0,q_60,w_210,c_limit,fl_progressive/assets/images/12193826/2020/10/13/e5880ee7-80af-4405-ae9f-7760b22a34621602571369433-Roadster-Women-Tshirts-1601602571367968-1.jpg;
https://assets.myntassets.com/f_webp,dpr_1.8,q_60,w_210,c_limit,fl_progressive/assets/images/12193826/2020/10/13/e5880ee7-80af-4405-ae9f-7760b22a34621602571369433-Roadster-Women-Tshirts-1601602571367968-1.jpg;
https://assets.myntassets.com/f_webp,dpr_2.0,q_60,w_210,c_limit,fl_progressive/assets/images/12193826/2020/10/13/e5880ee7-80af-4405-ae9f-7760b22a34621602571369433-Roadster-Women-Tshirts-1601602571367968-1.jpg;
https://assets.myntassets.com/f_webp,dpr_2.2,q_60,w_210,c_limit,fl_progressive/assets/images/12193826/2020/10/13/e5880ee7-80af-4405-ae9f-7760b22a34621602571369433-Roadster-Women-Tshirts-1601602571367968-1.jpg;
https://assets.myntassets.com/f_webp,dpr_2.4,q_60,w_210,c_limit,fl_progressive/assets/images/12193826/2020/10/13/e5880ee7-80af-4405-ae9f-7760b22a34621602571369433-Roadster-Women-Tshirts-1601602571367968-1.jpg;
https://assets.myntassets.com/f_webp,dpr_2.6,q_60,w_210,c_limit,fl_progressive/assets/images/12193826/2020/10/13/e5880ee7-80af-4405-ae9f-7760b22a34621602571369433-Roadster-Women-Tshirts-1601602571367968-1.jpg;
https://assets.myntassets.com/f_webp,dpr_2.8,q_60,w_210,c_limit,fl_progressive/assets/images/12193826/2020/10/13/e5880ee7-80af-4405-ae9f-7760b22a34621602571369433-Roadster-Women-Tshirts-1601602571367968-1.jpg",399,799,4.1,5600,50,Roadster,https://www.myntra.com/tshirts/roadster/roadster-women-pink--burgundy-printed-round-neck-pure-cotton-longline-t-shirt/12193826/buy
11,Printed Round Neck Pure Cotton T-shirt,"https://assets.myntassets.com/f_webp,dpr_1.0,q_60,w_210,c_limit,fl_progressive/assets/images/10968510/2020/2/4/604f209c-9256-4c8a-b018-f15d46a9fdb11580792216828-Roadster-Women-Tshirts-8821580792215054-1.jpg;
https://assets.myntassets.com/f_webp,dpr_1.8,q_60,w_210,c_limit,fl_progressive/assets/images/10968510/2020/2/4/604f209c-9256-4c8a-b018-f15d46a9fdb11580792216828-Roadster-Women-Tshirts-8821580792215054-1.jpg;
https://assets.myntassets.com/f_webp,dpr_2.0,q_60,w_210,c_limit,fl_progressive/assets/images/10968510/2020/2/4/604f209c-9256-4c8a-b018-f15d46a9fdb11580792216828-Roadster-Women-Tshirts-8821580792215054-1.jpg;
https://assets.myntassets.com/f_webp,dpr_2.2,q_60,w_210,c_limit,fl_progressive/assets/images/10968510/2020/2/4/604f209c-9256-4c8a-b018-f15d46a9fdb11580792216828-Roadster-Women-Tshirts-8821580792215054-1.jpg;
https://assets.myntassets.com/f_webp,dpr_2.4,q_60,w_210,c_limit,fl_progressive/assets/images/10968510/2020/2/4/604f209c-9256-4c8a-b018-f15d46a9fdb11580792216828-Roadster-Women-Tshirts-8821580792215054-1.jpg;
https://assets.myntassets.com/f_webp,dpr_2.6,q_60,w_210,c_limit,fl_progressive/assets/images/10968510/2020/2/4/604f209c-9256-4c8a-b018-f15d46a9fdb11580792216828-Roadster-Women-Tshirts-8821580792215054-1.jpg;
https://assets.myntassets.com/f_webp,dpr_2.8,q_60,w_210,c_limit,fl_progressive/assets/images/10968510/2020/2/4/604f209c-9256-4c8a-b018-f15d46a9fdb11580792216828-Roadster-Women-Tshirts-8821580792215054-1.jpg",419,699,4.1,6900,40,Roadster,https://www.myntra.com/tshirts/roadster/roadster-women-lavender-printed-round-neck-pure-cotton-t-shirt/10968510/buy
12,Longline T-shirt with Raw Edge,"https://assets.myntassets.com/f_webp,dpr_1.0,q_60,w_210,c_limit,fl_progressive/assets/images/1824340/2017/8/3/11501764560457-Roadster-Men-Grey-Melange-Solid-Round-Neck-T-shirt-3291501764560241-1.jpg;
https://assets.myntassets.com/f_webp,dpr_1.8,q_60,w_210,c_limit,fl_progressive/assets/images/1824340/2017/8/3/11501764560457-Roadster-Men-Grey-Melange-Solid-Round-Neck-T-shirt-3291501764560241-1.jpg;
https://assets.myntassets.com/f_webp,dpr_2.0,q_60,w_210,c_limit,fl_progressive/assets/images/1824340/2017/8/3/11501764560457-Roadster-Men-Grey-Melange-Solid-Round-Neck-T-shirt-3291501764560241-1.jpg;
https://assets.myntassets.com/f_webp,dpr_2.2,q_60,w_210,c_limit,fl_progressive/assets/images/1824340/2017/8/3/11501764560457-Roadster-Men-Grey-Melange-Solid-Round-Neck-T-shirt-3291501764560241-1.jpg;
https://assets.myntassets.com/f_webp,dpr_2.4,q_60,w_210,c_limit,fl_progressive/assets/images/1824340/2017/8/3/11501764560457-Roadster-Men-Grey-Melange-Solid-Round-Neck-T-shirt-3291501764560241-1.jpg;
https://assets.myntassets.com/f_webp,dpr_2.6,q_60,w_210,c_limit,fl_progressive/assets/images/1824340/2017/8/3/11501764560457-Roadster-Men-Grey-Melange-Solid-Round-Neck-T-shirt-3291501764560241-1.jpg;
https://assets.myntassets.com/f_webp,dpr_2.8,q_60,w_210,c_limit,fl_progressive/assets/images/1824340/2017/8/3/11501764560457-Roadster-Men-Grey-Melange-Solid-Round-Neck-T-shirt-3291501764560241-1.jpg",463,799,3.9,11600,42,Roadster,https://www.myntra.com/tshirts/roadster/roadster-men-grey-melange-longline-t-shirt-with-raw-edges/1824340/buy
13,Printed Oversized Pure Cotton T-shirt,"https://assets.myntassets.com/f_webp,dpr_1.0,q_60,w_210,c_limit,fl_progressive/assets/images/13930788/2021/8/6/38d6c0e3-cda3-4059-a673-2cdb0bafae181628241011946-DILLINGER-Women-Tshirts-8941628241011571-1.jpg;
https://assets.myntassets.com/f_webp,dpr_1.8,q_60,w_210,c_limit,fl_progressive/assets/images/13930788/2021/8/6/38d6c0e3-cda3-4059-a673-2cdb0bafae181628241011946-DILLINGER-Women-Tshirts-8941628241011571-1.jpg;
https://assets.myntassets.com/f_webp,dpr_2.0,q_60,w_210,c_limit,fl_progressive/assets/images/13930788/2021/8/6/38d6c0e3-cda3-4059-a673-2cdb0bafae181628241011946-DILLINGER-Women-Tshirts-8941628241011571-1.jpg;
https://assets.myntassets.com/f_webp,dpr_2.2,q_60,w_210,c_limit,fl_progressive/assets/images/13930788/2021/8/6/38d6c0e3-cda3-4059-a673-2cdb0bafae181628241011946-DILLINGER-Women-Tshirts-8941628241011571-1.jpg;
https://assets.myntassets.com/f_webp,dpr_2.4,q_60,w_210,c_limit,fl_progressive/assets/images/13930788/2021/8/6/38d6c0e3-cda3-4059-a673-2cdb0bafae181628241011946-DILLINGER-Women-Tshirts-8941628241011571-1.jpg;
https://assets.myntassets.com/f_webp,dpr_2.6,q_60,w_210,c_limit,fl_progressive/assets/images/13930788/2021/8/6/38d6c0e3-cda3-4059-a673-2cdb0bafae181628241011946-DILLINGER-Women-Tshirts-8941628241011571-1.jpg;
https://assets.myntassets.com/f_webp,dpr_2.8,q_60,w_210,c_limit,fl_progressive/assets/images/13930788/2021/8/6/38d6c0e3-cda3-4059-a673-2cdb0bafae181628241011946-DILLINGER-Women-Tshirts-8941628241011571-1.jpg",551,1199,4.5,5500,54,DILLINGER,https://www.myntra.com/tshirts/dillinger/dillinger-women-purple-typography-printed-drop-shoulder-sleeves-oversized-pure-cotton-t-shirt/13930788/buy
14,Men Camouflage Printed Loose T-shirt,"https://assets.myntassets.com/f_webp,dpr_1.0,q_60,w_210,c_limit,fl_progressive/assets/images/17868156/2022/4/12/4084bedc-aa91-40c8-bed9-e8e74bbdd5f31649779743002VEIRDOMenWhiteCamouflagePrintedMonochromeLooseT-shirt1.jpg;
https://assets.myntassets.com/f_webp,dpr_1.8,q_60,w_210,c_limit,fl_progressive/assets/images/17868156/2022/4/12/4084bedc-aa91-40c8-bed9-e8e74bbdd5f31649779743002VEIRDOMenWhiteCamouflagePrintedMonochromeLooseT-shirt1.jpg;
https://assets.myntassets.com/f_webp,dpr_2.0,q_60,w_210,c_limit,fl_progressive/assets/images/17868156/2022/4/12/4084bedc-aa91-40c8-bed9-e8e74bbdd5f31649779743002VEIRDOMenWhiteCamouflagePrintedMonochromeLooseT-shirt1.jpg;
https://assets.myntassets.com/f_webp,dpr_2.2,q_60,w_210,c_limit,fl_progressive/assets/images/17868156/2022/4/12/4084bedc-aa91-40c8-bed9-e8e74bbdd5f31649779743002VEIRDOMenWhiteCamouflagePrintedMonochromeLooseT-shirt1.jpg;
https://assets.myntassets.com/f_webp,dpr_2.4,q_60,w_210,c_limit,fl_progressive/assets/images/17868156/2022/4/12/4084bedc-aa91-40c8-bed9-e8e74bbdd5f31649779743002VEIRDOMenWhiteCamouflagePrintedMonochromeLooseT-shirt1.jpg;
https://assets.myntassets.com/f_webp,dpr_2.6,q_60,w_210,c_limit,fl_progressive/assets/images/17868156/2022/4/12/4084bedc-aa91-40c8-bed9-e8e74bbdd5f31649779743002VEIRDOMenWhiteCamouflagePrintedMonochromeLooseT-shirt1.jpg;
https://assets.myntassets.com/f_webp,dpr_2.8,q_60,w_210,c_limit,fl_progressive/assets/images/17868156/2022/4/12/4084bedc-aa91-40c8-bed9-e8e74bbdd5f31649779743002VEIRDOMenWhiteCamouflagePrintedMonochromeLooseT-shirt1.jpg",479,1199,4.1,1900,60,VEIRDO,https://www.myntra.com/tshirts/veirdo/veirdo-men-white-camouflage-printed-loose-oversize-cotton-t-shirt/17868156/buy
15,Time Travlr Sleveless Pure Cotton T-shirt,"https://assets.myntassets.com/f_webp,dpr_1.0,q_60,w_210,c_limit,fl_progressive/assets/images/2498517/2018/5/11/d485cf97-7835-446f-b637-a98ac6fe2a291526023388617-Roadster-Men-Olive-Green-Solid-Round-Neck-T-shirt-4761526023388386-1.jpg;
https://assets.myntassets.com/f_webp,dpr_1.8,q_60,w_210,c_limit,fl_progressive/assets/images/2498517/2018/5/11/d485cf97-7835-446f-b637-a98ac6fe2a291526023388617-Roadster-Men-Olive-Green-Solid-Round-Neck-T-shirt-4761526023388386-1.jpg;
https://assets.myntassets.com/f_webp,dpr_2.0,q_60,w_210,c_limit,fl_progressive/assets/images/2498517/2018/5/11/d485cf97-7835-446f-b637-a98ac6fe2a291526023388617-Roadster-Men-Olive-Green-Solid-Round-Neck-T-shirt-4761526023388386-1.jpg;
https://assets.myntassets.com/f_webp,dpr_2.2,q_60,w_210,c_limit,fl_progressive/assets/images/2498517/2018/5/11/d485cf97-7835-446f-b637-a98ac6fe2a291526023388617-Roadster-Men-Olive-Green-Solid-Round-Neck-T-shirt-4761526023388386-1.jpg;
https://assets.myntassets.com/f_webp,dpr_2.4,q_60,w_210,c_limit,fl_progressive/assets/images/2498517/2018/5/11/d485cf97-7835-446f-b637-a98ac6fe2a291526023388617-Roadster-Men-Olive-Green-Solid-Round-Neck-T-shirt-4761526023388386-1.jpg;
https://assets.myntassets.com/f_webp,dpr_2.6,q_60,w_210,c_limit,fl_progressive/assets/images/2498517/2018/5/11/d485cf97-7835-446f-b637-a98ac6fe2a291526023388617-Roadster-Men-Olive-Green-Solid-Round-Neck-T-shirt-4761526023388386-1.jpg;
https://assets.myntassets.com/f_webp,dpr_2.8,q_60,w_210,c_limit,fl_progressive/assets/images/2498517/2018/5/11/d485cf97-7835-446f-b637-a98ac6fe2a291526023388617-Roadster-Men-Olive-Green-Solid-Round-Neck-T-shirt-4761526023388386-1.jpg",124,499,4.1,5100,75,Roadster,https://www.myntra.com/tshirts/roadster/roadster-time-travlr-men-olive-green-sleveless-pure-cotton-t-shirt-with-raw-edges/2498517/buy
16,Men Striped Polo Collar T-shirt,"https://assets.myntassets.com/f_webp,dpr_1.0,q_60,w_210,c_limit,fl_progressive/assets/images/20324896/2022/10/27/2215b2bf-a2c1-424b-aaa6-befb8b78467c1666867734904-Louis-Philippe-Sport-Men-Tshirts-3571666867734363-1.jpg;
https://assets.myntassets.com/f_webp,dpr_1.8,q_60,w_210,c_limit,fl_progressive/assets/images/20324896/2022/10/27/2215b2bf-a2c1-424b-aaa6-befb8b78467c1666867734904-Louis-Philippe-Sport-Men-Tshirts-3571666867734363-1.jpg;
https://assets.myntassets.com/f_webp,dpr_2.0,q_60,w_210,c_limit,fl_progressive/assets/images/20324896/2022/10/27/2215b2bf-a2c1-424b-aaa6-befb8b78467c1666867734904-Louis-Philippe-Sport-Men-Tshirts-3571666867734363-1.jpg;
https://assets.myntassets.com/f_webp,dpr_2.2,q_60,w_210,c_limit,fl_progressive/assets/images/20324896/2022/10/27/2215b2bf-a2c1-424b-aaa6-befb8b78467c1666867734904-Louis-Philippe-Sport-Men-Tshirts-3571666867734363-1.jpg;
https://assets.myntassets.com/f_webp,dpr_2.4,q_60,w_210,c_limit,fl_progressive/assets/images/20324896/2022/10/27/2215b2bf-a2c1-424b-aaa6-befb8b78467c1666867734904-Louis-Philippe-Sport-Men-Tshirts-3571666867734363-1.jpg;
https://assets.myntassets.com/f_webp,dpr_2.6,q_60,w_210,c_limit,fl_progressive/assets/images/20324896/2022/10/27/2215b2bf-a2c1-424b-aaa6-befb8b78467c1666867734904-Louis-Philippe-Sport-Men-Tshirts-3571666867734363-1.jpg;
https://assets.myntassets.com/f_webp,dpr_2.8,q_60,w_210,c_limit,fl_progressive/assets/images/20324896/2022/10/27/2215b2bf-a2c1-424b-aaa6-befb8b78467c1666867734904-Louis-Philippe-Sport-Men-Tshirts-3571666867734363-1.jpg",1199,1999,4.6,180,40,Louis Philippe Sport,https://www.myntra.com/tshirts/louis-philippe-sport/louis-philippe-sport-men-navy-blue--yellow-striped-polo-collar-t-shirt/20324896/buy
17,Men Striped Polo Collar T-shirt,"https://assets.myntassets.com/f_webp,dpr_1.0,q_60,w_210,c_limit,fl_progressive/assets/images/9973475/2022/11/14/b5639b13-e56a-4b59-8756-7e8b36c7775f1668419486394-Roadster-Men-Black--Grey-Striped-Polo-Collar-Pure-Cotton-T-s-1.jpg;
https://assets.myntassets.com/f_webp,dpr_1.8,q_60,w_210,c_limit,fl_progressive/assets/images/9973475/2022/11/14/b5639b13-e56a-4b59-8756-7e8b36c7775f1668419486394-Roadster-Men-Black--Grey-Striped-Polo-Collar-Pure-Cotton-T-s-1.jpg;
https://assets.myntassets.com/f_webp,dpr_2.0,q_60,w_210,c_limit,fl_progressive/assets/images/9973475/2022/11/14/b5639b13-e56a-4b59-8756-7e8b36c7775f1668419486394-Roadster-Men-Black--Grey-Striped-Polo-Collar-Pure-Cotton-T-s-1.jpg;
https://assets.myntassets.com/f_webp,dpr_2.2,q_60,w_210,c_limit,fl_progressive/assets/images/9973475/2022/11/14/b5639b13-e56a-4b59-8756-7e8b36c7775f1668419486394-Roadster-Men-Black--Grey-Striped-Polo-Collar-Pure-Cotton-T-s-1.jpg;
https://assets.myntassets.com/f_webp,dpr_2.4,q_60,w_210,c_limit,fl_progressive/assets/images/9973475/2022/11/14/b5639b13-e56a-4b59-8756-7e8b36c7775f1668419486394-Roadster-Men-Black--Grey-Striped-Polo-Collar-Pure-Cotton-T-s-1.jpg;
https://assets.myntassets.com/f_webp,dpr_2.6,q_60,w_210,c_limit,fl_progressive/assets/images/9973475/2022/11/14/b5639b13-e56a-4b59-8756-7e8b36c7775f1668419486394-Roadster-Men-Black--Grey-Striped-Polo-Collar-Pure-Cotton-T-s-1.jpg;
https://assets.myntassets.com/f_webp,dpr_2.8,q_60,w_210,c_limit,fl_progressive/assets/images/9973475/2022/11/14/b5639b13-e56a-4b59-8756-7e8b36c7775f1668419486394-Roadster-Men-Black--Grey-Striped-Polo-Collar-Pure-Cotton-T-s-1.jpg",349,1399,4.1,3800,75,Roadster,https://www.myntra.com/tshirts/roadster/the-roadster-life-co-men-black--grey-striped-polo-collar-pure-cotton-t-shirt/9973475/buy
18,Henley Neck T-shirt,"https://assets.myntassets.com/f_webp,dpr_1.0,q_60,w_210,c_limit,fl_progressive/assets/images/1996770/2018/2/8/11518088823846-Roadster-Men-Rust-Solid-Henley-Neck-T-shirt-7631518088823602-1.jpg;
https://assets.myntassets.com/f_webp,dpr_1.8,q_60,w_210,c_limit,fl_progressive/assets/images/1996770/2018/2/8/11518088823846-Roadster-Men-Rust-Solid-Henley-Neck-T-shirt-7631518088823602-1.jpg;
https://assets.myntassets.com/f_webp,dpr_2.0,q_60,w_210,c_limit,fl_progressive/assets/images/1996770/2018/2/8/11518088823846-Roadster-Men-Rust-Solid-Henley-Neck-T-shirt-7631518088823602-1.jpg;
https://assets.myntassets.com/f_webp,dpr_2.2,q_60,w_210,c_limit,fl_progressive/assets/images/1996770/2018/2/8/11518088823846-Roadster-Men-Rust-Solid-Henley-Neck-T-shirt-7631518088823602-1.jpg;
https://assets.myntassets.com/f_webp,dpr_2.4,q_60,w_210,c_limit,fl_progressive/assets/images/1996770/2018/2/8/11518088823846-Roadster-Men-Rust-Solid-Henley-Neck-T-shirt-7631518088823602-1.jpg;
https://assets.myntassets.com/f_webp,dpr_2.6,q_60,w_210,c_limit,fl_progressive/assets/images/1996770/2018/2/8/11518088823846-Roadster-Men-Rust-Solid-Henley-Neck-T-shirt-7631518088823602-1.jpg;
https://assets.myntassets.com/f_webp,dpr_2.8,q_60,w_210,c_limit,fl_progressive/assets/images/1996770/2018/2/8/11518088823846-Roadster-Men-Rust-Solid-Henley-Neck-T-shirt-7631518088823602-1.jpg",274,499,4.2,3600,45,Roadster,https://www.myntra.com/tshirts/roadster/roadster-men-brown-melange-henley-neck-t-shirt/1996770/buy
19,Typography Cotton T-shirt,"https://assets.myntassets.com/f_webp,dpr_1.0,q_60,w_210,c_limit,fl_progressive/assets/images/2308267/2018/1/29/11517216335231-Roadster-Men-Maroon-Printed-Round-Neck-T-shirt-5591517216335098-1.jpg;
https://assets.myntassets.com/f_webp,dpr_1.8,q_60,w_210,c_limit,fl_progressive/assets/images/2308267/2018/1/29/11517216335231-Roadster-Men-Maroon-Printed-Round-Neck-T-shirt-5591517216335098-1.jpg;
https://assets.myntassets.com/f_webp,dpr_2.0,q_60,w_210,c_limit,fl_progressive/assets/images/2308267/2018/1/29/11517216335231-Roadster-Men-Maroon-Printed-Round-Neck-T-shirt-5591517216335098-1.jpg;
https://assets.myntassets.com/f_webp,dpr_2.2,q_60,w_210,c_limit,fl_progressive/assets/images/2308267/2018/1/29/11517216335231-Roadster-Men-Maroon-Printed-Round-Neck-T-shirt-5591517216335098-1.jpg;
https://assets.myntassets.com/f_webp,dpr_2.4,q_60,w_210,c_limit,fl_progressive/assets/images/2308267/2018/1/29/11517216335231-Roadster-Men-Maroon-Printed-Round-Neck-T-shirt-5591517216335098-1.jpg;
https://assets.myntassets.com/f_webp,dpr_2.6,q_60,w_210,c_limit,fl_progressive/assets/images/2308267/2018/1/29/11517216335231-Roadster-Men-Maroon-Printed-Round-Neck-T-shirt-5591517216335098-1.jpg;
https://assets.myntassets.com/f_webp,dpr_2.8,q_60,w_210,c_limit,fl_progressive/assets/images/2308267/2018/1/29/11517216335231-Roadster-Men-Maroon-Printed-Round-Neck-T-shirt-5591517216335098-1.jpg",299,599,4,29100,50,Roadster,https://www.myntra.com/tshirts/roadster/roadster-men-maroon-typography-printed-cotton-t-shirt/2308267/buy
20,Women Candy Stripes T-shirt,"https://assets.myntassets.com/f_webp,dpr_1.0,q_60,w_210,c_limit,fl_progressive/assets/images/14140704/2021/9/24/a9cf5fed-e30d-4397-8fee-700d540058ed1632481604682-Moda-Rapido-Women-Multicoloured-Candy-Stripes-Drop-Shoulder--1.jpg;
https://assets.myntassets.com/f_webp,dpr_1.8,q_60,w_210,c_limit,fl_progressive/assets/images/14140704/2021/9/24/a9cf5fed-e30d-4397-8fee-700d540058ed1632481604682-Moda-Rapido-Women-Multicoloured-Candy-Stripes-Drop-Shoulder--1.jpg;
https://assets.myntassets.com/f_webp,dpr_2.0,q_60,w_210,c_limit,fl_progressive/assets/images/14140704/2021/9/24/a9cf5fed-e30d-4397-8fee-700d540058ed1632481604682-Moda-Rapido-Women-Multicoloured-Candy-Stripes-Drop-Shoulder--1.jpg;
https://assets.myntassets.com/f_webp,dpr_2.2,q_60,w_210,c_limit,fl_progressive/assets/images/14140704/2021/9/24/a9cf5fed-e30d-4397-8fee-700d540058ed1632481604682-Moda-Rapido-Women-Multicoloured-Candy-Stripes-Drop-Shoulder--1.jpg;
https://assets.myntassets.com/f_webp,dpr_2.4,q_60,w_210,c_limit,fl_progressive/assets/images/14140704/2021/9/24/a9cf5fed-e30d-4397-8fee-700d540058ed1632481604682-Moda-Rapido-Women-Multicoloured-Candy-Stripes-Drop-Shoulder--1.jpg;
https://assets.myntassets.com/f_webp,dpr_2.6,q_60,w_210,c_limit,fl_progressive/assets/images/14140704/2021/9/24/a9cf5fed-e30d-4397-8fee-700d540058ed1632481604682-Moda-Rapido-Women-Multicoloured-Candy-Stripes-Drop-Shoulder--1.jpg;
https://assets.myntassets.com/f_webp,dpr_2.8,q_60,w_210,c_limit,fl_progressive/assets/images/14140704/2021/9/24/a9cf5fed-e30d-4397-8fee-700d540058ed1632481604682-Moda-Rapido-Women-Multicoloured-Candy-Stripes-Drop-Shoulder--1.jpg",494,1099,4.2,1800,55,Moda Rapido,https://www.myntra.com/tshirts/moda-rapido/moda-rapido-women-multicoloured-candy-stripes-drop-shoulder-sleeves-t-shirt/14140704/buy
21,Printed Cotton Pure Cotton T-shirt,"https://assets.myntassets.com/f_webp,dpr_1.0,q_60,w_210,c_limit,fl_progressive/assets/images/2297835/2018/3/14/11521020286596-Roadster-Men-Tshirts-4241521020286395-1.jpg;
https://assets.myntassets.com/f_webp,dpr_1.8,q_60,w_210,c_limit,fl_progressive/assets/images/2297835/2018/3/14/11521020286596-Roadster-Men-Tshirts-4241521020286395-1.jpg;
https://assets.myntassets.com/f_webp,dpr_2.0,q_60,w_210,c_limit,fl_progressive/assets/images/2297835/2018/3/14/11521020286596-Roadster-Men-Tshirts-4241521020286395-1.jpg;
https://assets.myntassets.com/f_webp,dpr_2.2,q_60,w_210,c_limit,fl_progressive/assets/images/2297835/2018/3/14/11521020286596-Roadster-Men-Tshirts-4241521020286395-1.jpg;
https://assets.myntassets.com/f_webp,dpr_2.4,q_60,w_210,c_limit,fl_progressive/assets/images/2297835/2018/3/14/11521020286596-Roadster-Men-Tshirts-4241521020286395-1.jpg;
https://assets.myntassets.com/f_webp,dpr_2.6,q_60,w_210,c_limit,fl_progressive/assets/images/2297835/2018/3/14/11521020286596-Roadster-Men-Tshirts-4241521020286395-1.jpg;
https://assets.myntassets.com/f_webp,dpr_2.8,q_60,w_210,c_limit,fl_progressive/assets/images/2297835/2018/3/14/11521020286596-Roadster-Men-Tshirts-4241521020286395-1.jpg",399,799,4.2,12500,50,Roadster,https://www.myntra.com/tshirts/roadster/roadster-men-navy-printed-cotton-pure-cotton-t-shirt/2297835/buy
22,Cotton Oversized T-Shirt,"https://assets.myntassets.com/f_webp,dpr_1.0,q_60,w_210,c_limit,fl_progressive/assets/images/17132720/2022/6/20/7748f30c-e08f-4359-8524-9d8f7d3135281655722336851-DILLINGER-Women-Blue-Printed-Pure-Cotton-Loose-Graphic-Overs-1.jpg;
https://assets.myntassets.com/f_webp,dpr_1.8,q_60,w_210,c_limit,fl_progressive/assets/images/17132720/2022/6/20/7748f30c-e08f-4359-8524-9d8f7d3135281655722336851-DILLINGER-Women-Blue-Printed-Pure-Cotton-Loose-Graphic-Overs-1.jpg;
https://assets.myntassets.com/f_webp,dpr_2.0,q_60,w_210,c_limit,fl_progressive/assets/images/17132720/2022/6/20/7748f30c-e08f-4359-8524-9d8f7d3135281655722336851-DILLINGER-Women-Blue-Printed-Pure-Cotton-Loose-Graphic-Overs-1.jpg;
https://assets.myntassets.com/f_webp,dpr_2.2,q_60,w_210,c_limit,fl_progressive/assets/images/17132720/2022/6/20/7748f30c-e08f-4359-8524-9d8f7d3135281655722336851-DILLINGER-Women-Blue-Printed-Pure-Cotton-Loose-Graphic-Overs-1.jpg;
https://assets.myntassets.com/f_webp,dpr_2.4,q_60,w_210,c_limit,fl_progressive/assets/images/17132720/2022/6/20/7748f30c-e08f-4359-8524-9d8f7d3135281655722336851-DILLINGER-Women-Blue-Printed-Pure-Cotton-Loose-Graphic-Overs-1.jpg;
https://assets.myntassets.com/f_webp,dpr_2.6,q_60,w_210,c_limit,fl_progressive/assets/images/17132720/2022/6/20/7748f30c-e08f-4359-8524-9d8f7d3135281655722336851-DILLINGER-Women-Blue-Printed-Pure-Cotton-Loose-Graphic-Overs-1.jpg;
https://assets.myntassets.com/f_webp,dpr_2.8,q_60,w_210,c_limit,fl_progressive/assets/images/17132720/2022/6/20/7748f30c-e08f-4359-8524-9d8f7d3135281655722336851-DILLINGER-Women-Blue-Printed-Pure-Cotton-Loose-Graphic-Overs-1.jpg",545,1299,4.6,1300,58,DILLINGER,https://www.myntra.com/tshirts/dillinger/dillinger-women-blue-printed-pure-cotton-loose-graphic-oversized-t-shirt/17132720/buy
23,Solid Round Neck T-shirt,"https://assets.myntassets.com/f_webp,dpr_1.0,q_60,w_210,c_limit,fl_progressive/assets/images/2475892/2018/4/3/11522732991435-Roadster-Men-Black-Solid-Round-Neck-T-shirt-1531522732991218-1.jpg;
https://assets.myntassets.com/f_webp,dpr_1.8,q_60,w_210,c_limit,fl_progressive/assets/images/2475892/2018/4/3/11522732991435-Roadster-Men-Black-Solid-Round-Neck-T-shirt-1531522732991218-1.jpg;
https://assets.myntassets.com/f_webp,dpr_2.0,q_60,w_210,c_limit,fl_progressive/assets/images/2475892/2018/4/3/11522732991435-Roadster-Men-Black-Solid-Round-Neck-T-shirt-1531522732991218-1.jpg;
https://assets.myntassets.com/f_webp,dpr_2.2,q_60,w_210,c_limit,fl_progressive/assets/images/2475892/2018/4/3/11522732991435-Roadster-Men-Black-Solid-Round-Neck-T-shirt-1531522732991218-1.jpg;
https://assets.myntassets.com/f_webp,dpr_2.4,q_60,w_210,c_limit,fl_progressive/assets/images/2475892/2018/4/3/11522732991435-Roadster-Men-Black-Solid-Round-Neck-T-shirt-1531522732991218-1.jpg;
https://assets.myntassets.com/f_webp,dpr_2.6,q_60,w_210,c_limit,fl_progressive/assets/images/2475892/2018/4/3/11522732991435-Roadster-Men-Black-Solid-Round-Neck-T-shirt-1531522732991218-1.jpg;
https://assets.myntassets.com/f_webp,dpr_2.8,q_60,w_210,c_limit,fl_progressive/assets/images/2475892/2018/4/3/11522732991435-Roadster-Men-Black-Solid-Round-Neck-T-shirt-1531522732991218-1.jpg",359,799,4.1,6400,55,Roadster,https://www.myntra.com/tshirts/roadster/roadster-men-black-solid-round-neck-t-shirt/2475892/buy
24,Printed Cotton Pure Cotton T-shirt,"https://assets.myntassets.com/f_webp,dpr_1.0,q_60,w_210,c_limit,fl_progressive/assets/images/1700944/2019/6/8/488007ef-c65e-4a2f-a92b-65b6846894861559989274078-HRX-by-Hrithik-Roshan-Men-Yellow-Printed-Round-Neck-T-Shirt--1.jpg;
https://assets.myntassets.com/f_webp,dpr_1.8,q_60,w_210,c_limit,fl_progressive/assets/images/1700944/2019/6/8/488007ef-c65e-4a2f-a92b-65b6846894861559989274078-HRX-by-Hrithik-Roshan-Men-Yellow-Printed-Round-Neck-T-Shirt--1.jpg;
https://assets.myntassets.com/f_webp,dpr_2.0,q_60,w_210,c_limit,fl_progressive/assets/images/1700944/2019/6/8/488007ef-c65e-4a2f-a92b-65b6846894861559989274078-HRX-by-Hrithik-Roshan-Men-Yellow-Printed-Round-Neck-T-Shirt--1.jpg;
https://assets.myntassets.com/f_webp,dpr_2.2,q_60,w_210,c_limit,fl_progressive/assets/images/1700944/2019/6/8/488007ef-c65e-4a2f-a92b-65b6846894861559989274078-HRX-by-Hrithik-Roshan-Men-Yellow-Printed-Round-Neck-T-Shirt--1.jpg;
https://assets.myntassets.com/f_webp,dpr_2.4,q_60,w_210,c_limit,fl_progressive/assets/images/1700944/2019/6/8/488007ef-c65e-4a2f-a92b-65b6846894861559989274078-HRX-by-Hrithik-Roshan-Men-Yellow-Printed-Round-Neck-T-Shirt--1.jpg;
https://assets.myntassets.com/f_webp,dpr_2.6,q_60,w_210,c_limit,fl_progressive/assets/images/1700944/2019/6/8/488007ef-c65e-4a2f-a92b-65b6846894861559989274078-HRX-by-Hrithik-Roshan-Men-Yellow-Printed-Round-Neck-T-Shirt--1.jpg;
https://assets.myntassets.com/f_webp,dpr_2.8,q_60,w_210,c_limit,fl_progressive/assets/images/1700944/2019/6/8/488007ef-c65e-4a2f-a92b-65b6846894861559989274078-HRX-by-Hrithik-Roshan-Men-Yellow-Printed-Round-Neck-T-Shirt--1.jpg",384,699,4.2,66900,45,HRX by Hrithik Roshan,https://www.myntra.com/tshirts/hrx-by-hrithik-roshan/hrx-by-hrithik-roshan-men-yellow-printed-cotton-pure-cotton-t-shirt/1700944/buy
25,Slim Tropical Printed Pure Cotton T-shirt,"https://assets.myntassets.com/f_webp,dpr_1.0,q_60,w_210,c_limit,fl_progressive/assets/images/12377258/2020/9/11/ce1b7bcb-a65a-4eb0-a317-42ac02718f1e1599798741705UrbanoFashionPrintedMenRoundNeckDarkGreenT-Shirt1.jpg;
https://assets.myntassets.com/f_webp,dpr_1.8,q_60,w_210,c_limit,fl_progressive/assets/images/12377258/2020/9/11/ce1b7bcb-a65a-4eb0-a317-42ac02718f1e1599798741705UrbanoFashionPrintedMenRoundNeckDarkGreenT-Shirt1.jpg;
https://assets.myntassets.com/f_webp,dpr_2.0,q_60,w_210,c_limit,fl_progressive/assets/images/12377258/2020/9/11/ce1b7bcb-a65a-4eb0-a317-42ac02718f1e1599798741705UrbanoFashionPrintedMenRoundNeckDarkGreenT-Shirt1.jpg;
https://assets.myntassets.com/f_webp,dpr_2.2,q_60,w_210,c_limit,fl_progressive/assets/images/12377258/2020/9/11/ce1b7bcb-a65a-4eb0-a317-42ac02718f1e1599798741705UrbanoFashionPrintedMenRoundNeckDarkGreenT-Shirt1.jpg;
https://assets.myntassets.com/f_webp,dpr_2.4,q_60,w_210,c_limit,fl_progressive/assets/images/12377258/2020/9/11/ce1b7bcb-a65a-4eb0-a317-42ac02718f1e1599798741705UrbanoFashionPrintedMenRoundNeckDarkGreenT-Shirt1.jpg;
https://assets.myntassets.com/f_webp,dpr_2.6,q_60,w_210,c_limit,fl_progressive/assets/images/12377258/2020/9/11/ce1b7bcb-a65a-4eb0-a317-42ac02718f1e1599798741705UrbanoFashionPrintedMenRoundNeckDarkGreenT-Shirt1.jpg;
https://assets.myntassets.com/f_webp,dpr_2.8,q_60,w_210,c_limit,fl_progressive/assets/images/12377258/2020/9/11/ce1b7bcb-a65a-4eb0-a317-42ac02718f1e1599798741705UrbanoFashionPrintedMenRoundNeckDarkGreenT-Shirt1.jpg",461,1099,4.1,11900,58,Urbano Fashion,https://www.myntra.com/tshirts/urbano-fashion/urbano-fashion-men-teal-green-slim-fit-tropical-printed-pure-cotton-t-shirt/12377258/buy
26,Men Polo Collar Slim Fit T-shirt,"https://assets.myntassets.com/f_webp,dpr_1.0,q_60,w_210,c_limit,fl_progressive/assets/images/19446216/2022/9/28/8e26fdd4-6af7-48b6-a037-bec1ceb6c6251664359967155TshirtsUSPoloAssnMenTshirtsUSPoloAssnMenShirtsUSPoloAssnMenS1.jpg;
https://assets.myntassets.com/f_webp,dpr_1.8,q_60,w_210,c_limit,fl_progressive/assets/images/19446216/2022/9/28/8e26fdd4-6af7-48b6-a037-bec1ceb6c6251664359967155TshirtsUSPoloAssnMenTshirtsUSPoloAssnMenShirtsUSPoloAssnMenS1.jpg;
https://assets.myntassets.com/f_webp,dpr_2.0,q_60,w_210,c_limit,fl_progressive/assets/images/19446216/2022/9/28/8e26fdd4-6af7-48b6-a037-bec1ceb6c6251664359967155TshirtsUSPoloAssnMenTshirtsUSPoloAssnMenShirtsUSPoloAssnMenS1.jpg;
https://assets.myntassets.com/f_webp,dpr_2.2,q_60,w_210,c_limit,fl_progressive/assets/images/19446216/2022/9/28/8e26fdd4-6af7-48b6-a037-bec1ceb6c6251664359967155TshirtsUSPoloAssnMenTshirtsUSPoloAssnMenShirtsUSPoloAssnMenS1.jpg;
https://assets.myntassets.com/f_webp,dpr_2.4,q_60,w_210,c_limit,fl_progressive/assets/images/19446216/2022/9/28/8e26fdd4-6af7-48b6-a037-bec1ceb6c6251664359967155TshirtsUSPoloAssnMenTshirtsUSPoloAssnMenShirtsUSPoloAssnMenS1.jpg;
https://assets.myntassets.com/f_webp,dpr_2.6,q_60,w_210,c_limit,fl_progressive/assets/images/19446216/2022/9/28/8e26fdd4-6af7-48b6-a037-bec1ceb6c6251664359967155TshirtsUSPoloAssnMenTshirtsUSPoloAssnMenShirtsUSPoloAssnMenS1.jpg;
https://assets.myntassets.com/f_webp,dpr_2.8,q_60,w_210,c_limit,fl_progressive/assets/images/19446216/2022/9/28/8e26fdd4-6af7-48b6-a037-bec1ceb6c6251664359967155TshirtsUSPoloAssnMenTshirtsUSPoloAssnMenShirtsUSPoloAssnMenS1.jpg",1699,1699,4.5,295,0,U.S. Polo Assn.,https://www.myntra.com/tshirts/us-polo-assn/u-s-polo-assn-men-solid-polo-collar-pure-cotton-slim-fit-t-shirt/19446216/buy
27,Colourblocked Pure Cotton,"https://assets.myntassets.com/f_webp,dpr_1.0,q_60,w_210,c_limit,fl_progressive/assets/images/13622286/2021/2/18/f58cb66f-5e6e-48a5-8395-c695410628811613644559259-Roadster-Men-Green-Colourblocked-Round-Neck-T-shirt-18316136-1.jpg;
https://assets.myntassets.com/f_webp,dpr_1.8,q_60,w_210,c_limit,fl_progressive/assets/images/13622286/2021/2/18/f58cb66f-5e6e-48a5-8395-c695410628811613644559259-Roadster-Men-Green-Colourblocked-Round-Neck-T-shirt-18316136-1.jpg;
https://assets.myntassets.com/f_webp,dpr_2.0,q_60,w_210,c_limit,fl_progressive/assets/images/13622286/2021/2/18/f58cb66f-5e6e-48a5-8395-c695410628811613644559259-Roadster-Men-Green-Colourblocked-Round-Neck-T-shirt-18316136-1.jpg;
https://assets.myntassets.com/f_webp,dpr_2.2,q_60,w_210,c_limit,fl_progressive/assets/images/13622286/2021/2/18/f58cb66f-5e6e-48a5-8395-c695410628811613644559259-Roadster-Men-Green-Colourblocked-Round-Neck-T-shirt-18316136-1.jpg;
https://assets.myntassets.com/f_webp,dpr_2.4,q_60,w_210,c_limit,fl_progressive/assets/images/13622286/2021/2/18/f58cb66f-5e6e-48a5-8395-c695410628811613644559259-Roadster-Men-Green-Colourblocked-Round-Neck-T-shirt-18316136-1.jpg;
https://assets.myntassets.com/f_webp,dpr_2.6,q_60,w_210,c_limit,fl_progressive/assets/images/13622286/2021/2/18/f58cb66f-5e6e-48a5-8395-c695410628811613644559259-Roadster-Men-Green-Colourblocked-Round-Neck-T-shirt-18316136-1.jpg;
https://assets.myntassets.com/f_webp,dpr_2.8,q_60,w_210,c_limit,fl_progressive/assets/images/13622286/2021/2/18/f58cb66f-5e6e-48a5-8395-c695410628811613644559259-Roadster-Men-Green-Colourblocked-Round-Neck-T-shirt-18316136-1.jpg",349,699,4.3,1700,50,Roadster,https://www.myntra.com/tshirts/roadster/roadster-men-green--white-colourblocked-round-neck-pure-cotton-t-shirt/13622286/buy
28,Men Printed Football T-shirt,"https://assets.myntassets.com/f_webp,dpr_1.0,q_60,w_210,c_limit,fl_progressive/assets/images/18982090/2022/7/19/e618a91f-c4a3-48ea-9ea0-0d105025b5de1658232227623-Manchester-City-FC--Home-Jersey-Replica-2891658232227240-1.jpg;
https://assets.myntassets.com/f_webp,dpr_1.8,q_60,w_210,c_limit,fl_progressive/assets/images/18982090/2022/7/19/e618a91f-c4a3-48ea-9ea0-0d105025b5de1658232227623-Manchester-City-FC--Home-Jersey-Replica-2891658232227240-1.jpg;
https://assets.myntassets.com/f_webp,dpr_2.0,q_60,w_210,c_limit,fl_progressive/assets/images/18982090/2022/7/19/e618a91f-c4a3-48ea-9ea0-0d105025b5de1658232227623-Manchester-City-FC--Home-Jersey-Replica-2891658232227240-1.jpg;
https://assets.myntassets.com/f_webp,dpr_2.2,q_60,w_210,c_limit,fl_progressive/assets/images/18982090/2022/7/19/e618a91f-c4a3-48ea-9ea0-0d105025b5de1658232227623-Manchester-City-FC--Home-Jersey-Replica-2891658232227240-1.jpg;
https://assets.myntassets.com/f_webp,dpr_2.4,q_60,w_210,c_limit,fl_progressive/assets/images/18982090/2022/7/19/e618a91f-c4a3-48ea-9ea0-0d105025b5de1658232227623-Manchester-City-FC--Home-Jersey-Replica-2891658232227240-1.jpg;
https://assets.myntassets.com/f_webp,dpr_2.6,q_60,w_210,c_limit,fl_progressive/assets/images/18982090/2022/7/19/e618a91f-c4a3-48ea-9ea0-0d105025b5de1658232227623-Manchester-City-FC--Home-Jersey-Replica-2891658232227240-1.jpg;
https://assets.myntassets.com/f_webp,dpr_2.8,q_60,w_210,c_limit,fl_progressive/assets/images/18982090/2022/7/19/e618a91f-c4a3-48ea-9ea0-0d105025b5de1658232227623-Manchester-City-FC--Home-Jersey-Replica-2891658232227240-1.jpg",3849,5499,4.8,42,30,Puma,https://www.myntra.com/tshirts/puma/puma-men-blue-printed-manchester-city-football-t-shirt/18982090/buy
29,Colourblocked Raw Edge T-shirt,"https://assets.myntassets.com/f_webp,dpr_1.0,q_60,w_210,c_limit,fl_progressive/assets/images/2215210/2018/1/22/11516616541193-Roadster-Men-Beige-Colourblocked-Round-Neck-T-shirt-8181516616541016-1.jpg;
https://assets.myntassets.com/f_webp,dpr_1.8,q_60,w_210,c_limit,fl_progressive/assets/images/2215210/2018/1/22/11516616541193-Roadster-Men-Beige-Colourblocked-Round-Neck-T-shirt-8181516616541016-1.jpg;
https://assets.myntassets.com/f_webp,dpr_2.0,q_60,w_210,c_limit,fl_progressive/assets/images/2215210/2018/1/22/11516616541193-Roadster-Men-Beige-Colourblocked-Round-Neck-T-shirt-8181516616541016-1.jpg;
https://assets.myntassets.com/f_webp,dpr_2.2,q_60,w_210,c_limit,fl_progressive/assets/images/2215210/2018/1/22/11516616541193-Roadster-Men-Beige-Colourblocked-Round-Neck-T-shirt-8181516616541016-1.jpg;
https://assets.myntassets.com/f_webp,dpr_2.4,q_60,w_210,c_limit,fl_progressive/assets/images/2215210/2018/1/22/11516616541193-Roadster-Men-Beige-Colourblocked-Round-Neck-T-shirt-8181516616541016-1.jpg;
https://assets.myntassets.com/f_webp,dpr_2.6,q_60,w_210,c_limit,fl_progressive/assets/images/2215210/2018/1/22/11516616541193-Roadster-Men-Beige-Colourblocked-Round-Neck-T-shirt-8181516616541016-1.jpg;
https://assets.myntassets.com/f_webp,dpr_2.8,q_60,w_210,c_limit,fl_progressive/assets/images/2215210/2018/1/22/11516616541193-Roadster-Men-Beige-Colourblocked-Round-Neck-T-shirt-8181516616541016-1.jpg",359,799,4,5300,55,Roadster,https://www.myntra.com/tshirts/roadster/roadster-men-beige-colourblocked-raw-edge-t-shirt/2215210/buy
30,Polo Collar Cotton Pure Cotton T-shirt,"https://assets.myntassets.com/f_webp,dpr_1.0,q_60,w_210,c_limit,fl_progressive/assets/images/7546900/2019/1/24/c9be0d6e-30a4-4242-b4e0-1c166b73f2781548320874402-HERENOW-Men-Polo-Collar-T-shirt-4861548320873235-1.jpg;
https://assets.myntassets.com/f_webp,dpr_1.8,q_60,w_210,c_limit,fl_progressive/assets/images/7546900/2019/1/24/c9be0d6e-30a4-4242-b4e0-1c166b73f2781548320874402-HERENOW-Men-Polo-Collar-T-shirt-4861548320873235-1.jpg;
https://assets.myntassets.com/f_webp,dpr_2.0,q_60,w_210,c_limit,fl_progressive/assets/images/7546900/2019/1/24/c9be0d6e-30a4-4242-b4e0-1c166b73f2781548320874402-HERENOW-Men-Polo-Collar-T-shirt-4861548320873235-1.jpg;
https://assets.myntassets.com/f_webp,dpr_2.2,q_60,w_210,c_limit,fl_progressive/assets/images/7546900/2019/1/24/c9be0d6e-30a4-4242-b4e0-1c166b73f2781548320874402-HERENOW-Men-Polo-Collar-T-shirt-4861548320873235-1.jpg;
https://assets.myntassets.com/f_webp,dpr_2.4,q_60,w_210,c_limit,fl_progressive/assets/images/7546900/2019/1/24/c9be0d6e-30a4-4242-b4e0-1c166b73f2781548320874402-HERENOW-Men-Polo-Collar-T-shirt-4861548320873235-1.jpg;
https://assets.myntassets.com/f_webp,dpr_2.6,q_60,w_210,c_limit,fl_progressive/assets/images/7546900/2019/1/24/c9be0d6e-30a4-4242-b4e0-1c166b73f2781548320874402-HERENOW-Men-Polo-Collar-T-shirt-4861548320873235-1.jpg;
https://assets.myntassets.com/f_webp,dpr_2.8,q_60,w_210,c_limit,fl_progressive/assets/images/7546900/2019/1/24/c9be0d6e-30a4-4242-b4e0-1c166b73f2781548320874402-HERENOW-Men-Polo-Collar-T-shirt-4861548320873235-1.jpg",454,1299,4.1,9800,65,HERE&NOW,https://www.myntra.com/tshirts/herenow/herenow-men-navy-polo-collar-cotton-pure-cotton-t-shirt/7546900/buy
31,Women Typography Printed Loose T-shirt,"https://assets.myntassets.com/f_webp,dpr_1.0,q_60,w_210,c_limit,fl_progressive/assets/images/18771364/2022/7/21/3dd4dcc8-3ae4-4f67-a00e-235810d3508e1658395210493-DILLINGER-Women-Tshirts-6481658395209874-1.jpg;
https://assets.myntassets.com/f_webp,dpr_1.8,q_60,w_210,c_limit,fl_progressive/assets/images/18771364/2022/7/21/3dd4dcc8-3ae4-4f67-a00e-235810d3508e1658395210493-DILLINGER-Women-Tshirts-6481658395209874-1.jpg;
https://assets.myntassets.com/f_webp,dpr_2.0,q_60,w_210,c_limit,fl_progressive/assets/images/18771364/2022/7/21/3dd4dcc8-3ae4-4f67-a00e-235810d3508e1658395210493-DILLINGER-Women-Tshirts-6481658395209874-1.jpg;
https://assets.myntassets.com/f_webp,dpr_2.2,q_60,w_210,c_limit,fl_progressive/assets/images/18771364/2022/7/21/3dd4dcc8-3ae4-4f67-a00e-235810d3508e1658395210493-DILLINGER-Women-Tshirts-6481658395209874-1.jpg;
https://assets.myntassets.com/f_webp,dpr_2.4,q_60,w_210,c_limit,fl_progressive/assets/images/18771364/2022/7/21/3dd4dcc8-3ae4-4f67-a00e-235810d3508e1658395210493-DILLINGER-Women-Tshirts-6481658395209874-1.jpg;
https://assets.myntassets.com/f_webp,dpr_2.6,q_60,w_210,c_limit,fl_progressive/assets/images/18771364/2022/7/21/3dd4dcc8-3ae4-4f67-a00e-235810d3508e1658395210493-DILLINGER-Women-Tshirts-6481658395209874-1.jpg;
https://assets.myntassets.com/f_webp,dpr_2.8,q_60,w_210,c_limit,fl_progressive/assets/images/18771364/2022/7/21/3dd4dcc8-3ae4-4f67-a00e-235810d3508e1658395210493-DILLINGER-Women-Tshirts-6481658395209874-1.jpg",524,1499,4.4,485,65,DILLINGER,https://www.myntra.com/tshirts/dillinger/dillinger-women-red--white-typography-printed-pure-cotton-loose-oversized-t-shirt/18771364/buy
32,Curl Edge Cotton T-shirt,"https://assets.myntassets.com/f_webp,dpr_1.0,q_60,w_210,c_limit,fl_progressive/assets/images/3314141/2018/5/19/e55c2244-8515-44d5-93da-d719f3f8d4551526706357637-Roadster-Men-Tshirts-6461526706356615-1.jpg;
https://assets.myntassets.com/f_webp,dpr_1.8,q_60,w_210,c_limit,fl_progressive/assets/images/3314141/2018/5/19/e55c2244-8515-44d5-93da-d719f3f8d4551526706357637-Roadster-Men-Tshirts-6461526706356615-1.jpg;
https://assets.myntassets.com/f_webp,dpr_2.0,q_60,w_210,c_limit,fl_progressive/assets/images/3314141/2018/5/19/e55c2244-8515-44d5-93da-d719f3f8d4551526706357637-Roadster-Men-Tshirts-6461526706356615-1.jpg;
https://assets.myntassets.com/f_webp,dpr_2.2,q_60,w_210,c_limit,fl_progressive/assets/images/3314141/2018/5/19/e55c2244-8515-44d5-93da-d719f3f8d4551526706357637-Roadster-Men-Tshirts-6461526706356615-1.jpg;
https://assets.myntassets.com/f_webp,dpr_2.4,q_60,w_210,c_limit,fl_progressive/assets/images/3314141/2018/5/19/e55c2244-8515-44d5-93da-d719f3f8d4551526706357637-Roadster-Men-Tshirts-6461526706356615-1.jpg;
https://assets.myntassets.com/f_webp,dpr_2.6,q_60,w_210,c_limit,fl_progressive/assets/images/3314141/2018/5/19/e55c2244-8515-44d5-93da-d719f3f8d4551526706357637-Roadster-Men-Tshirts-6461526706356615-1.jpg;
https://assets.myntassets.com/f_webp,dpr_2.8,q_60,w_210,c_limit,fl_progressive/assets/images/3314141/2018/5/19/e55c2244-8515-44d5-93da-d719f3f8d4551526706357637-Roadster-Men-Tshirts-6461526706356615-1.jpg",199,399,4,1500,50,Roadster,https://www.myntra.com/tshirts/roadster/roadster-men-maroon-curl-edge-cotton-t-shirt/3314141/buy
33,Men Colourblocked Polo Collar T-shirt,"https://assets.myntassets.com/f_webp,dpr_1.0,q_60,w_210,c_limit,fl_progressive/assets/images/22547618/2023/4/4/1efd237a-b32d-4aad-8953-00ee8afbdf101680608437126-Roadster-Men-Tshirts-6241680608436697-1.jpg;
https://assets.myntassets.com/f_webp,dpr_1.8,q_60,w_210,c_limit,fl_progressive/assets/images/22547618/2023/4/4/1efd237a-b32d-4aad-8953-00ee8afbdf101680608437126-Roadster-Men-Tshirts-6241680608436697-1.jpg;
https://assets.myntassets.com/f_webp,dpr_2.0,q_60,w_210,c_limit,fl_progressive/assets/images/22547618/2023/4/4/1efd237a-b32d-4aad-8953-00ee8afbdf101680608437126-Roadster-Men-Tshirts-6241680608436697-1.jpg;
https://assets.myntassets.com/f_webp,dpr_2.2,q_60,w_210,c_limit,fl_progressive/assets/images/22547618/2023/4/4/1efd237a-b32d-4aad-8953-00ee8afbdf101680608437126-Roadster-Men-Tshirts-6241680608436697-1.jpg;
https://assets.myntassets.com/f_webp,dpr_2.4,q_60,w_210,c_limit,fl_progressive/assets/images/22547618/2023/4/4/1efd237a-b32d-4aad-8953-00ee8afbdf101680608437126-Roadster-Men-Tshirts-6241680608436697-1.jpg;
https://assets.myntassets.com/f_webp,dpr_2.6,q_60,w_210,c_limit,fl_progressive/assets/images/22547618/2023/4/4/1efd237a-b32d-4aad-8953-00ee8afbdf101680608437126-Roadster-Men-Tshirts-6241680608436697-1.jpg;
https://assets.myntassets.com/f_webp,dpr_2.8,q_60,w_210,c_limit,fl_progressive/assets/images/22547618/2023/4/4/1efd237a-b32d-4aad-8953-00ee8afbdf101680608437126-Roadster-Men-Tshirts-6241680608436697-1.jpg",449,899,3.9,95,50,Roadster,https://www.myntra.com/tshirts/roadster/roadster-men-colourblocked-polo-collar-t-shirt/22547618/buy
34,Men Solid Pure Cotton T-shirt,"https://assets.myntassets.com/f_webp,dpr_1.0,q_60,w_210,c_limit,fl_progressive/assets/images/10984594/2020/4/6/7e7570b8-9ff1-448a-b8e1-f5fbadf232d51586163159057-Nautica-Men-Tshirts-2011586163156988-1.jpg;
https://assets.myntassets.com/f_webp,dpr_1.8,q_60,w_210,c_limit,fl_progressive/assets/images/10984594/2020/4/6/7e7570b8-9ff1-448a-b8e1-f5fbadf232d51586163159057-Nautica-Men-Tshirts-2011586163156988-1.jpg;
https://assets.myntassets.com/f_webp,dpr_2.0,q_60,w_210,c_limit,fl_progressive/assets/images/10984594/2020/4/6/7e7570b8-9ff1-448a-b8e1-f5fbadf232d51586163159057-Nautica-Men-Tshirts-2011586163156988-1.jpg;
https://assets.myntassets.com/f_webp,dpr_2.2,q_60,w_210,c_limit,fl_progressive/assets/images/10984594/2020/4/6/7e7570b8-9ff1-448a-b8e1-f5fbadf232d51586163159057-Nautica-Men-Tshirts-2011586163156988-1.jpg;
https://assets.myntassets.com/f_webp,dpr_2.4,q_60,w_210,c_limit,fl_progressive/assets/images/10984594/2020/4/6/7e7570b8-9ff1-448a-b8e1-f5fbadf232d51586163159057-Nautica-Men-Tshirts-2011586163156988-1.jpg;
https://assets.myntassets.com/f_webp,dpr_2.6,q_60,w_210,c_limit,fl_progressive/assets/images/10984594/2020/4/6/7e7570b8-9ff1-448a-b8e1-f5fbadf232d51586163159057-Nautica-Men-Tshirts-2011586163156988-1.jpg;
https://assets.myntassets.com/f_webp,dpr_2.8,q_60,w_210,c_limit,fl_progressive/assets/images/10984594/2020/4/6/7e7570b8-9ff1-448a-b8e1-f5fbadf232d51586163159057-Nautica-Men-Tshirts-2011586163156988-1.jpg",1299,2599,4,622,50,Nautica,https://www.myntra.com/tshirts/nautica/nautica-men-burgundy-solid-polo-collar-pure-cotton-t-shirt/10984594/buy
35,Drop Shoulder Longline T-shirt,"https://assets.myntassets.com/f_webp,dpr_1.0,q_60,w_210,c_limit,fl_progressive/assets/images/1824339/2022/4/18/ff4c8434-9e4f-4d11-9f1e-448cebdb5c6b1650284989788RoadsterMenBlackDrop-ShoulderLonglineT-shirt1.jpg;
https://assets.myntassets.com/f_webp,dpr_1.8,q_60,w_210,c_limit,fl_progressive/assets/images/1824339/2022/4/18/ff4c8434-9e4f-4d11-9f1e-448cebdb5c6b1650284989788RoadsterMenBlackDrop-ShoulderLonglineT-shirt1.jpg;
https://assets.myntassets.com/f_webp,dpr_2.0,q_60,w_210,c_limit,fl_progressive/assets/images/1824339/2022/4/18/ff4c8434-9e4f-4d11-9f1e-448cebdb5c6b1650284989788RoadsterMenBlackDrop-ShoulderLonglineT-shirt1.jpg;
https://assets.myntassets.com/f_webp,dpr_2.2,q_60,w_210,c_limit,fl_progressive/assets/images/1824339/2022/4/18/ff4c8434-9e4f-4d11-9f1e-448cebdb5c6b1650284989788RoadsterMenBlackDrop-ShoulderLonglineT-shirt1.jpg;
https://assets.myntassets.com/f_webp,dpr_2.4,q_60,w_210,c_limit,fl_progressive/assets/images/1824339/2022/4/18/ff4c8434-9e4f-4d11-9f1e-448cebdb5c6b1650284989788RoadsterMenBlackDrop-ShoulderLonglineT-shirt1.jpg;
https://assets.myntassets.com/f_webp,dpr_2.6,q_60,w_210,c_limit,fl_progressive/assets/images/1824339/2022/4/18/ff4c8434-9e4f-4d11-9f1e-448cebdb5c6b1650284989788RoadsterMenBlackDrop-ShoulderLonglineT-shirt1.jpg;
https://assets.myntassets.com/f_webp,dpr_2.8,q_60,w_210,c_limit,fl_progressive/assets/images/1824339/2022/4/18/ff4c8434-9e4f-4d11-9f1e-448cebdb5c6b1650284989788RoadsterMenBlackDrop-ShoulderLonglineT-shirt1.jpg",319,799,4.1,9600,60,Roadster,https://www.myntra.com/tshirts/roadster/roadster-men-black-drop-shoulder-longline-t-shirt/1824339/buy
36,Printed Round Neck T-Shirt,"https://assets.myntassets.com/f_webp,dpr_1.0,q_60,w_210,c_limit,fl_progressive/assets/images/22462330/2023/3/22/27a1d087-dc81-46a0-9b86-505f6491b5931679431326265RoyalChallengersBangalore2023MensReplicaJersey1.jpg;
https://assets.myntassets.com/f_webp,dpr_1.8,q_60,w_210,c_limit,fl_progressive/assets/images/22462330/2023/3/22/27a1d087-dc81-46a0-9b86-505f6491b5931679431326265RoyalChallengersBangalore2023MensReplicaJersey1.jpg;
https://assets.myntassets.com/f_webp,dpr_2.0,q_60,w_210,c_limit,fl_progressive/assets/images/22462330/2023/3/22/27a1d087-dc81-46a0-9b86-505f6491b5931679431326265RoyalChallengersBangalore2023MensReplicaJersey1.jpg;
https://assets.myntassets.com/f_webp,dpr_2.2,q_60,w_210,c_limit,fl_progressive/assets/images/22462330/2023/3/22/27a1d087-dc81-46a0-9b86-505f6491b5931679431326265RoyalChallengersBangalore2023MensReplicaJersey1.jpg;
https://assets.myntassets.com/f_webp,dpr_2.4,q_60,w_210,c_limit,fl_progressive/assets/images/22462330/2023/3/22/27a1d087-dc81-46a0-9b86-505f6491b5931679431326265RoyalChallengersBangalore2023MensReplicaJersey1.jpg;
https://assets.myntassets.com/f_webp,dpr_2.6,q_60,w_210,c_limit,fl_progressive/assets/images/22462330/2023/3/22/27a1d087-dc81-46a0-9b86-505f6491b5931679431326265RoyalChallengersBangalore2023MensReplicaJersey1.jpg;
https://assets.myntassets.com/f_webp,dpr_2.8,q_60,w_210,c_limit,fl_progressive/assets/images/22462330/2023/3/22/27a1d087-dc81-46a0-9b86-505f6491b5931679431326265RoyalChallengersBangalore2023MensReplicaJersey1.jpg",1799,1999,4.5,67,10,Puma,https://www.myntra.com/tshirts/puma/puma-royal-challengers-bangalore-typography-printed-round-neck-t-shirt/22462330/buy
37,Women White Wide T-shirt,"https://assets.myntassets.com/f_webp,dpr_1.0,q_60,w_210,c_limit,fl_progressive/assets/images/17186110/2022/2/17/232b7f76-6647-411a-a28e-2811bfbdb28a1645108715599WideT-shirt1.jpg;
https://assets.myntassets.com/f_webp,dpr_1.8,q_60,w_210,c_limit,fl_progressive/assets/images/17186110/2022/2/17/232b7f76-6647-411a-a28e-2811bfbdb28a1645108715599WideT-shirt1.jpg;
https://assets.myntassets.com/f_webp,dpr_2.0,q_60,w_210,c_limit,fl_progressive/assets/images/17186110/2022/2/17/232b7f76-6647-411a-a28e-2811bfbdb28a1645108715599WideT-shirt1.jpg;
https://assets.myntassets.com/f_webp,dpr_2.2,q_60,w_210,c_limit,fl_progressive/assets/images/17186110/2022/2/17/232b7f76-6647-411a-a28e-2811bfbdb28a1645108715599WideT-shirt1.jpg;
https://assets.myntassets.com/f_webp,dpr_2.4,q_60,w_210,c_limit,fl_progressive/assets/images/17186110/2022/2/17/232b7f76-6647-411a-a28e-2811bfbdb28a1645108715599WideT-shirt1.jpg;
https://assets.myntassets.com/f_webp,dpr_2.6,q_60,w_210,c_limit,fl_progressive/assets/images/17186110/2022/2/17/232b7f76-6647-411a-a28e-2811bfbdb28a1645108715599WideT-shirt1.jpg;
https://assets.myntassets.com/f_webp,dpr_2.8,q_60,w_210,c_limit,fl_progressive/assets/images/17186110/2022/2/17/232b7f76-6647-411a-a28e-2811bfbdb28a1645108715599WideT-shirt1.jpg",699,699,4.2,780,0,H&M,https://www.myntra.com/tshirts/hm/hm-women-white-wide-t-shirt/17186110/buy
38,Rapid Dry Raglan Polo T-shirt,"https://assets.myntassets.com/f_webp,dpr_1.0,q_60,w_210,c_limit,fl_progressive/assets/images/2314374/2018/5/2/11525240942451-HRX-by-Hrithik-Roshan-Men-Black-Self-Design-Polo-Collar-T-shirt-1561525240942331-1.jpg;
https://assets.myntassets.com/f_webp,dpr_1.8,q_60,w_210,c_limit,fl_progressive/assets/images/2314374/2018/5/2/11525240942451-HRX-by-Hrithik-Roshan-Men-Black-Self-Design-Polo-Collar-T-shirt-1561525240942331-1.jpg;
https://assets.myntassets.com/f_webp,dpr_2.0,q_60,w_210,c_limit,fl_progressive/assets/images/2314374/2018/5/2/11525240942451-HRX-by-Hrithik-Roshan-Men-Black-Self-Design-Polo-Collar-T-shirt-1561525240942331-1.jpg;
https://assets.myntassets.com/f_webp,dpr_2.2,q_60,w_210,c_limit,fl_progressive/assets/images/2314374/2018/5/2/11525240942451-HRX-by-Hrithik-Roshan-Men-Black-Self-Design-Polo-Collar-T-shirt-1561525240942331-1.jpg;
https://assets.myntassets.com/f_webp,dpr_2.4,q_60,w_210,c_limit,fl_progressive/assets/images/2314374/2018/5/2/11525240942451-HRX-by-Hrithik-Roshan-Men-Black-Self-Design-Polo-Collar-T-shirt-1561525240942331-1.jpg;
https://assets.myntassets.com/f_webp,dpr_2.6,q_60,w_210,c_limit,fl_progressive/assets/images/2314374/2018/5/2/11525240942451-HRX-by-Hrithik-Roshan-Men-Black-Self-Design-Polo-Collar-T-shirt-1561525240942331-1.jpg;
https://assets.myntassets.com/f_webp,dpr_2.8,q_60,w_210,c_limit,fl_progressive/assets/images/2314374/2018/5/2/11525240942451-HRX-by-Hrithik-Roshan-Men-Black-Self-Design-Polo-Collar-T-shirt-1561525240942331-1.jpg",714,1299,3.9,800,45,HRX by Hrithik Roshan,https://www.myntra.com/tshirts/hrx-by-hrithik-roshan/hrx-by-hrithik-roshan-men-black-advanced-rapid-dry-raglan-polo-collar-t-shirt/2314374/buy
39,Printed Boxy Fit T-shirt,"https://assets.myntassets.com/f_webp,dpr_1.0,q_60,w_210,c_limit,fl_progressive/assets/images/10968502/2020/2/18/54c26fb8-d8c6-42b0-a3d6-eea009aaba161582020847616-Roadster-Women-Tshirts-2671582020846188-1.jpg;
https://assets.myntassets.com/f_webp,dpr_1.8,q_60,w_210,c_limit,fl_progressive/assets/images/10968502/2020/2/18/54c26fb8-d8c6-42b0-a3d6-eea009aaba161582020847616-Roadster-Women-Tshirts-2671582020846188-1.jpg;
https://assets.myntassets.com/f_webp,dpr_2.0,q_60,w_210,c_limit,fl_progressive/assets/images/10968502/2020/2/18/54c26fb8-d8c6-42b0-a3d6-eea009aaba161582020847616-Roadster-Women-Tshirts-2671582020846188-1.jpg;
https://assets.myntassets.com/f_webp,dpr_2.2,q_60,w_210,c_limit,fl_progressive/assets/images/10968502/2020/2/18/54c26fb8-d8c6-42b0-a3d6-eea009aaba161582020847616-Roadster-Women-Tshirts-2671582020846188-1.jpg;
https://assets.myntassets.com/f_webp,dpr_2.4,q_60,w_210,c_limit,fl_progressive/assets/images/10968502/2020/2/18/54c26fb8-d8c6-42b0-a3d6-eea009aaba161582020847616-Roadster-Women-Tshirts-2671582020846188-1.jpg;
https://assets.myntassets.com/f_webp,dpr_2.6,q_60,w_210,c_limit,fl_progressive/assets/images/10968502/2020/2/18/54c26fb8-d8c6-42b0-a3d6-eea009aaba161582020847616-Roadster-Women-Tshirts-2671582020846188-1.jpg;
https://assets.myntassets.com/f_webp,dpr_2.8,q_60,w_210,c_limit,fl_progressive/assets/images/10968502/2020/2/18/54c26fb8-d8c6-42b0-a3d6-eea009aaba161582020847616-Roadster-Women-Tshirts-2671582020846188-1.jpg",279,799,4.1,7900,65,Roadster,https://www.myntra.com/tshirts/roadster/roadster-women-green-printed-boxy-fit-longline-t-shirt/10968502/buy
40,Men Solid Pure Cotton T-shirt,"https://assets.myntassets.com/f_webp,dpr_1.0,q_60,w_210,c_limit,fl_progressive/assets/images/13802542/2021/5/24/da580c47-bec2-415f-b6de-b562f9c7237d1621839374174ShirtsTommyHilfigerMenTshirtsTommyHilfigerMenTshirtsWROGNACT1.jpg;
https://assets.myntassets.com/f_webp,dpr_1.8,q_60,w_210,c_limit,fl_progressive/assets/images/13802542/2021/5/24/da580c47-bec2-415f-b6de-b562f9c7237d1621839374174ShirtsTommyHilfigerMenTshirtsTommyHilfigerMenTshirtsWROGNACT1.jpg;
https://assets.myntassets.com/f_webp,dpr_2.0,q_60,w_210,c_limit,fl_progressive/assets/images/13802542/2021/5/24/da580c47-bec2-415f-b6de-b562f9c7237d1621839374174ShirtsTommyHilfigerMenTshirtsTommyHilfigerMenTshirtsWROGNACT1.jpg;
https://assets.myntassets.com/f_webp,dpr_2.2,q_60,w_210,c_limit,fl_progressive/assets/images/13802542/2021/5/24/da580c47-bec2-415f-b6de-b562f9c7237d1621839374174ShirtsTommyHilfigerMenTshirtsTommyHilfigerMenTshirtsWROGNACT1.jpg;
https://assets.myntassets.com/f_webp,dpr_2.4,q_60,w_210,c_limit,fl_progressive/assets/images/13802542/2021/5/24/da580c47-bec2-415f-b6de-b562f9c7237d1621839374174ShirtsTommyHilfigerMenTshirtsTommyHilfigerMenTshirtsWROGNACT1.jpg;
https://assets.myntassets.com/f_webp,dpr_2.6,q_60,w_210,c_limit,fl_progressive/assets/images/13802542/2021/5/24/da580c47-bec2-415f-b6de-b562f9c7237d1621839374174ShirtsTommyHilfigerMenTshirtsTommyHilfigerMenTshirtsWROGNACT1.jpg;
https://assets.myntassets.com/f_webp,dpr_2.8,q_60,w_210,c_limit,fl_progressive/assets/images/13802542/2021/5/24/da580c47-bec2-415f-b6de-b562f9c7237d1621839374174ShirtsTommyHilfigerMenTshirtsTommyHilfigerMenTshirtsWROGNACT1.jpg",1299,2599,4.4,620,50,Nautica,https://www.myntra.com/tshirts/nautica/nautica-men-teal-blue-solid-polo-collar-pure-cotton-t-shirt/13802542/buy
41,Polo Collar Oversized T-shirt,"https://assets.myntassets.com/f_webp,dpr_1.0,q_60,w_210,c_limit,fl_progressive/assets/images/22221528/2023/3/3/562f88cb-55f7-4746-9df6-32d951d355ae1677857165091Tshirts1.jpg;
https://assets.myntassets.com/f_webp,dpr_1.8,q_60,w_210,c_limit,fl_progressive/assets/images/22221528/2023/3/3/562f88cb-55f7-4746-9df6-32d951d355ae1677857165091Tshirts1.jpg;
https://assets.myntassets.com/f_webp,dpr_2.0,q_60,w_210,c_limit,fl_progressive/assets/images/22221528/2023/3/3/562f88cb-55f7-4746-9df6-32d951d355ae1677857165091Tshirts1.jpg;
https://assets.myntassets.com/f_webp,dpr_2.2,q_60,w_210,c_limit,fl_progressive/assets/images/22221528/2023/3/3/562f88cb-55f7-4746-9df6-32d951d355ae1677857165091Tshirts1.jpg;
https://assets.myntassets.com/f_webp,dpr_2.4,q_60,w_210,c_limit,fl_progressive/assets/images/22221528/2023/3/3/562f88cb-55f7-4746-9df6-32d951d355ae1677857165091Tshirts1.jpg;
https://assets.myntassets.com/f_webp,dpr_2.6,q_60,w_210,c_limit,fl_progressive/assets/images/22221528/2023/3/3/562f88cb-55f7-4746-9df6-32d951d355ae1677857165091Tshirts1.jpg;
https://assets.myntassets.com/f_webp,dpr_2.8,q_60,w_210,c_limit,fl_progressive/assets/images/22221528/2023/3/3/562f88cb-55f7-4746-9df6-32d951d355ae1677857165091Tshirts1.jpg",1393,1699,3.9,34,18,Bonkers Corner,https://www.myntra.com/tshirts/bonkers-corner/bonkers-corner-polo-collar-drop-shoulder-sleeves-oversized-loose-fit-t-shirt/22221528/buy
42,Printed Pure Cotton T-shirt,"https://assets.myntassets.com/f_webp,dpr_1.0,q_60,w_210,c_limit,fl_progressive/assets/images/13126922/2021/2/22/6d8b8cbd-fc4d-4500-afb5-a89887ba6a931613993826384-Roadster-Women-Teal-Solid-Round-Neck-T-shirt-544161399382499-1.jpg;
https://assets.myntassets.com/f_webp,dpr_1.8,q_60,w_210,c_limit,fl_progressive/assets/images/13126922/2021/2/22/6d8b8cbd-fc4d-4500-afb5-a89887ba6a931613993826384-Roadster-Women-Teal-Solid-Round-Neck-T-shirt-544161399382499-1.jpg;
https://assets.myntassets.com/f_webp,dpr_2.0,q_60,w_210,c_limit,fl_progressive/assets/images/13126922/2021/2/22/6d8b8cbd-fc4d-4500-afb5-a89887ba6a931613993826384-Roadster-Women-Teal-Solid-Round-Neck-T-shirt-544161399382499-1.jpg;
https://assets.myntassets.com/f_webp,dpr_2.2,q_60,w_210,c_limit,fl_progressive/assets/images/13126922/2021/2/22/6d8b8cbd-fc4d-4500-afb5-a89887ba6a931613993826384-Roadster-Women-Teal-Solid-Round-Neck-T-shirt-544161399382499-1.jpg;
https://assets.myntassets.com/f_webp,dpr_2.4,q_60,w_210,c_limit,fl_progressive/assets/images/13126922/2021/2/22/6d8b8cbd-fc4d-4500-afb5-a89887ba6a931613993826384-Roadster-Women-Teal-Solid-Round-Neck-T-shirt-544161399382499-1.jpg;
https://assets.myntassets.com/f_webp,dpr_2.6,q_60,w_210,c_limit,fl_progressive/assets/images/13126922/2021/2/22/6d8b8cbd-fc4d-4500-afb5-a89887ba6a931613993826384-Roadster-Women-Teal-Solid-Round-Neck-T-shirt-544161399382499-1.jpg;
https://assets.myntassets.com/f_webp,dpr_2.8,q_60,w_210,c_limit,fl_progressive/assets/images/13126922/2021/2/22/6d8b8cbd-fc4d-4500-afb5-a89887ba6a931613993826384-Roadster-Women-Teal-Solid-Round-Neck-T-shirt-544161399382499-1.jpg",359,599,4.3,1500,40,Roadster,https://www.myntra.com/tshirts/roadster/roadster-women-teal-blue-printed-round-neck-pure-cotton-t-shirt/13126922/buy
43,Men 2022 Fan Jersey,"https://assets.myntassets.com/f_webp,dpr_1.0,q_60,w_210,c_limit,fl_progressive/assets/images/17535032/2022/3/24/aafe16ee-6483-40ef-8fae-80e114279b591648122118227-Puma-Men-Tshirts-4991648122117871-1.jpg;
https://assets.myntassets.com/f_webp,dpr_1.8,q_60,w_210,c_limit,fl_progressive/assets/images/17535032/2022/3/24/aafe16ee-6483-40ef-8fae-80e114279b591648122118227-Puma-Men-Tshirts-4991648122117871-1.jpg;
https://assets.myntassets.com/f_webp,dpr_2.0,q_60,w_210,c_limit,fl_progressive/assets/images/17535032/2022/3/24/aafe16ee-6483-40ef-8fae-80e114279b591648122118227-Puma-Men-Tshirts-4991648122117871-1.jpg;
https://assets.myntassets.com/f_webp,dpr_2.2,q_60,w_210,c_limit,fl_progressive/assets/images/17535032/2022/3/24/aafe16ee-6483-40ef-8fae-80e114279b591648122118227-Puma-Men-Tshirts-4991648122117871-1.jpg;
https://assets.myntassets.com/f_webp,dpr_2.4,q_60,w_210,c_limit,fl_progressive/assets/images/17535032/2022/3/24/aafe16ee-6483-40ef-8fae-80e114279b591648122118227-Puma-Men-Tshirts-4991648122117871-1.jpg;
https://assets.myntassets.com/f_webp,dpr_2.6,q_60,w_210,c_limit,fl_progressive/assets/images/17535032/2022/3/24/aafe16ee-6483-40ef-8fae-80e114279b591648122118227-Puma-Men-Tshirts-4991648122117871-1.jpg;
https://assets.myntassets.com/f_webp,dpr_2.8,q_60,w_210,c_limit,fl_progressive/assets/images/17535032/2022/3/24/aafe16ee-6483-40ef-8fae-80e114279b591648122118227-Puma-Men-Tshirts-4991648122117871-1.jpg",844,1299,4.4,788,35,Puma,https://www.myntra.com/tshirts/puma/puma-x-royal-challengers-bangalore-men-navy-blue--red-2022-fan-jersey/17535032/buy
44,Striped Henley Neck Pure Cotton T-shirt,"https://assets.myntassets.com/f_webp,dpr_1.0,q_60,w_210,c_limit,fl_progressive/assets/images/8023755/2019/2/28/3ccf7a01-9e78-409d-b357-70fffc8bfc251551339061011-Roadster-Men-Tshirts-7841551339059830-1.jpg;
https://assets.myntassets.com/f_webp,dpr_1.8,q_60,w_210,c_limit,fl_progressive/assets/images/8023755/2019/2/28/3ccf7a01-9e78-409d-b357-70fffc8bfc251551339061011-Roadster-Men-Tshirts-7841551339059830-1.jpg;
https://assets.myntassets.com/f_webp,dpr_2.0,q_60,w_210,c_limit,fl_progressive/assets/images/8023755/2019/2/28/3ccf7a01-9e78-409d-b357-70fffc8bfc251551339061011-Roadster-Men-Tshirts-7841551339059830-1.jpg;
https://assets.myntassets.com/f_webp,dpr_2.2,q_60,w_210,c_limit,fl_progressive/assets/images/8023755/2019/2/28/3ccf7a01-9e78-409d-b357-70fffc8bfc251551339061011-Roadster-Men-Tshirts-7841551339059830-1.jpg;
https://assets.myntassets.com/f_webp,dpr_2.4,q_60,w_210,c_limit,fl_progressive/assets/images/8023755/2019/2/28/3ccf7a01-9e78-409d-b357-70fffc8bfc251551339061011-Roadster-Men-Tshirts-7841551339059830-1.jpg;
https://assets.myntassets.com/f_webp,dpr_2.6,q_60,w_210,c_limit,fl_progressive/assets/images/8023755/2019/2/28/3ccf7a01-9e78-409d-b357-70fffc8bfc251551339061011-Roadster-Men-Tshirts-7841551339059830-1.jpg;
https://assets.myntassets.com/f_webp,dpr_2.8,q_60,w_210,c_limit,fl_progressive/assets/images/8023755/2019/2/28/3ccf7a01-9e78-409d-b357-70fffc8bfc251551339061011-Roadster-Men-Tshirts-7841551339059830-1.jpg",449,899,4,2800,50,Roadster,https://www.myntra.com/tshirts/roadster/roadster-men-navy-blue--white-striped-henley-neck-pure-cotton-t-shirt/8023755/buy
45,Printed Henley T-shirt,"https://assets.myntassets.com/f_webp,dpr_1.0,q_60,w_210,c_limit,fl_progressive/assets/images/1371410/2016/8/31/11472626355661-Roadster-Men-Bronze-Printed-V-Neck-T-Shirt-2251472626355441-1.jpg;
https://assets.myntassets.com/f_webp,dpr_1.8,q_60,w_210,c_limit,fl_progressive/assets/images/1371410/2016/8/31/11472626355661-Roadster-Men-Bronze-Printed-V-Neck-T-Shirt-2251472626355441-1.jpg;
https://assets.myntassets.com/f_webp,dpr_2.0,q_60,w_210,c_limit,fl_progressive/assets/images/1371410/2016/8/31/11472626355661-Roadster-Men-Bronze-Printed-V-Neck-T-Shirt-2251472626355441-1.jpg;
https://assets.myntassets.com/f_webp,dpr_2.2,q_60,w_210,c_limit,fl_progressive/assets/images/1371410/2016/8/31/11472626355661-Roadster-Men-Bronze-Printed-V-Neck-T-Shirt-2251472626355441-1.jpg;
https://assets.myntassets.com/f_webp,dpr_2.4,q_60,w_210,c_limit,fl_progressive/assets/images/1371410/2016/8/31/11472626355661-Roadster-Men-Bronze-Printed-V-Neck-T-Shirt-2251472626355441-1.jpg;
https://assets.myntassets.com/f_webp,dpr_2.6,q_60,w_210,c_limit,fl_progressive/assets/images/1371410/2016/8/31/11472626355661-Roadster-Men-Bronze-Printed-V-Neck-T-Shirt-2251472626355441-1.jpg;
https://assets.myntassets.com/f_webp,dpr_2.8,q_60,w_210,c_limit,fl_progressive/assets/images/1371410/2016/8/31/11472626355661-Roadster-Men-Bronze-Printed-V-Neck-T-Shirt-2251472626355441-1.jpg",314,899,4.2,7900,65,Roadster,https://www.myntra.com/tshirts/roadster/roadster-men-black-printed-henley-t-shirt/1371410/buy
46,Oversized Pure Cotton T-shirt,"https://assets.myntassets.com/f_webp,dpr_1.0,q_60,w_210,c_limit,fl_progressive/assets/images/10926786/2020/6/14/5624caf0-b769-4ffc-91be-a605859434cd1592111383793-Kook-N-Keech-Women-Tshirts-3191592111382247-1.jpg;
https://assets.myntassets.com/f_webp,dpr_1.8,q_60,w_210,c_limit,fl_progressive/assets/images/10926786/2020/6/14/5624caf0-b769-4ffc-91be-a605859434cd1592111383793-Kook-N-Keech-Women-Tshirts-3191592111382247-1.jpg;
https://assets.myntassets.com/f_webp,dpr_2.0,q_60,w_210,c_limit,fl_progressive/assets/images/10926786/2020/6/14/5624caf0-b769-4ffc-91be-a605859434cd1592111383793-Kook-N-Keech-Women-Tshirts-3191592111382247-1.jpg;
https://assets.myntassets.com/f_webp,dpr_2.2,q_60,w_210,c_limit,fl_progressive/assets/images/10926786/2020/6/14/5624caf0-b769-4ffc-91be-a605859434cd1592111383793-Kook-N-Keech-Women-Tshirts-3191592111382247-1.jpg;
https://assets.myntassets.com/f_webp,dpr_2.4,q_60,w_210,c_limit,fl_progressive/assets/images/10926786/2020/6/14/5624caf0-b769-4ffc-91be-a605859434cd1592111383793-Kook-N-Keech-Women-Tshirts-3191592111382247-1.jpg;
https://assets.myntassets.com/f_webp,dpr_2.6,q_60,w_210,c_limit,fl_progressive/assets/images/10926786/2020/6/14/5624caf0-b769-4ffc-91be-a605859434cd1592111383793-Kook-N-Keech-Women-Tshirts-3191592111382247-1.jpg;
https://assets.myntassets.com/f_webp,dpr_2.8,q_60,w_210,c_limit,fl_progressive/assets/images/10926786/2020/6/14/5624caf0-b769-4ffc-91be-a605859434cd1592111383793-Kook-N-Keech-Women-Tshirts-3191592111382247-1.jpg",659,1199,4.4,1900,45,Kook N Keech,https://www.myntra.com/tshirts/kook-n-keech/kook-n-keech-women-black-printed-round-neck-oversized-pure-cotton-t-shirt/10926786/buy
47,Ultralyte Men Running T-shirt,"https://assets.myntassets.com/f_webp,dpr_1.0,q_60,w_210,c_limit,fl_progressive/assets/images/10106341/2019/9/5/e5bd4bb5-b746-44b1-92fd-1b20906c60031567656798859-HRX-by-Hrithik-Roshan-Men-Tshirts-5601567656797772-1.jpg;
https://assets.myntassets.com/f_webp,dpr_1.8,q_60,w_210,c_limit,fl_progressive/assets/images/10106341/2019/9/5/e5bd4bb5-b746-44b1-92fd-1b20906c60031567656798859-HRX-by-Hrithik-Roshan-Men-Tshirts-5601567656797772-1.jpg;
https://assets.myntassets.com/f_webp,dpr_2.0,q_60,w_210,c_limit,fl_progressive/assets/images/10106341/2019/9/5/e5bd4bb5-b746-44b1-92fd-1b20906c60031567656798859-HRX-by-Hrithik-Roshan-Men-Tshirts-5601567656797772-1.jpg;
https://assets.myntassets.com/f_webp,dpr_2.2,q_60,w_210,c_limit,fl_progressive/assets/images/10106341/2019/9/5/e5bd4bb5-b746-44b1-92fd-1b20906c60031567656798859-HRX-by-Hrithik-Roshan-Men-Tshirts-5601567656797772-1.jpg;
https://assets.myntassets.com/f_webp,dpr_2.4,q_60,w_210,c_limit,fl_progressive/assets/images/10106341/2019/9/5/e5bd4bb5-b746-44b1-92fd-1b20906c60031567656798859-HRX-by-Hrithik-Roshan-Men-Tshirts-5601567656797772-1.jpg;
https://assets.myntassets.com/f_webp,dpr_2.6,q_60,w_210,c_limit,fl_progressive/assets/images/10106341/2019/9/5/e5bd4bb5-b746-44b1-92fd-1b20906c60031567656798859-HRX-by-Hrithik-Roshan-Men-Tshirts-5601567656797772-1.jpg;
https://assets.myntassets.com/f_webp,dpr_2.8,q_60,w_210,c_limit,fl_progressive/assets/images/10106341/2019/9/5/e5bd4bb5-b746-44b1-92fd-1b20906c60031567656798859-HRX-by-Hrithik-Roshan-Men-Tshirts-5601567656797772-1.jpg",494,899,4.4,14400,45,HRX by Hrithik Roshan,https://www.myntra.com/tshirts/hrx-by-hrithik-roshan/hrx-by-hrithik-roshan-ultralyte-men-black-running-t-shirt/10106341/buy
48,Printed Round Neck Pure Cotton T-shirt,"https://assets.myntassets.com/f_webp,dpr_1.0,q_60,w_210,c_limit,fl_progressive/assets/images/12003902/2020/7/27/d890afe0-cff4-4de8-8b83-3afea9f6fdb11595844856992-Roadster-Men-White-Printed-Round-Neck-T-shirt-28159584485559-1.jpg;
https://assets.myntassets.com/f_webp,dpr_1.8,q_60,w_210,c_limit,fl_progressive/assets/images/12003902/2020/7/27/d890afe0-cff4-4de8-8b83-3afea9f6fdb11595844856992-Roadster-Men-White-Printed-Round-Neck-T-shirt-28159584485559-1.jpg;
https://assets.myntassets.com/f_webp,dpr_2.0,q_60,w_210,c_limit,fl_progressive/assets/images/12003902/2020/7/27/d890afe0-cff4-4de8-8b83-3afea9f6fdb11595844856992-Roadster-Men-White-Printed-Round-Neck-T-shirt-28159584485559-1.jpg;
https://assets.myntassets.com/f_webp,dpr_2.2,q_60,w_210,c_limit,fl_progressive/assets/images/12003902/2020/7/27/d890afe0-cff4-4de8-8b83-3afea9f6fdb11595844856992-Roadster-Men-White-Printed-Round-Neck-T-shirt-28159584485559-1.jpg;
https://assets.myntassets.com/f_webp,dpr_2.4,q_60,w_210,c_limit,fl_progressive/assets/images/12003902/2020/7/27/d890afe0-cff4-4de8-8b83-3afea9f6fdb11595844856992-Roadster-Men-White-Printed-Round-Neck-T-shirt-28159584485559-1.jpg;
https://assets.myntassets.com/f_webp,dpr_2.6,q_60,w_210,c_limit,fl_progressive/assets/images/12003902/2020/7/27/d890afe0-cff4-4de8-8b83-3afea9f6fdb11595844856992-Roadster-Men-White-Printed-Round-Neck-T-shirt-28159584485559-1.jpg;
https://assets.myntassets.com/f_webp,dpr_2.8,q_60,w_210,c_limit,fl_progressive/assets/images/12003902/2020/7/27/d890afe0-cff4-4de8-8b83-3afea9f6fdb11595844856992-Roadster-Men-White-Printed-Round-Neck-T-shirt-28159584485559-1.jpg",319,799,4.2,3800,60,Roadster,https://www.myntra.com/tshirts/roadster/roadster-men-white--blue-printed-round-neck-pure-cotton-t-shirt/12003902/buy
49,Solid Polo Collar Pure Cotton T-shirt,"https://assets.myntassets.com/f_webp,dpr_1.0,q_60,w_210,c_limit,fl_progressive/assets/images/11278646/2020/2/10/16fde6a7-71f0-4cc2-9cf2-a0eb3e2b57f01581330316259-Roadster-Men-Tshirts-7971581330313974-1.jpg;
https://assets.myntassets.com/f_webp,dpr_1.8,q_60,w_210,c_limit,fl_progressive/assets/images/11278646/2020/2/10/16fde6a7-71f0-4cc2-9cf2-a0eb3e2b57f01581330316259-Roadster-Men-Tshirts-7971581330313974-1.jpg;
https://assets.myntassets.com/f_webp,dpr_2.0,q_60,w_210,c_limit,fl_progressive/assets/images/11278646/2020/2/10/16fde6a7-71f0-4cc2-9cf2-a0eb3e2b57f01581330316259-Roadster-Men-Tshirts-7971581330313974-1.jpg;
https://assets.myntassets.com/f_webp,dpr_2.2,q_60,w_210,c_limit,fl_progressive/assets/images/11278646/2020/2/10/16fde6a7-71f0-4cc2-9cf2-a0eb3e2b57f01581330316259-Roadster-Men-Tshirts-7971581330313974-1.jpg;
https://assets.myntassets.com/f_webp,dpr_2.4,q_60,w_210,c_limit,fl_progressive/assets/images/11278646/2020/2/10/16fde6a7-71f0-4cc2-9cf2-a0eb3e2b57f01581330316259-Roadster-Men-Tshirts-7971581330313974-1.jpg;
https://assets.myntassets.com/f_webp,dpr_2.6,q_60,w_210,c_limit,fl_progressive/assets/images/11278646/2020/2/10/16fde6a7-71f0-4cc2-9cf2-a0eb3e2b57f01581330316259-Roadster-Men-Tshirts-7971581330313974-1.jpg;
https://assets.myntassets.com/f_webp,dpr_2.8,q_60,w_210,c_limit,fl_progressive/assets/images/11278646/2020/2/10/16fde6a7-71f0-4cc2-9cf2-a0eb3e2b57f01581330316259-Roadster-Men-Tshirts-7971581330313974-1.jpg",449,1499,4.1,341,70,Roadster,https://www.myntra.com/tshirts/roadster/roadster-men-navy-blue-solid-polo-collar-pure-cotton-t-shirt/11278646/buy
50,Polo Collar Cotton Pure Cotton T-shirt,"https://assets.myntassets.com/f_webp,dpr_1.0,q_60,w_210,c_limit,fl_progressive/assets/images/7546902/2019/2/11/be44366c-a232-47ec-a7b4-c4bea24f04e71549886561293-HERENOW-Men-Teal-Solid-Polo-Collar-T-shirt-7371549886559966-1.jpg;
https://assets.myntassets.com/f_webp,dpr_1.8,q_60,w_210,c_limit,fl_progressive/assets/images/7546902/2019/2/11/be44366c-a232-47ec-a7b4-c4bea24f04e71549886561293-HERENOW-Men-Teal-Solid-Polo-Collar-T-shirt-7371549886559966-1.jpg;
https://assets.myntassets.com/f_webp,dpr_2.0,q_60,w_210,c_limit,fl_progressive/assets/images/7546902/2019/2/11/be44366c-a232-47ec-a7b4-c4bea24f04e71549886561293-HERENOW-Men-Teal-Solid-Polo-Collar-T-shirt-7371549886559966-1.jpg;
https://assets.myntassets.com/f_webp,dpr_2.2,q_60,w_210,c_limit,fl_progressive/assets/images/7546902/2019/2/11/be44366c-a232-47ec-a7b4-c4bea24f04e71549886561293-HERENOW-Men-Teal-Solid-Polo-Collar-T-shirt-7371549886559966-1.jpg;
https://assets.myntassets.com/f_webp,dpr_2.4,q_60,w_210,c_limit,fl_progressive/assets/images/7546902/2019/2/11/be44366c-a232-47ec-a7b4-c4bea24f04e71549886561293-HERENOW-Men-Teal-Solid-Polo-Collar-T-shirt-7371549886559966-1.jpg;
https://assets.myntassets.com/f_webp,dpr_2.6,q_60,w_210,c_limit,fl_progressive/assets/images/7546902/2019/2/11/be44366c-a232-47ec-a7b4-c4bea24f04e71549886561293-HERENOW-Men-Teal-Solid-Polo-Collar-T-shirt-7371549886559966-1.jpg;
https://assets.myntassets.com/f_webp,dpr_2.8,q_60,w_210,c_limit,fl_progressive/assets/images/7546902/2019/2/11/be44366c-a232-47ec-a7b4-c4bea24f04e71549886561293-HERENOW-Men-Teal-Solid-Polo-Collar-T-shirt-7371549886559966-1.jpg",764,1699,4.1,12200,55,HERE&NOW,https://www.myntra.com/tshirts/herenow/herenow-men-teal-blue-polo-collar-cotton-pure-cotton-t-shirt/7546902/buy
51,Women Mid Rise Shorts,"https://assets.myntassets.com/f_webp,dpr_1.0,q_60,w_210,c_limit,fl_progressive/assets/images/22959014/2023/4/29/97cde5ef-3d34-4bd0-805d-c9765c99aadc1682763243962BRINNSWomenTealShorts1.jpg;
https://assets.myntassets.com/f_webp,dpr_1.8,q_60,w_210,c_limit,fl_progressive/assets/images/22959014/2023/4/29/97cde5ef-3d34-4bd0-805d-c9765c99aadc1682763243962BRINNSWomenTealShorts1.jpg;
https://assets.myntassets.com/f_webp,dpr_2.0,q_60,w_210,c_limit,fl_progressive/assets/images/22959014/2023/4/29/97cde5ef-3d34-4bd0-805d-c9765c99aadc1682763243962BRINNSWomenTealShorts1.jpg;
https://assets.myntassets.com/f_webp,dpr_2.2,q_60,w_210,c_limit,fl_progressive/assets/images/22959014/2023/4/29/97cde5ef-3d34-4bd0-805d-c9765c99aadc1682763243962BRINNSWomenTealShorts1.jpg;
https://assets.myntassets.com/f_webp,dpr_2.4,q_60,w_210,c_limit,fl_progressive/assets/images/22959014/2023/4/29/97cde5ef-3d34-4bd0-805d-c9765c99aadc1682763243962BRINNSWomenTealShorts1.jpg;
https://assets.myntassets.com/f_webp,dpr_2.6,q_60,w_210,c_limit,fl_progressive/assets/images/22959014/2023/4/29/97cde5ef-3d34-4bd0-805d-c9765c99aadc1682763243962BRINNSWomenTealShorts1.jpg;
https://assets.myntassets.com/f_webp,dpr_2.8,q_60,w_210,c_limit,fl_progressive/assets/images/22959014/2023/4/29/97cde5ef-3d34-4bd0-805d-c9765c99aadc1682763243962BRINNSWomenTealShorts1.jpg",532,1299,0,0,59,BRINNS,https://www.myntra.com/shorts/brinns/brinns-women-mid-rise-shorts/22959014/buy
52,Puffed Sleeves Casual Shirt,"https://assets.myntassets.com/f_webp,dpr_1.0,q_60,w_210,c_limit,fl_progressive/assets/images/22946300/2023/4/28/0ac64e98-b125-499a-82e1-63e70cc5ed3a1682698366434WoolTreesWomenNavyBlueOpaqueFormalShirt1.jpg;
https://assets.myntassets.com/f_webp,dpr_1.8,q_60,w_210,c_limit,fl_progressive/assets/images/22946300/2023/4/28/0ac64e98-b125-499a-82e1-63e70cc5ed3a1682698366434WoolTreesWomenNavyBlueOpaqueFormalShirt1.jpg;
https://assets.myntassets.com/f_webp,dpr_2.0,q_60,w_210,c_limit,fl_progressive/assets/images/22946300/2023/4/28/0ac64e98-b125-499a-82e1-63e70cc5ed3a1682698366434WoolTreesWomenNavyBlueOpaqueFormalShirt1.jpg;
https://assets.myntassets.com/f_webp,dpr_2.2,q_60,w_210,c_limit,fl_progressive/assets/images/22946300/2023/4/28/0ac64e98-b125-499a-82e1-63e70cc5ed3a1682698366434WoolTreesWomenNavyBlueOpaqueFormalShirt1.jpg;
https://assets.myntassets.com/f_webp,dpr_2.4,q_60,w_210,c_limit,fl_progressive/assets/images/22946300/2023/4/28/0ac64e98-b125-499a-82e1-63e70cc5ed3a1682698366434WoolTreesWomenNavyBlueOpaqueFormalShirt1.jpg;
https://assets.myntassets.com/f_webp,dpr_2.6,q_60,w_210,c_limit,fl_progressive/assets/images/22946300/2023/4/28/0ac64e98-b125-499a-82e1-63e70cc5ed3a1682698366434WoolTreesWomenNavyBlueOpaqueFormalShirt1.jpg;
https://assets.myntassets.com/f_webp,dpr_2.8,q_60,w_210,c_limit,fl_progressive/assets/images/22946300/2023/4/28/0ac64e98-b125-499a-82e1-63e70cc5ed3a1682698366434WoolTreesWomenNavyBlueOpaqueFormalShirt1.jpg",899,1499,0,0,40,Wool Trees,https://www.myntra.com/shirts/wool-trees/wool-trees-spread-collar-puffed-sleeves-casual-shirt/22946300/buy
53,Typography Printed T-shirt,"https://assets.myntassets.com/f_webp,dpr_1.0,q_60,w_210,c_limit,fl_progressive/assets/images/22928048/2023/4/28/03655502-a5c0-4fe1-8262-b18acee3fc3f1682629488435OkaneWomenRedTypographyPrintedT-shirt1.jpg;
https://assets.myntassets.com/f_webp,dpr_1.8,q_60,w_210,c_limit,fl_progressive/assets/images/22928048/2023/4/28/03655502-a5c0-4fe1-8262-b18acee3fc3f1682629488435OkaneWomenRedTypographyPrintedT-shirt1.jpg;
https://assets.myntassets.com/f_webp,dpr_2.0,q_60,w_210,c_limit,fl_progressive/assets/images/22928048/2023/4/28/03655502-a5c0-4fe1-8262-b18acee3fc3f1682629488435OkaneWomenRedTypographyPrintedT-shirt1.jpg;
https://assets.myntassets.com/f_webp,dpr_2.2,q_60,w_210,c_limit,fl_progressive/assets/images/22928048/2023/4/28/03655502-a5c0-4fe1-8262-b18acee3fc3f1682629488435OkaneWomenRedTypographyPrintedT-shirt1.jpg;
https://assets.myntassets.com/f_webp,dpr_2.4,q_60,w_210,c_limit,fl_progressive/assets/images/22928048/2023/4/28/03655502-a5c0-4fe1-8262-b18acee3fc3f1682629488435OkaneWomenRedTypographyPrintedT-shirt1.jpg;
https://assets.myntassets.com/f_webp,dpr_2.6,q_60,w_210,c_limit,fl_progressive/assets/images/22928048/2023/4/28/03655502-a5c0-4fe1-8262-b18acee3fc3f1682629488435OkaneWomenRedTypographyPrintedT-shirt1.jpg;
https://assets.myntassets.com/f_webp,dpr_2.8,q_60,w_210,c_limit,fl_progressive/assets/images/22928048/2023/4/28/03655502-a5c0-4fe1-8262-b18acee3fc3f1682629488435OkaneWomenRedTypographyPrintedT-shirt1.jpg",559,699,0,0,20,Okane,https://www.myntra.com/tshirts/okane/okane-typography-printed-extended-sleeves-t-shirt/22928048/buy
54,Embroidered Georgette Top,"https://assets.myntassets.com/f_webp,dpr_1.0,q_60,w_210,c_limit,fl_progressive/assets/images/22862184/2023/4/28/1ce20da8-3abf-4a18-b04f-aec1299f4ff81682663647633-Black-Heavy-Embroderied-Gerogette-Siquins-top-63216826636472-1.jpg;
https://assets.myntassets.com/f_webp,dpr_1.8,q_60,w_210,c_limit,fl_progressive/assets/images/22862184/2023/4/28/1ce20da8-3abf-4a18-b04f-aec1299f4ff81682663647633-Black-Heavy-Embroderied-Gerogette-Siquins-top-63216826636472-1.jpg;
https://assets.myntassets.com/f_webp,dpr_2.0,q_60,w_210,c_limit,fl_progressive/assets/images/22862184/2023/4/28/1ce20da8-3abf-4a18-b04f-aec1299f4ff81682663647633-Black-Heavy-Embroderied-Gerogette-Siquins-top-63216826636472-1.jpg;
https://assets.myntassets.com/f_webp,dpr_2.2,q_60,w_210,c_limit,fl_progressive/assets/images/22862184/2023/4/28/1ce20da8-3abf-4a18-b04f-aec1299f4ff81682663647633-Black-Heavy-Embroderied-Gerogette-Siquins-top-63216826636472-1.jpg;
https://assets.myntassets.com/f_webp,dpr_2.4,q_60,w_210,c_limit,fl_progressive/assets/images/22862184/2023/4/28/1ce20da8-3abf-4a18-b04f-aec1299f4ff81682663647633-Black-Heavy-Embroderied-Gerogette-Siquins-top-63216826636472-1.jpg;
https://assets.myntassets.com/f_webp,dpr_2.6,q_60,w_210,c_limit,fl_progressive/assets/images/22862184/2023/4/28/1ce20da8-3abf-4a18-b04f-aec1299f4ff81682663647633-Black-Heavy-Embroderied-Gerogette-Siquins-top-63216826636472-1.jpg;
https://assets.myntassets.com/f_webp,dpr_2.8,q_60,w_210,c_limit,fl_progressive/assets/images/22862184/2023/4/28/1ce20da8-3abf-4a18-b04f-aec1299f4ff81682663647633-Black-Heavy-Embroderied-Gerogette-Siquins-top-63216826636472-1.jpg",847,2499,0,0,1652,WEAVETECH IMPEX,https://www.myntra.com/tops/weavetech-impex/weavetech-impex-black-embroidered-georgette-longline-top/22862184/buy
55,Lace Inserted Pure Cotton Top,"https://assets.myntassets.com/f_webp,dpr_1.0,q_60,w_210,c_limit,fl_progressive/assets/images/16924904/2023/4/27/6633a8bd-3a27-4c44-96f7-e4d6189928c21682579556806-Sztori-Women-Tops-7761682579556384-1.jpg;
https://assets.myntassets.com/f_webp,dpr_1.8,q_60,w_210,c_limit,fl_progressive/assets/images/16924904/2023/4/27/6633a8bd-3a27-4c44-96f7-e4d6189928c21682579556806-Sztori-Women-Tops-7761682579556384-1.jpg;
https://assets.myntassets.com/f_webp,dpr_2.0,q_60,w_210,c_limit,fl_progressive/assets/images/16924904/2023/4/27/6633a8bd-3a27-4c44-96f7-e4d6189928c21682579556806-Sztori-Women-Tops-7761682579556384-1.jpg;
https://assets.myntassets.com/f_webp,dpr_2.2,q_60,w_210,c_limit,fl_progressive/assets/images/16924904/2023/4/27/6633a8bd-3a27-4c44-96f7-e4d6189928c21682579556806-Sztori-Women-Tops-7761682579556384-1.jpg;
https://assets.myntassets.com/f_webp,dpr_2.4,q_60,w_210,c_limit,fl_progressive/assets/images/16924904/2023/4/27/6633a8bd-3a27-4c44-96f7-e4d6189928c21682579556806-Sztori-Women-Tops-7761682579556384-1.jpg;
https://assets.myntassets.com/f_webp,dpr_2.6,q_60,w_210,c_limit,fl_progressive/assets/images/16924904/2023/4/27/6633a8bd-3a27-4c44-96f7-e4d6189928c21682579556806-Sztori-Women-Tops-7761682579556384-1.jpg;
https://assets.myntassets.com/f_webp,dpr_2.8,q_60,w_210,c_limit,fl_progressive/assets/images/16924904/2023/4/27/6633a8bd-3a27-4c44-96f7-e4d6189928c21682579556806-Sztori-Women-Tops-7761682579556384-1.jpg",1999,1999,0,0,0,Sztori,https://www.myntra.com/tops/sztori/sztori-frilled-mandarin-collar-lace-inserted-pure-cotton-top/16924904/buy
56,Shoulder Straps Fitted Top,"https://assets.myntassets.com/f_webp,dpr_1.0,q_60,w_210,c_limit,fl_progressive/assets/images/22958968/2023/4/29/762a722c-014d-42e4-9bc1-16e77eab7e4d1682773508393BRINNSCream-ColouredCropTop1.jpg;
https://assets.myntassets.com/f_webp,dpr_1.8,q_60,w_210,c_limit,fl_progressive/assets/images/22958968/2023/4/29/762a722c-014d-42e4-9bc1-16e77eab7e4d1682773508393BRINNSCream-ColouredCropTop1.jpg;
https://assets.myntassets.com/f_webp,dpr_2.0,q_60,w_210,c_limit,fl_progressive/assets/images/22958968/2023/4/29/762a722c-014d-42e4-9bc1-16e77eab7e4d1682773508393BRINNSCream-ColouredCropTop1.jpg;
https://assets.myntassets.com/f_webp,dpr_2.2,q_60,w_210,c_limit,fl_progressive/assets/images/22958968/2023/4/29/762a722c-014d-42e4-9bc1-16e77eab7e4d1682773508393BRINNSCream-ColouredCropTop1.jpg;
https://assets.myntassets.com/f_webp,dpr_2.4,q_60,w_210,c_limit,fl_progressive/assets/images/22958968/2023/4/29/762a722c-014d-42e4-9bc1-16e77eab7e4d1682773508393BRINNSCream-ColouredCropTop1.jpg;
https://assets.myntassets.com/f_webp,dpr_2.6,q_60,w_210,c_limit,fl_progressive/assets/images/22958968/2023/4/29/762a722c-014d-42e4-9bc1-16e77eab7e4d1682773508393BRINNSCream-ColouredCropTop1.jpg;
https://assets.myntassets.com/f_webp,dpr_2.8,q_60,w_210,c_limit,fl_progressive/assets/images/22958968/2023/4/29/762a722c-014d-42e4-9bc1-16e77eab7e4d1682773508393BRINNSCream-ColouredCropTop1.jpg",493,1299,0,0,62,BRINNS,https://www.myntra.com/tops/brinns/brinns-shoulder-straps-crop-fitted-top/22958968/buy
57,Shirt Collar Checked Dress,"https://assets.myntassets.com/f_webp,dpr_1.0,q_60,w_210,c_limit,fl_progressive/assets/images/22954260/2023/4/29/bd64d70e-030a-4ba3-82d4-04c4e3be968d1682741924051StyliNavyBlueCheckedMaxiDress1.jpg;
https://assets.myntassets.com/f_webp,dpr_1.8,q_60,w_210,c_limit,fl_progressive/assets/images/22954260/2023/4/29/bd64d70e-030a-4ba3-82d4-04c4e3be968d1682741924051StyliNavyBlueCheckedMaxiDress1.jpg;
https://assets.myntassets.com/f_webp,dpr_2.0,q_60,w_210,c_limit,fl_progressive/assets/images/22954260/2023/4/29/bd64d70e-030a-4ba3-82d4-04c4e3be968d1682741924051StyliNavyBlueCheckedMaxiDress1.jpg;
https://assets.myntassets.com/f_webp,dpr_2.2,q_60,w_210,c_limit,fl_progressive/assets/images/22954260/2023/4/29/bd64d70e-030a-4ba3-82d4-04c4e3be968d1682741924051StyliNavyBlueCheckedMaxiDress1.jpg;
https://assets.myntassets.com/f_webp,dpr_2.4,q_60,w_210,c_limit,fl_progressive/assets/images/22954260/2023/4/29/bd64d70e-030a-4ba3-82d4-04c4e3be968d1682741924051StyliNavyBlueCheckedMaxiDress1.jpg;
https://assets.myntassets.com/f_webp,dpr_2.6,q_60,w_210,c_limit,fl_progressive/assets/images/22954260/2023/4/29/bd64d70e-030a-4ba3-82d4-04c4e3be968d1682741924051StyliNavyBlueCheckedMaxiDress1.jpg;
https://assets.myntassets.com/f_webp,dpr_2.8,q_60,w_210,c_limit,fl_progressive/assets/images/22954260/2023/4/29/bd64d70e-030a-4ba3-82d4-04c4e3be968d1682741924051StyliNavyBlueCheckedMaxiDress1.jpg",1649,1649,0,0,0,Styli,https://www.myntra.com/dresses/styli/styli-shirt-collar-checked-maxi-dress/22954260/buy
58,Cotton Knitted Twisted Dress,"https://assets.myntassets.com/f_webp,dpr_1.0,q_60,w_210,c_limit,fl_progressive/assets/images/22688440/2023/4/27/6de6de88-3b31-420e-ba53-5b977d053d761682576783956-Urban-Revivo-Charcoal-A-Line-Dress-3051682576783634-1.jpg;
https://assets.myntassets.com/f_webp,dpr_1.8,q_60,w_210,c_limit,fl_progressive/assets/images/22688440/2023/4/27/6de6de88-3b31-420e-ba53-5b977d053d761682576783956-Urban-Revivo-Charcoal-A-Line-Dress-3051682576783634-1.jpg;
https://assets.myntassets.com/f_webp,dpr_2.0,q_60,w_210,c_limit,fl_progressive/assets/images/22688440/2023/4/27/6de6de88-3b31-420e-ba53-5b977d053d761682576783956-Urban-Revivo-Charcoal-A-Line-Dress-3051682576783634-1.jpg;
https://assets.myntassets.com/f_webp,dpr_2.2,q_60,w_210,c_limit,fl_progressive/assets/images/22688440/2023/4/27/6de6de88-3b31-420e-ba53-5b977d053d761682576783956-Urban-Revivo-Charcoal-A-Line-Dress-3051682576783634-1.jpg;
https://assets.myntassets.com/f_webp,dpr_2.4,q_60,w_210,c_limit,fl_progressive/assets/images/22688440/2023/4/27/6de6de88-3b31-420e-ba53-5b977d053d761682576783956-Urban-Revivo-Charcoal-A-Line-Dress-3051682576783634-1.jpg;
https://assets.myntassets.com/f_webp,dpr_2.6,q_60,w_210,c_limit,fl_progressive/assets/images/22688440/2023/4/27/6de6de88-3b31-420e-ba53-5b977d053d761682576783956-Urban-Revivo-Charcoal-A-Line-Dress-3051682576783634-1.jpg;
https://assets.myntassets.com/f_webp,dpr_2.8,q_60,w_210,c_limit,fl_progressive/assets/images/22688440/2023/4/27/6de6de88-3b31-420e-ba53-5b977d053d761682576783956-Urban-Revivo-Charcoal-A-Line-Dress-3051682576783634-1.jpg",2249,2999,0,0,25,Urban Revivo,https://www.myntra.com/dresses/urban-revivo/urban-revivo-cotton-knitted-twisted-a-line-dress/22688440/buy
59,Modal Oversized T-shirt,"https://assets.myntassets.com/f_webp,dpr_1.0,q_60,w_210,c_limit,fl_progressive/assets/images/22746652/2023/4/12/b5232ab3-6a74-444e-9c39-7b6c973dfba71681324179272Tshirts1.jpg;
https://assets.myntassets.com/f_webp,dpr_1.8,q_60,w_210,c_limit,fl_progressive/assets/images/22746652/2023/4/12/b5232ab3-6a74-444e-9c39-7b6c973dfba71681324179272Tshirts1.jpg;
https://assets.myntassets.com/f_webp,dpr_2.0,q_60,w_210,c_limit,fl_progressive/assets/images/22746652/2023/4/12/b5232ab3-6a74-444e-9c39-7b6c973dfba71681324179272Tshirts1.jpg;
https://assets.myntassets.com/f_webp,dpr_2.2,q_60,w_210,c_limit,fl_progressive/assets/images/22746652/2023/4/12/b5232ab3-6a74-444e-9c39-7b6c973dfba71681324179272Tshirts1.jpg;
https://assets.myntassets.com/f_webp,dpr_2.4,q_60,w_210,c_limit,fl_progressive/assets/images/22746652/2023/4/12/b5232ab3-6a74-444e-9c39-7b6c973dfba71681324179272Tshirts1.jpg;
https://assets.myntassets.com/f_webp,dpr_2.6,q_60,w_210,c_limit,fl_progressive/assets/images/22746652/2023/4/12/b5232ab3-6a74-444e-9c39-7b6c973dfba71681324179272Tshirts1.jpg;
https://assets.myntassets.com/f_webp,dpr_2.8,q_60,w_210,c_limit,fl_progressive/assets/images/22746652/2023/4/12/b5232ab3-6a74-444e-9c39-7b6c973dfba71681324179272Tshirts1.jpg",749,1049,0,0,300,Kanvin,https://www.myntra.com/tshirts/kanvin/kanvin-mauve-floral-printed-drop-shoulder-sleeves-modal-oversized-t-shirt/22746652/buy
60,Flared Sleeve Maxi Dress,"https://assets.myntassets.com/f_webp,dpr_1.0,q_60,w_210,c_limit,fl_progressive/assets/images/22954274/2023/4/29/070ac243-c370-466a-813e-15a7f2ce524a1682741925776StyliMaroonCapeSleeveMaxiDress1.jpg;
https://assets.myntassets.com/f_webp,dpr_1.8,q_60,w_210,c_limit,fl_progressive/assets/images/22954274/2023/4/29/070ac243-c370-466a-813e-15a7f2ce524a1682741925776StyliMaroonCapeSleeveMaxiDress1.jpg;
https://assets.myntassets.com/f_webp,dpr_2.0,q_60,w_210,c_limit,fl_progressive/assets/images/22954274/2023/4/29/070ac243-c370-466a-813e-15a7f2ce524a1682741925776StyliMaroonCapeSleeveMaxiDress1.jpg;
https://assets.myntassets.com/f_webp,dpr_2.2,q_60,w_210,c_limit,fl_progressive/assets/images/22954274/2023/4/29/070ac243-c370-466a-813e-15a7f2ce524a1682741925776StyliMaroonCapeSleeveMaxiDress1.jpg;
https://assets.myntassets.com/f_webp,dpr_2.4,q_60,w_210,c_limit,fl_progressive/assets/images/22954274/2023/4/29/070ac243-c370-466a-813e-15a7f2ce524a1682741925776StyliMaroonCapeSleeveMaxiDress1.jpg;
https://assets.myntassets.com/f_webp,dpr_2.6,q_60,w_210,c_limit,fl_progressive/assets/images/22954274/2023/4/29/070ac243-c370-466a-813e-15a7f2ce524a1682741925776StyliMaroonCapeSleeveMaxiDress1.jpg;
https://assets.myntassets.com/f_webp,dpr_2.8,q_60,w_210,c_limit,fl_progressive/assets/images/22954274/2023/4/29/070ac243-c370-466a-813e-15a7f2ce524a1682741925776StyliMaroonCapeSleeveMaxiDress1.jpg",1449,1449,0,0,0,Styli,https://www.myntra.com/dresses/styli/styli-flared-sleeve-maxi-dress/22954274/buy
61,Women Straight Fit Jeans,"https://assets.myntassets.com/f_webp,dpr_1.0,q_60,w_210,c_limit,fl_progressive/assets/images/22953654/2023/4/29/071594a4-6fd2-4e1b-ba1d-a2477092caa61682760652867ELLISWomenBlueSmartStraightFitLowDistressJeans1.jpg;
https://assets.myntassets.com/f_webp,dpr_1.8,q_60,w_210,c_limit,fl_progressive/assets/images/22953654/2023/4/29/071594a4-6fd2-4e1b-ba1d-a2477092caa61682760652867ELLISWomenBlueSmartStraightFitLowDistressJeans1.jpg;
https://assets.myntassets.com/f_webp,dpr_2.0,q_60,w_210,c_limit,fl_progressive/assets/images/22953654/2023/4/29/071594a4-6fd2-4e1b-ba1d-a2477092caa61682760652867ELLISWomenBlueSmartStraightFitLowDistressJeans1.jpg;
https://assets.myntassets.com/f_webp,dpr_2.2,q_60,w_210,c_limit,fl_progressive/assets/images/22953654/2023/4/29/071594a4-6fd2-4e1b-ba1d-a2477092caa61682760652867ELLISWomenBlueSmartStraightFitLowDistressJeans1.jpg;
https://assets.myntassets.com/f_webp,dpr_2.4,q_60,w_210,c_limit,fl_progressive/assets/images/22953654/2023/4/29/071594a4-6fd2-4e1b-ba1d-a2477092caa61682760652867ELLISWomenBlueSmartStraightFitLowDistressJeans1.jpg;
https://assets.myntassets.com/f_webp,dpr_2.6,q_60,w_210,c_limit,fl_progressive/assets/images/22953654/2023/4/29/071594a4-6fd2-4e1b-ba1d-a2477092caa61682760652867ELLISWomenBlueSmartStraightFitLowDistressJeans1.jpg;
https://assets.myntassets.com/f_webp,dpr_2.8,q_60,w_210,c_limit,fl_progressive/assets/images/22953654/2023/4/29/071594a4-6fd2-4e1b-ba1d-a2477092caa61682760652867ELLISWomenBlueSmartStraightFitLowDistressJeans1.jpg",2199,2199,0,0,0,ELLIS,https://www.myntra.com/jeans/ellis/ellis-women-blue-smart-straight-fit-low-distress-jeans/22953654/buy
62,V-Neck Shirt Style Top,"https://assets.myntassets.com/f_webp,dpr_1.0,q_60,w_210,c_limit,fl_progressive/assets/images/22929344/2023/4/28/96ff188e-5001-4d8f-808a-53d183d980791682650075300RAASSIOTurquoiseBlueMandarinCollarCrepeShirtStyleTop1.jpg;
https://assets.myntassets.com/f_webp,dpr_1.8,q_60,w_210,c_limit,fl_progressive/assets/images/22929344/2023/4/28/96ff188e-5001-4d8f-808a-53d183d980791682650075300RAASSIOTurquoiseBlueMandarinCollarCrepeShirtStyleTop1.jpg;
https://assets.myntassets.com/f_webp,dpr_2.0,q_60,w_210,c_limit,fl_progressive/assets/images/22929344/2023/4/28/96ff188e-5001-4d8f-808a-53d183d980791682650075300RAASSIOTurquoiseBlueMandarinCollarCrepeShirtStyleTop1.jpg;
https://assets.myntassets.com/f_webp,dpr_2.2,q_60,w_210,c_limit,fl_progressive/assets/images/22929344/2023/4/28/96ff188e-5001-4d8f-808a-53d183d980791682650075300RAASSIOTurquoiseBlueMandarinCollarCrepeShirtStyleTop1.jpg;
https://assets.myntassets.com/f_webp,dpr_2.4,q_60,w_210,c_limit,fl_progressive/assets/images/22929344/2023/4/28/96ff188e-5001-4d8f-808a-53d183d980791682650075300RAASSIOTurquoiseBlueMandarinCollarCrepeShirtStyleTop1.jpg;
https://assets.myntassets.com/f_webp,dpr_2.6,q_60,w_210,c_limit,fl_progressive/assets/images/22929344/2023/4/28/96ff188e-5001-4d8f-808a-53d183d980791682650075300RAASSIOTurquoiseBlueMandarinCollarCrepeShirtStyleTop1.jpg;
https://assets.myntassets.com/f_webp,dpr_2.8,q_60,w_210,c_limit,fl_progressive/assets/images/22929344/2023/4/28/96ff188e-5001-4d8f-808a-53d183d980791682650075300RAASSIOTurquoiseBlueMandarinCollarCrepeShirtStyleTop1.jpg",797,1899,0,0,58,RAASSIO,https://www.myntra.com/tops/raassio/raassio-v-neck-shirt-style-top/22929344/buy
63,Striped Halter Neck Top,"https://assets.myntassets.com/f_webp,dpr_1.0,q_60,w_210,c_limit,fl_progressive/assets/images/22961004/2023/4/29/d7ac0d7b-99c5-4fe9-a2cd-70bf9f459f531682778111202Tops1.jpg;
https://assets.myntassets.com/f_webp,dpr_1.8,q_60,w_210,c_limit,fl_progressive/assets/images/22961004/2023/4/29/d7ac0d7b-99c5-4fe9-a2cd-70bf9f459f531682778111202Tops1.jpg;
https://assets.myntassets.com/f_webp,dpr_2.0,q_60,w_210,c_limit,fl_progressive/assets/images/22961004/2023/4/29/d7ac0d7b-99c5-4fe9-a2cd-70bf9f459f531682778111202Tops1.jpg;
https://assets.myntassets.com/f_webp,dpr_2.2,q_60,w_210,c_limit,fl_progressive/assets/images/22961004/2023/4/29/d7ac0d7b-99c5-4fe9-a2cd-70bf9f459f531682778111202Tops1.jpg;
https://assets.myntassets.com/f_webp,dpr_2.4,q_60,w_210,c_limit,fl_progressive/assets/images/22961004/2023/4/29/d7ac0d7b-99c5-4fe9-a2cd-70bf9f459f531682778111202Tops1.jpg;
https://assets.myntassets.com/f_webp,dpr_2.6,q_60,w_210,c_limit,fl_progressive/assets/images/22961004/2023/4/29/d7ac0d7b-99c5-4fe9-a2cd-70bf9f459f531682778111202Tops1.jpg;
https://assets.myntassets.com/f_webp,dpr_2.8,q_60,w_210,c_limit,fl_progressive/assets/images/22961004/2023/4/29/d7ac0d7b-99c5-4fe9-a2cd-70bf9f459f531682778111202Tops1.jpg",899,2999,0,0,70,GUTI,https://www.myntra.com/tops/guti/guti-blue-striped-halter-neck-cotton-top/22961004/buy
64,Printed Cotton Co-Ords Set,"https://assets.myntassets.com/f_webp,dpr_1.0,q_60,w_210,c_limit,fl_progressive/assets/images/22864272/2023/4/22/b4f944cc-940d-4006-8c89-323c80fc2af31682157111969WHITEMULTIFLORALPRINT3PCKURTASET1.jpg;
https://assets.myntassets.com/f_webp,dpr_1.8,q_60,w_210,c_limit,fl_progressive/assets/images/22864272/2023/4/22/b4f944cc-940d-4006-8c89-323c80fc2af31682157111969WHITEMULTIFLORALPRINT3PCKURTASET1.jpg;
https://assets.myntassets.com/f_webp,dpr_2.0,q_60,w_210,c_limit,fl_progressive/assets/images/22864272/2023/4/22/b4f944cc-940d-4006-8c89-323c80fc2af31682157111969WHITEMULTIFLORALPRINT3PCKURTASET1.jpg;
https://assets.myntassets.com/f_webp,dpr_2.2,q_60,w_210,c_limit,fl_progressive/assets/images/22864272/2023/4/22/b4f944cc-940d-4006-8c89-323c80fc2af31682157111969WHITEMULTIFLORALPRINT3PCKURTASET1.jpg;
https://assets.myntassets.com/f_webp,dpr_2.4,q_60,w_210,c_limit,fl_progressive/assets/images/22864272/2023/4/22/b4f944cc-940d-4006-8c89-323c80fc2af31682157111969WHITEMULTIFLORALPRINT3PCKURTASET1.jpg;
https://assets.myntassets.com/f_webp,dpr_2.6,q_60,w_210,c_limit,fl_progressive/assets/images/22864272/2023/4/22/b4f944cc-940d-4006-8c89-323c80fc2af31682157111969WHITEMULTIFLORALPRINT3PCKURTASET1.jpg;
https://assets.myntassets.com/f_webp,dpr_2.8,q_60,w_210,c_limit,fl_progressive/assets/images/22864272/2023/4/22/b4f944cc-940d-4006-8c89-323c80fc2af31682157111969WHITEMULTIFLORALPRINT3PCKURTASET1.jpg",1399,3499,0,0,60,TAG 7,https://www.myntra.com/co-ords/tag-7/tag-7-tropical-print-cotton-top-with-trousers--long-shrug/22864272/buy
65,Striped Pocket Detail T-shirt,"https://assets.myntassets.com/f_webp,dpr_1.0,q_60,w_210,c_limit,fl_progressive/assets/images/21188150/2023/4/28/1f185dc1-2819-4768-a530-2ed1b5acb8d51682657447537-Mast--Harbour-Women-Tshirts-2401682657447120-1.jpg;
https://assets.myntassets.com/f_webp,dpr_1.8,q_60,w_210,c_limit,fl_progressive/assets/images/21188150/2023/4/28/1f185dc1-2819-4768-a530-2ed1b5acb8d51682657447537-Mast--Harbour-Women-Tshirts-2401682657447120-1.jpg;
https://assets.myntassets.com/f_webp,dpr_2.0,q_60,w_210,c_limit,fl_progressive/assets/images/21188150/2023/4/28/1f185dc1-2819-4768-a530-2ed1b5acb8d51682657447537-Mast--Harbour-Women-Tshirts-2401682657447120-1.jpg;
https://assets.myntassets.com/f_webp,dpr_2.2,q_60,w_210,c_limit,fl_progressive/assets/images/21188150/2023/4/28/1f185dc1-2819-4768-a530-2ed1b5acb8d51682657447537-Mast--Harbour-Women-Tshirts-2401682657447120-1.jpg;
https://assets.myntassets.com/f_webp,dpr_2.4,q_60,w_210,c_limit,fl_progressive/assets/images/21188150/2023/4/28/1f185dc1-2819-4768-a530-2ed1b5acb8d51682657447537-Mast--Harbour-Women-Tshirts-2401682657447120-1.jpg;
https://assets.myntassets.com/f_webp,dpr_2.6,q_60,w_210,c_limit,fl_progressive/assets/images/21188150/2023/4/28/1f185dc1-2819-4768-a530-2ed1b5acb8d51682657447537-Mast--Harbour-Women-Tshirts-2401682657447120-1.jpg;
https://assets.myntassets.com/f_webp,dpr_2.8,q_60,w_210,c_limit,fl_progressive/assets/images/21188150/2023/4/28/1f185dc1-2819-4768-a530-2ed1b5acb8d51682657447537-Mast--Harbour-Women-Tshirts-2401682657447120-1.jpg",799,799,0,0,0,Mast & Harbour,https://www.myntra.com/tshirts/mast--harbour/mast--harbour-striped-pocket-detail-t-shirt/21188150/buy
66,Women Mid Rise Knitted Tights,"https://assets.myntassets.com/f_webp,dpr_1.0,q_60,w_210,c_limit,fl_progressive/assets/images/22892148/2023/4/25/dbf54e16-333c-4a35-a277-121c3a3d16b71682417297938SweetDreamsWomenSolidAnkleTights1.jpg;
https://assets.myntassets.com/f_webp,dpr_1.8,q_60,w_210,c_limit,fl_progressive/assets/images/22892148/2023/4/25/dbf54e16-333c-4a35-a277-121c3a3d16b71682417297938SweetDreamsWomenSolidAnkleTights1.jpg;
https://assets.myntassets.com/f_webp,dpr_2.0,q_60,w_210,c_limit,fl_progressive/assets/images/22892148/2023/4/25/dbf54e16-333c-4a35-a277-121c3a3d16b71682417297938SweetDreamsWomenSolidAnkleTights1.jpg;
https://assets.myntassets.com/f_webp,dpr_2.2,q_60,w_210,c_limit,fl_progressive/assets/images/22892148/2023/4/25/dbf54e16-333c-4a35-a277-121c3a3d16b71682417297938SweetDreamsWomenSolidAnkleTights1.jpg;
https://assets.myntassets.com/f_webp,dpr_2.4,q_60,w_210,c_limit,fl_progressive/assets/images/22892148/2023/4/25/dbf54e16-333c-4a35-a277-121c3a3d16b71682417297938SweetDreamsWomenSolidAnkleTights1.jpg;
https://assets.myntassets.com/f_webp,dpr_2.6,q_60,w_210,c_limit,fl_progressive/assets/images/22892148/2023/4/25/dbf54e16-333c-4a35-a277-121c3a3d16b71682417297938SweetDreamsWomenSolidAnkleTights1.jpg;
https://assets.myntassets.com/f_webp,dpr_2.8,q_60,w_210,c_limit,fl_progressive/assets/images/22892148/2023/4/25/dbf54e16-333c-4a35-a277-121c3a3d16b71682417297938SweetDreamsWomenSolidAnkleTights1.jpg",1329,1399,0,0,5,Sweet Dreams,https://www.myntra.com/tights/sweet-dreams/sweet-dreams-women-grey-mid-rise-knitted-ankle-length-tights/22892148/buy
67,Kimono Sleeves Kaftan Top,"https://assets.myntassets.com/f_webp,dpr_1.0,q_60,w_210,c_limit,fl_progressive/assets/images/22954644/2023/4/29/dc6921e2-d0b1-4c0f-bf94-f8aeece11e731682769570155DressBerryBrownKimonoSleeveGeorgetteKaftanTop1.jpg;
https://assets.myntassets.com/f_webp,dpr_1.8,q_60,w_210,c_limit,fl_progressive/assets/images/22954644/2023/4/29/dc6921e2-d0b1-4c0f-bf94-f8aeece11e731682769570155DressBerryBrownKimonoSleeveGeorgetteKaftanTop1.jpg;
https://assets.myntassets.com/f_webp,dpr_2.0,q_60,w_210,c_limit,fl_progressive/assets/images/22954644/2023/4/29/dc6921e2-d0b1-4c0f-bf94-f8aeece11e731682769570155DressBerryBrownKimonoSleeveGeorgetteKaftanTop1.jpg;
https://assets.myntassets.com/f_webp,dpr_2.2,q_60,w_210,c_limit,fl_progressive/assets/images/22954644/2023/4/29/dc6921e2-d0b1-4c0f-bf94-f8aeece11e731682769570155DressBerryBrownKimonoSleeveGeorgetteKaftanTop1.jpg;
https://assets.myntassets.com/f_webp,dpr_2.4,q_60,w_210,c_limit,fl_progressive/assets/images/22954644/2023/4/29/dc6921e2-d0b1-4c0f-bf94-f8aeece11e731682769570155DressBerryBrownKimonoSleeveGeorgetteKaftanTop1.jpg;
https://assets.myntassets.com/f_webp,dpr_2.6,q_60,w_210,c_limit,fl_progressive/assets/images/22954644/2023/4/29/dc6921e2-d0b1-4c0f-bf94-f8aeece11e731682769570155DressBerryBrownKimonoSleeveGeorgetteKaftanTop1.jpg;
https://assets.myntassets.com/f_webp,dpr_2.8,q_60,w_210,c_limit,fl_progressive/assets/images/22954644/2023/4/29/dc6921e2-d0b1-4c0f-bf94-f8aeece11e731682769570155DressBerryBrownKimonoSleeveGeorgetteKaftanTop1.jpg",573,1739,0,0,67,DressBerry,https://www.myntra.com/tops/dressberry/dressberry-kimono-sleeves-kaftan-top/22954644/buy
68,Floral Print Wrap Crop Top,"https://assets.myntassets.com/f_webp,dpr_1.0,q_60,w_210,c_limit,fl_progressive/assets/images/22929280/2023/4/28/72458490-6a00-4c53-ae6c-af55e553ad071682629525713SHEETALAssociatesMulticolouredFloralPrintRoll-UpSleevesCrepe1.jpg;
https://assets.myntassets.com/f_webp,dpr_1.8,q_60,w_210,c_limit,fl_progressive/assets/images/22929280/2023/4/28/72458490-6a00-4c53-ae6c-af55e553ad071682629525713SHEETALAssociatesMulticolouredFloralPrintRoll-UpSleevesCrepe1.jpg;
https://assets.myntassets.com/f_webp,dpr_2.0,q_60,w_210,c_limit,fl_progressive/assets/images/22929280/2023/4/28/72458490-6a00-4c53-ae6c-af55e553ad071682629525713SHEETALAssociatesMulticolouredFloralPrintRoll-UpSleevesCrepe1.jpg;
https://assets.myntassets.com/f_webp,dpr_2.2,q_60,w_210,c_limit,fl_progressive/assets/images/22929280/2023/4/28/72458490-6a00-4c53-ae6c-af55e553ad071682629525713SHEETALAssociatesMulticolouredFloralPrintRoll-UpSleevesCrepe1.jpg;
https://assets.myntassets.com/f_webp,dpr_2.4,q_60,w_210,c_limit,fl_progressive/assets/images/22929280/2023/4/28/72458490-6a00-4c53-ae6c-af55e553ad071682629525713SHEETALAssociatesMulticolouredFloralPrintRoll-UpSleevesCrepe1.jpg;
https://assets.myntassets.com/f_webp,dpr_2.6,q_60,w_210,c_limit,fl_progressive/assets/images/22929280/2023/4/28/72458490-6a00-4c53-ae6c-af55e553ad071682629525713SHEETALAssociatesMulticolouredFloralPrintRoll-UpSleevesCrepe1.jpg;
https://assets.myntassets.com/f_webp,dpr_2.8,q_60,w_210,c_limit,fl_progressive/assets/images/22929280/2023/4/28/72458490-6a00-4c53-ae6c-af55e553ad071682629525713SHEETALAssociatesMulticolouredFloralPrintRoll-UpSleevesCrepe1.jpg",1999,1999,0,0,0,SHEETAL Associates,https://www.myntra.com/tops/sheetal-associates/sheetal-associates-floral-print-flutter-sleeved-crepe-wrap-crop-top/22929280/buy
69,Printed A-Line Midi Dress,"https://assets.myntassets.com/f_webp,dpr_1.0,q_60,w_210,c_limit,fl_progressive/assets/images/22924276/2023/4/28/eef31884-130a-4ff0-bf6e-0813cf13b09c1682634182020SASSAFRASRedFloralPrintHalterNeckCrepeA-LineDress1.jpg;
https://assets.myntassets.com/f_webp,dpr_1.8,q_60,w_210,c_limit,fl_progressive/assets/images/22924276/2023/4/28/eef31884-130a-4ff0-bf6e-0813cf13b09c1682634182020SASSAFRASRedFloralPrintHalterNeckCrepeA-LineDress1.jpg;
https://assets.myntassets.com/f_webp,dpr_2.0,q_60,w_210,c_limit,fl_progressive/assets/images/22924276/2023/4/28/eef31884-130a-4ff0-bf6e-0813cf13b09c1682634182020SASSAFRASRedFloralPrintHalterNeckCrepeA-LineDress1.jpg;
https://assets.myntassets.com/f_webp,dpr_2.2,q_60,w_210,c_limit,fl_progressive/assets/images/22924276/2023/4/28/eef31884-130a-4ff0-bf6e-0813cf13b09c1682634182020SASSAFRASRedFloralPrintHalterNeckCrepeA-LineDress1.jpg;
https://assets.myntassets.com/f_webp,dpr_2.4,q_60,w_210,c_limit,fl_progressive/assets/images/22924276/2023/4/28/eef31884-130a-4ff0-bf6e-0813cf13b09c1682634182020SASSAFRASRedFloralPrintHalterNeckCrepeA-LineDress1.jpg;
https://assets.myntassets.com/f_webp,dpr_2.6,q_60,w_210,c_limit,fl_progressive/assets/images/22924276/2023/4/28/eef31884-130a-4ff0-bf6e-0813cf13b09c1682634182020SASSAFRASRedFloralPrintHalterNeckCrepeA-LineDress1.jpg;
https://assets.myntassets.com/f_webp,dpr_2.8,q_60,w_210,c_limit,fl_progressive/assets/images/22924276/2023/4/28/eef31884-130a-4ff0-bf6e-0813cf13b09c1682634182020SASSAFRASRedFloralPrintHalterNeckCrepeA-LineDress1.jpg",1399,1999,0,0,30,SASSAFRAS,https://www.myntra.com/dresses/sassafras/sassafras-orange-floral-printed-shoulder-strap-crepe-a-line-midi-dress/22924276/buy
70,Tropical Print Wrap Midi Dress,"https://assets.myntassets.com/f_webp,dpr_1.0,q_60,w_210,c_limit,fl_progressive/assets/images/22688358/2023/4/27/56be67f5-940f-4fbf-9d7a-0538dc82a9371682592302497-Urban-Revivo-Tropical-Print-Twisted-Front-Wrap-Midi-Dress-10-1.jpg;
https://assets.myntassets.com/f_webp,dpr_1.8,q_60,w_210,c_limit,fl_progressive/assets/images/22688358/2023/4/27/56be67f5-940f-4fbf-9d7a-0538dc82a9371682592302497-Urban-Revivo-Tropical-Print-Twisted-Front-Wrap-Midi-Dress-10-1.jpg;
https://assets.myntassets.com/f_webp,dpr_2.0,q_60,w_210,c_limit,fl_progressive/assets/images/22688358/2023/4/27/56be67f5-940f-4fbf-9d7a-0538dc82a9371682592302497-Urban-Revivo-Tropical-Print-Twisted-Front-Wrap-Midi-Dress-10-1.jpg;
https://assets.myntassets.com/f_webp,dpr_2.2,q_60,w_210,c_limit,fl_progressive/assets/images/22688358/2023/4/27/56be67f5-940f-4fbf-9d7a-0538dc82a9371682592302497-Urban-Revivo-Tropical-Print-Twisted-Front-Wrap-Midi-Dress-10-1.jpg;
https://assets.myntassets.com/f_webp,dpr_2.4,q_60,w_210,c_limit,fl_progressive/assets/images/22688358/2023/4/27/56be67f5-940f-4fbf-9d7a-0538dc82a9371682592302497-Urban-Revivo-Tropical-Print-Twisted-Front-Wrap-Midi-Dress-10-1.jpg;
https://assets.myntassets.com/f_webp,dpr_2.6,q_60,w_210,c_limit,fl_progressive/assets/images/22688358/2023/4/27/56be67f5-940f-4fbf-9d7a-0538dc82a9371682592302497-Urban-Revivo-Tropical-Print-Twisted-Front-Wrap-Midi-Dress-10-1.jpg;
https://assets.myntassets.com/f_webp,dpr_2.8,q_60,w_210,c_limit,fl_progressive/assets/images/22688358/2023/4/27/56be67f5-940f-4fbf-9d7a-0538dc82a9371682592302497-Urban-Revivo-Tropical-Print-Twisted-Front-Wrap-Midi-Dress-10-1.jpg",4199,5599,0,0,25,Urban Revivo,https://www.myntra.com/dresses/urban-revivo/urban-revivo-tropical-print-twisted-front-wrap-midi-dress/22688358/buy
71,Wrap-Style T-shirt Midi Dress,"https://assets.myntassets.com/f_webp,dpr_1.0,q_60,w_210,c_limit,fl_progressive/assets/images/22688302/2023/4/26/ea31548e-2123-4804-9802-cbc0119bfea41682493387197SkirtsUrbanRevivoWomenSkirtsUrbanRevivoWomenSkirtsUrbanReviv1.jpg;
https://assets.myntassets.com/f_webp,dpr_1.8,q_60,w_210,c_limit,fl_progressive/assets/images/22688302/2023/4/26/ea31548e-2123-4804-9802-cbc0119bfea41682493387197SkirtsUrbanRevivoWomenSkirtsUrbanRevivoWomenSkirtsUrbanReviv1.jpg;
https://assets.myntassets.com/f_webp,dpr_2.0,q_60,w_210,c_limit,fl_progressive/assets/images/22688302/2023/4/26/ea31548e-2123-4804-9802-cbc0119bfea41682493387197SkirtsUrbanRevivoWomenSkirtsUrbanRevivoWomenSkirtsUrbanReviv1.jpg;
https://assets.myntassets.com/f_webp,dpr_2.2,q_60,w_210,c_limit,fl_progressive/assets/images/22688302/2023/4/26/ea31548e-2123-4804-9802-cbc0119bfea41682493387197SkirtsUrbanRevivoWomenSkirtsUrbanRevivoWomenSkirtsUrbanReviv1.jpg;
https://assets.myntassets.com/f_webp,dpr_2.4,q_60,w_210,c_limit,fl_progressive/assets/images/22688302/2023/4/26/ea31548e-2123-4804-9802-cbc0119bfea41682493387197SkirtsUrbanRevivoWomenSkirtsUrbanRevivoWomenSkirtsUrbanReviv1.jpg;
https://assets.myntassets.com/f_webp,dpr_2.6,q_60,w_210,c_limit,fl_progressive/assets/images/22688302/2023/4/26/ea31548e-2123-4804-9802-cbc0119bfea41682493387197SkirtsUrbanRevivoWomenSkirtsUrbanRevivoWomenSkirtsUrbanReviv1.jpg;
https://assets.myntassets.com/f_webp,dpr_2.8,q_60,w_210,c_limit,fl_progressive/assets/images/22688302/2023/4/26/ea31548e-2123-4804-9802-cbc0119bfea41682493387197SkirtsUrbanRevivoWomenSkirtsUrbanRevivoWomenSkirtsUrbanReviv1.jpg",2249,2999,0,0,25,Urban Revivo,https://www.myntra.com/dresses/urban-revivo/urban-revivo-pure-cotton-wrap-style-t-shirt-midi-dress/22688302/buy
72,Women Extended Sleeves T-shirt,"https://assets.myntassets.com/f_webp,dpr_1.0,q_60,w_210,c_limit,fl_progressive/assets/images/21971156/2023/5/2/038dbefe-cd60-443a-a32c-f0905c7dd49c1682996602669-The-Roadster-Lifestyle-Co-Women-Extended-Sleeves-T-shirt-505-1.jpg;
https://assets.myntassets.com/f_webp,dpr_1.8,q_60,w_210,c_limit,fl_progressive/assets/images/21971156/2023/5/2/038dbefe-cd60-443a-a32c-f0905c7dd49c1682996602669-The-Roadster-Lifestyle-Co-Women-Extended-Sleeves-T-shirt-505-1.jpg;
https://assets.myntassets.com/f_webp,dpr_2.0,q_60,w_210,c_limit,fl_progressive/assets/images/21971156/2023/5/2/038dbefe-cd60-443a-a32c-f0905c7dd49c1682996602669-The-Roadster-Lifestyle-Co-Women-Extended-Sleeves-T-shirt-505-1.jpg;
https://assets.myntassets.com/f_webp,dpr_2.2,q_60,w_210,c_limit,fl_progressive/assets/images/21971156/2023/5/2/038dbefe-cd60-443a-a32c-f0905c7dd49c1682996602669-The-Roadster-Lifestyle-Co-Women-Extended-Sleeves-T-shirt-505-1.jpg;
https://assets.myntassets.com/f_webp,dpr_2.4,q_60,w_210,c_limit,fl_progressive/assets/images/21971156/2023/5/2/038dbefe-cd60-443a-a32c-f0905c7dd49c1682996602669-The-Roadster-Lifestyle-Co-Women-Extended-Sleeves-T-shirt-505-1.jpg;
https://assets.myntassets.com/f_webp,dpr_2.6,q_60,w_210,c_limit,fl_progressive/assets/images/21971156/2023/5/2/038dbefe-cd60-443a-a32c-f0905c7dd49c1682996602669-The-Roadster-Lifestyle-Co-Women-Extended-Sleeves-T-shirt-505-1.jpg;
https://assets.myntassets.com/f_webp,dpr_2.8,q_60,w_210,c_limit,fl_progressive/assets/images/21971156/2023/5/2/038dbefe-cd60-443a-a32c-f0905c7dd49c1682996602669-The-Roadster-Lifestyle-Co-Women-Extended-Sleeves-T-shirt-505-1.jpg",799,799,0,0,0,Roadster,https://www.myntra.com/tshirts/roadster/the-roadster-lifestyle-co-women-extended-sleeves-t-shirt/21971156/buy
73,Women Mid Rise Cotton Leggings,"https://assets.myntassets.com/f_webp,dpr_1.0,q_60,w_210,c_limit,fl_progressive/assets/images/22941504/2023/4/28/6e7c927e-3ee4-44d8-ad50-cf7ea54914bc1682677619972Trousers1.jpg;
https://assets.myntassets.com/f_webp,dpr_1.8,q_60,w_210,c_limit,fl_progressive/assets/images/22941504/2023/4/28/6e7c927e-3ee4-44d8-ad50-cf7ea54914bc1682677619972Trousers1.jpg;
https://assets.myntassets.com/f_webp,dpr_2.0,q_60,w_210,c_limit,fl_progressive/assets/images/22941504/2023/4/28/6e7c927e-3ee4-44d8-ad50-cf7ea54914bc1682677619972Trousers1.jpg;
https://assets.myntassets.com/f_webp,dpr_2.2,q_60,w_210,c_limit,fl_progressive/assets/images/22941504/2023/4/28/6e7c927e-3ee4-44d8-ad50-cf7ea54914bc1682677619972Trousers1.jpg;
https://assets.myntassets.com/f_webp,dpr_2.4,q_60,w_210,c_limit,fl_progressive/assets/images/22941504/2023/4/28/6e7c927e-3ee4-44d8-ad50-cf7ea54914bc1682677619972Trousers1.jpg;
https://assets.myntassets.com/f_webp,dpr_2.6,q_60,w_210,c_limit,fl_progressive/assets/images/22941504/2023/4/28/6e7c927e-3ee4-44d8-ad50-cf7ea54914bc1682677619972Trousers1.jpg;
https://assets.myntassets.com/f_webp,dpr_2.8,q_60,w_210,c_limit,fl_progressive/assets/images/22941504/2023/4/28/6e7c927e-3ee4-44d8-ad50-cf7ea54914bc1682677619972Trousers1.jpg",494,549,0,0,10,LYRA,https://www.myntra.com/leggings/lyra/lyra-women-original-mid-rise-cotton-leggings/22941504/buy
74,Women Pack Of 3 Sports Shorts,"https://assets.myntassets.com/f_webp,dpr_1.0,q_60,w_210,c_limit,fl_progressive/assets/images/22945730/2023/4/29/1d5541bb-237f-4c71-8ac5-aa8e3634f9b71682750621163JinfoWomenBeigeYogaSportsShorts1.jpg;
https://assets.myntassets.com/f_webp,dpr_1.8,q_60,w_210,c_limit,fl_progressive/assets/images/22945730/2023/4/29/1d5541bb-237f-4c71-8ac5-aa8e3634f9b71682750621163JinfoWomenBeigeYogaSportsShorts1.jpg;
https://assets.myntassets.com/f_webp,dpr_2.0,q_60,w_210,c_limit,fl_progressive/assets/images/22945730/2023/4/29/1d5541bb-237f-4c71-8ac5-aa8e3634f9b71682750621163JinfoWomenBeigeYogaSportsShorts1.jpg;
https://assets.myntassets.com/f_webp,dpr_2.2,q_60,w_210,c_limit,fl_progressive/assets/images/22945730/2023/4/29/1d5541bb-237f-4c71-8ac5-aa8e3634f9b71682750621163JinfoWomenBeigeYogaSportsShorts1.jpg;
https://assets.myntassets.com/f_webp,dpr_2.4,q_60,w_210,c_limit,fl_progressive/assets/images/22945730/2023/4/29/1d5541bb-237f-4c71-8ac5-aa8e3634f9b71682750621163JinfoWomenBeigeYogaSportsShorts1.jpg;
https://assets.myntassets.com/f_webp,dpr_2.6,q_60,w_210,c_limit,fl_progressive/assets/images/22945730/2023/4/29/1d5541bb-237f-4c71-8ac5-aa8e3634f9b71682750621163JinfoWomenBeigeYogaSportsShorts1.jpg;
https://assets.myntassets.com/f_webp,dpr_2.8,q_60,w_210,c_limit,fl_progressive/assets/images/22945730/2023/4/29/1d5541bb-237f-4c71-8ac5-aa8e3634f9b71682750621163JinfoWomenBeigeYogaSportsShorts1.jpg",575,1799,0,0,68,Jinfo,https://www.myntra.com/shorts/jinfo/jinfo-women-pack-of-3-sports-shorts/22945730/buy
75,Women Straight Fit High-Rise Jeans,"https://assets.myntassets.com/f_webp,dpr_1.0,q_60,w_210,c_limit,fl_progressive/assets/images/22688658/2023/4/27/87157135-8e6e-4b0b-87ed-1a1de4b02cdd1682590304474-Urban-Revivo-Women-Straight-Fit-High-Rise-Light-Fade-Jeans-1-1.jpg;
https://assets.myntassets.com/f_webp,dpr_1.8,q_60,w_210,c_limit,fl_progressive/assets/images/22688658/2023/4/27/87157135-8e6e-4b0b-87ed-1a1de4b02cdd1682590304474-Urban-Revivo-Women-Straight-Fit-High-Rise-Light-Fade-Jeans-1-1.jpg;
https://assets.myntassets.com/f_webp,dpr_2.0,q_60,w_210,c_limit,fl_progressive/assets/images/22688658/2023/4/27/87157135-8e6e-4b0b-87ed-1a1de4b02cdd1682590304474-Urban-Revivo-Women-Straight-Fit-High-Rise-Light-Fade-Jeans-1-1.jpg;
https://assets.myntassets.com/f_webp,dpr_2.2,q_60,w_210,c_limit,fl_progressive/assets/images/22688658/2023/4/27/87157135-8e6e-4b0b-87ed-1a1de4b02cdd1682590304474-Urban-Revivo-Women-Straight-Fit-High-Rise-Light-Fade-Jeans-1-1.jpg;
https://assets.myntassets.com/f_webp,dpr_2.4,q_60,w_210,c_limit,fl_progressive/assets/images/22688658/2023/4/27/87157135-8e6e-4b0b-87ed-1a1de4b02cdd1682590304474-Urban-Revivo-Women-Straight-Fit-High-Rise-Light-Fade-Jeans-1-1.jpg;
https://assets.myntassets.com/f_webp,dpr_2.6,q_60,w_210,c_limit,fl_progressive/assets/images/22688658/2023/4/27/87157135-8e6e-4b0b-87ed-1a1de4b02cdd1682590304474-Urban-Revivo-Women-Straight-Fit-High-Rise-Light-Fade-Jeans-1-1.jpg;
https://assets.myntassets.com/f_webp,dpr_2.8,q_60,w_210,c_limit,fl_progressive/assets/images/22688658/2023/4/27/87157135-8e6e-4b0b-87ed-1a1de4b02cdd1682590304474-Urban-Revivo-Women-Straight-Fit-High-Rise-Light-Fade-Jeans-1-1.jpg",2999,3999,0,0,25,Urban Revivo,https://www.myntra.com/jeans/urban-revivo/urban-revivo-women-straight-fit-high-rise-light-fade-jeans/22688658/buy
76,Fitted Cinched Waist Top,"https://assets.myntassets.com/f_webp,dpr_1.0,q_60,w_210,c_limit,fl_progressive/assets/images/22933492/2023/4/28/5376c1f4-65e2-4c04-b424-ad62c24d32f81682670563249NEUDISGreenCinchedWaistTop1.jpg;
https://assets.myntassets.com/f_webp,dpr_1.8,q_60,w_210,c_limit,fl_progressive/assets/images/22933492/2023/4/28/5376c1f4-65e2-4c04-b424-ad62c24d32f81682670563249NEUDISGreenCinchedWaistTop1.jpg;
https://assets.myntassets.com/f_webp,dpr_2.0,q_60,w_210,c_limit,fl_progressive/assets/images/22933492/2023/4/28/5376c1f4-65e2-4c04-b424-ad62c24d32f81682670563249NEUDISGreenCinchedWaistTop1.jpg;
https://assets.myntassets.com/f_webp,dpr_2.2,q_60,w_210,c_limit,fl_progressive/assets/images/22933492/2023/4/28/5376c1f4-65e2-4c04-b424-ad62c24d32f81682670563249NEUDISGreenCinchedWaistTop1.jpg;
https://assets.myntassets.com/f_webp,dpr_2.4,q_60,w_210,c_limit,fl_progressive/assets/images/22933492/2023/4/28/5376c1f4-65e2-4c04-b424-ad62c24d32f81682670563249NEUDISGreenCinchedWaistTop1.jpg;
https://assets.myntassets.com/f_webp,dpr_2.6,q_60,w_210,c_limit,fl_progressive/assets/images/22933492/2023/4/28/5376c1f4-65e2-4c04-b424-ad62c24d32f81682670563249NEUDISGreenCinchedWaistTop1.jpg;
https://assets.myntassets.com/f_webp,dpr_2.8,q_60,w_210,c_limit,fl_progressive/assets/images/22933492/2023/4/28/5376c1f4-65e2-4c04-b424-ad62c24d32f81682670563249NEUDISGreenCinchedWaistTop1.jpg",1239,3099,0,0,60,NEUDIS,https://www.myntra.com/tops/neudis/neudis-fitted-cinched-waist-top/22933492/buy
77,Women Pack Of 3 Sports Shorts,"https://assets.myntassets.com/f_webp,dpr_1.0,q_60,w_210,c_limit,fl_progressive/assets/images/22945760/2023/4/29/741d18f2-bbb3-42ee-ad15-697529b8a15c1682741334653JinfoWomenPinkYogaSportsShorts1.jpg;
https://assets.myntassets.com/f_webp,dpr_1.8,q_60,w_210,c_limit,fl_progressive/assets/images/22945760/2023/4/29/741d18f2-bbb3-42ee-ad15-697529b8a15c1682741334653JinfoWomenPinkYogaSportsShorts1.jpg;
https://assets.myntassets.com/f_webp,dpr_2.0,q_60,w_210,c_limit,fl_progressive/assets/images/22945760/2023/4/29/741d18f2-bbb3-42ee-ad15-697529b8a15c1682741334653JinfoWomenPinkYogaSportsShorts1.jpg;
https://assets.myntassets.com/f_webp,dpr_2.2,q_60,w_210,c_limit,fl_progressive/assets/images/22945760/2023/4/29/741d18f2-bbb3-42ee-ad15-697529b8a15c1682741334653JinfoWomenPinkYogaSportsShorts1.jpg;
https://assets.myntassets.com/f_webp,dpr_2.4,q_60,w_210,c_limit,fl_progressive/assets/images/22945760/2023/4/29/741d18f2-bbb3-42ee-ad15-697529b8a15c1682741334653JinfoWomenPinkYogaSportsShorts1.jpg;
https://assets.myntassets.com/f_webp,dpr_2.6,q_60,w_210,c_limit,fl_progressive/assets/images/22945760/2023/4/29/741d18f2-bbb3-42ee-ad15-697529b8a15c1682741334653JinfoWomenPinkYogaSportsShorts1.jpg;
https://assets.myntassets.com/f_webp,dpr_2.8,q_60,w_210,c_limit,fl_progressive/assets/images/22945760/2023/4/29/741d18f2-bbb3-42ee-ad15-697529b8a15c1682741334653JinfoWomenPinkYogaSportsShorts1.jpg",575,1799,0,0,68,Jinfo,https://www.myntra.com/shorts/jinfo/jinfo-women-pack-of-3-sports-shorts/22945760/buy
78,Women Mid Rise Shorts,"https://assets.myntassets.com/f_webp,dpr_1.0,q_60,w_210,c_limit,fl_progressive/assets/images/22959012/2023/4/29/d5b95c79-fd80-4e3f-ae94-6a0cdb59ae691682758143393BRINNSWomenNavyBlueShorts1.jpg;
https://assets.myntassets.com/f_webp,dpr_1.8,q_60,w_210,c_limit,fl_progressive/assets/images/22959012/2023/4/29/d5b95c79-fd80-4e3f-ae94-6a0cdb59ae691682758143393BRINNSWomenNavyBlueShorts1.jpg;
https://assets.myntassets.com/f_webp,dpr_2.0,q_60,w_210,c_limit,fl_progressive/assets/images/22959012/2023/4/29/d5b95c79-fd80-4e3f-ae94-6a0cdb59ae691682758143393BRINNSWomenNavyBlueShorts1.jpg;
https://assets.myntassets.com/f_webp,dpr_2.2,q_60,w_210,c_limit,fl_progressive/assets/images/22959012/2023/4/29/d5b95c79-fd80-4e3f-ae94-6a0cdb59ae691682758143393BRINNSWomenNavyBlueShorts1.jpg;
https://assets.myntassets.com/f_webp,dpr_2.4,q_60,w_210,c_limit,fl_progressive/assets/images/22959012/2023/4/29/d5b95c79-fd80-4e3f-ae94-6a0cdb59ae691682758143393BRINNSWomenNavyBlueShorts1.jpg;
https://assets.myntassets.com/f_webp,dpr_2.6,q_60,w_210,c_limit,fl_progressive/assets/images/22959012/2023/4/29/d5b95c79-fd80-4e3f-ae94-6a0cdb59ae691682758143393BRINNSWomenNavyBlueShorts1.jpg;
https://assets.myntassets.com/f_webp,dpr_2.8,q_60,w_210,c_limit,fl_progressive/assets/images/22959012/2023/4/29/d5b95c79-fd80-4e3f-ae94-6a0cdb59ae691682758143393BRINNSWomenNavyBlueShorts1.jpg",531,1399,0,0,62,BRINNS,https://www.myntra.com/shorts/brinns/brinns-women-mid-rise-knitted-shorts/22959012/buy
79,Women Pack Of 3 Yoga Shorts,"https://assets.myntassets.com/f_webp,dpr_1.0,q_60,w_210,c_limit,fl_progressive/assets/images/22945734/2023/4/28/8bffe652-7cb9-4f82-b35c-1c2aad5262cb1682691374304JinfoWomenBeigeColourblockedYogaSportsShorts1.jpg;
https://assets.myntassets.com/f_webp,dpr_1.8,q_60,w_210,c_limit,fl_progressive/assets/images/22945734/2023/4/28/8bffe652-7cb9-4f82-b35c-1c2aad5262cb1682691374304JinfoWomenBeigeColourblockedYogaSportsShorts1.jpg;
https://assets.myntassets.com/f_webp,dpr_2.0,q_60,w_210,c_limit,fl_progressive/assets/images/22945734/2023/4/28/8bffe652-7cb9-4f82-b35c-1c2aad5262cb1682691374304JinfoWomenBeigeColourblockedYogaSportsShorts1.jpg;
https://assets.myntassets.com/f_webp,dpr_2.2,q_60,w_210,c_limit,fl_progressive/assets/images/22945734/2023/4/28/8bffe652-7cb9-4f82-b35c-1c2aad5262cb1682691374304JinfoWomenBeigeColourblockedYogaSportsShorts1.jpg;
https://assets.myntassets.com/f_webp,dpr_2.4,q_60,w_210,c_limit,fl_progressive/assets/images/22945734/2023/4/28/8bffe652-7cb9-4f82-b35c-1c2aad5262cb1682691374304JinfoWomenBeigeColourblockedYogaSportsShorts1.jpg;
https://assets.myntassets.com/f_webp,dpr_2.6,q_60,w_210,c_limit,fl_progressive/assets/images/22945734/2023/4/28/8bffe652-7cb9-4f82-b35c-1c2aad5262cb1682691374304JinfoWomenBeigeColourblockedYogaSportsShorts1.jpg;
https://assets.myntassets.com/f_webp,dpr_2.8,q_60,w_210,c_limit,fl_progressive/assets/images/22945734/2023/4/28/8bffe652-7cb9-4f82-b35c-1c2aad5262cb1682691374304JinfoWomenBeigeColourblockedYogaSportsShorts1.jpg",575,1799,0,0,68,Jinfo,https://www.myntra.com/shorts/jinfo/jinfo-women-pack-of-3-mid-rise-sports-shorts/22945734/buy
80,Geometric Printed Top,"https://assets.myntassets.com/f_webp,dpr_1.0,q_60,w_210,c_limit,fl_progressive/assets/images/22959008/2023/4/29/d8ba93f1-fdcd-4cc9-b8f1-3612c0178f1c1682773537114BRINNSMulticolouredGeometricPrintCrepeTop1.jpg;
https://assets.myntassets.com/f_webp,dpr_1.8,q_60,w_210,c_limit,fl_progressive/assets/images/22959008/2023/4/29/d8ba93f1-fdcd-4cc9-b8f1-3612c0178f1c1682773537114BRINNSMulticolouredGeometricPrintCrepeTop1.jpg;
https://assets.myntassets.com/f_webp,dpr_2.0,q_60,w_210,c_limit,fl_progressive/assets/images/22959008/2023/4/29/d8ba93f1-fdcd-4cc9-b8f1-3612c0178f1c1682773537114BRINNSMulticolouredGeometricPrintCrepeTop1.jpg;
https://assets.myntassets.com/f_webp,dpr_2.2,q_60,w_210,c_limit,fl_progressive/assets/images/22959008/2023/4/29/d8ba93f1-fdcd-4cc9-b8f1-3612c0178f1c1682773537114BRINNSMulticolouredGeometricPrintCrepeTop1.jpg;
https://assets.myntassets.com/f_webp,dpr_2.4,q_60,w_210,c_limit,fl_progressive/assets/images/22959008/2023/4/29/d8ba93f1-fdcd-4cc9-b8f1-3612c0178f1c1682773537114BRINNSMulticolouredGeometricPrintCrepeTop1.jpg;
https://assets.myntassets.com/f_webp,dpr_2.6,q_60,w_210,c_limit,fl_progressive/assets/images/22959008/2023/4/29/d8ba93f1-fdcd-4cc9-b8f1-3612c0178f1c1682773537114BRINNSMulticolouredGeometricPrintCrepeTop1.jpg;
https://assets.myntassets.com/f_webp,dpr_2.8,q_60,w_210,c_limit,fl_progressive/assets/images/22959008/2023/4/29/d8ba93f1-fdcd-4cc9-b8f1-3612c0178f1c1682773537114BRINNSMulticolouredGeometricPrintCrepeTop1.jpg",759,1999,0,0,62,BRINNS,https://www.myntra.com/tops/brinns/brinns-geometric-printed-boat-neck-top/22959008/buy
81,Printed Basic Jumpsuit,"https://assets.myntassets.com/f_webp,dpr_1.0,q_60,w_210,c_limit,fl_progressive/assets/images/22939730/2023/4/28/7aa4546f-cea9-4277-a5cb-68dcf141695b1682687652113JuniperWomensPinkCottonFlexFloralPrintedJumpsuit1.jpg;
https://assets.myntassets.com/f_webp,dpr_1.8,q_60,w_210,c_limit,fl_progressive/assets/images/22939730/2023/4/28/7aa4546f-cea9-4277-a5cb-68dcf141695b1682687652113JuniperWomensPinkCottonFlexFloralPrintedJumpsuit1.jpg;
https://assets.myntassets.com/f_webp,dpr_2.0,q_60,w_210,c_limit,fl_progressive/assets/images/22939730/2023/4/28/7aa4546f-cea9-4277-a5cb-68dcf141695b1682687652113JuniperWomensPinkCottonFlexFloralPrintedJumpsuit1.jpg;
https://assets.myntassets.com/f_webp,dpr_2.2,q_60,w_210,c_limit,fl_progressive/assets/images/22939730/2023/4/28/7aa4546f-cea9-4277-a5cb-68dcf141695b1682687652113JuniperWomensPinkCottonFlexFloralPrintedJumpsuit1.jpg;
https://assets.myntassets.com/f_webp,dpr_2.4,q_60,w_210,c_limit,fl_progressive/assets/images/22939730/2023/4/28/7aa4546f-cea9-4277-a5cb-68dcf141695b1682687652113JuniperWomensPinkCottonFlexFloralPrintedJumpsuit1.jpg;
https://assets.myntassets.com/f_webp,dpr_2.6,q_60,w_210,c_limit,fl_progressive/assets/images/22939730/2023/4/28/7aa4546f-cea9-4277-a5cb-68dcf141695b1682687652113JuniperWomensPinkCottonFlexFloralPrintedJumpsuit1.jpg;
https://assets.myntassets.com/f_webp,dpr_2.8,q_60,w_210,c_limit,fl_progressive/assets/images/22939730/2023/4/28/7aa4546f-cea9-4277-a5cb-68dcf141695b1682687652113JuniperWomensPinkCottonFlexFloralPrintedJumpsuit1.jpg",1739,4349,0,0,60,Juniper,https://www.myntra.com/jumpsuit/juniper/juniper-blue--pink-printed-basic-jumpsuit/22939730/buy
82,Printed Crop Top,"https://assets.myntassets.com/f_webp,dpr_1.0,q_60,w_210,c_limit,fl_progressive/assets/images/22938730/2023/4/29/b8ac4b54-8160-4be0-91e0-31576293fb631682708370409Tops1.jpg;
https://assets.myntassets.com/f_webp,dpr_1.8,q_60,w_210,c_limit,fl_progressive/assets/images/22938730/2023/4/29/b8ac4b54-8160-4be0-91e0-31576293fb631682708370409Tops1.jpg;
https://assets.myntassets.com/f_webp,dpr_2.0,q_60,w_210,c_limit,fl_progressive/assets/images/22938730/2023/4/29/b8ac4b54-8160-4be0-91e0-31576293fb631682708370409Tops1.jpg;
https://assets.myntassets.com/f_webp,dpr_2.2,q_60,w_210,c_limit,fl_progressive/assets/images/22938730/2023/4/29/b8ac4b54-8160-4be0-91e0-31576293fb631682708370409Tops1.jpg;
https://assets.myntassets.com/f_webp,dpr_2.4,q_60,w_210,c_limit,fl_progressive/assets/images/22938730/2023/4/29/b8ac4b54-8160-4be0-91e0-31576293fb631682708370409Tops1.jpg;
https://assets.myntassets.com/f_webp,dpr_2.6,q_60,w_210,c_limit,fl_progressive/assets/images/22938730/2023/4/29/b8ac4b54-8160-4be0-91e0-31576293fb631682708370409Tops1.jpg;
https://assets.myntassets.com/f_webp,dpr_2.8,q_60,w_210,c_limit,fl_progressive/assets/images/22938730/2023/4/29/b8ac4b54-8160-4be0-91e0-31576293fb631682708370409Tops1.jpg",6999,6999,0,0,0,ADIDAS,https://www.myntra.com/tops/adidas/adidas-printed-crop-top/22938730/buy
83,Cotton Relaxed Fit T-shirt,"https://assets.myntassets.com/f_webp,dpr_1.0,q_60,w_210,c_limit,fl_progressive/assets/images/22954262/2023/4/29/bd15390b-550d-409e-92f7-ec34834909401682742000291StyliWomenGreenTypographyPrintedT-shirt1.jpg;
https://assets.myntassets.com/f_webp,dpr_1.8,q_60,w_210,c_limit,fl_progressive/assets/images/22954262/2023/4/29/bd15390b-550d-409e-92f7-ec34834909401682742000291StyliWomenGreenTypographyPrintedT-shirt1.jpg;
https://assets.myntassets.com/f_webp,dpr_2.0,q_60,w_210,c_limit,fl_progressive/assets/images/22954262/2023/4/29/bd15390b-550d-409e-92f7-ec34834909401682742000291StyliWomenGreenTypographyPrintedT-shirt1.jpg;
https://assets.myntassets.com/f_webp,dpr_2.2,q_60,w_210,c_limit,fl_progressive/assets/images/22954262/2023/4/29/bd15390b-550d-409e-92f7-ec34834909401682742000291StyliWomenGreenTypographyPrintedT-shirt1.jpg;
https://assets.myntassets.com/f_webp,dpr_2.4,q_60,w_210,c_limit,fl_progressive/assets/images/22954262/2023/4/29/bd15390b-550d-409e-92f7-ec34834909401682742000291StyliWomenGreenTypographyPrintedT-shirt1.jpg;
https://assets.myntassets.com/f_webp,dpr_2.6,q_60,w_210,c_limit,fl_progressive/assets/images/22954262/2023/4/29/bd15390b-550d-409e-92f7-ec34834909401682742000291StyliWomenGreenTypographyPrintedT-shirt1.jpg;
https://assets.myntassets.com/f_webp,dpr_2.8,q_60,w_210,c_limit,fl_progressive/assets/images/22954262/2023/4/29/bd15390b-550d-409e-92f7-ec34834909401682742000291StyliWomenGreenTypographyPrintedT-shirt1.jpg",499,499,0,0,0,Styli,https://www.myntra.com/tshirts/styli/styli-printed-cotton-relaxed-fit-t-shirt/22954262/buy
84,Print Denim A-Line Mini Dress,"https://assets.myntassets.com/f_webp,dpr_1.0,q_60,w_210,c_limit,fl_progressive/assets/images/22966444/2023/5/1/59342f98-a307-407d-8a59-e7fb43df6d521682909427032SUMAVI-FASHIONBluePrintDenimA-LineMiniDress1.jpg;
https://assets.myntassets.com/f_webp,dpr_1.8,q_60,w_210,c_limit,fl_progressive/assets/images/22966444/2023/5/1/59342f98-a307-407d-8a59-e7fb43df6d521682909427032SUMAVI-FASHIONBluePrintDenimA-LineMiniDress1.jpg;
https://assets.myntassets.com/f_webp,dpr_2.0,q_60,w_210,c_limit,fl_progressive/assets/images/22966444/2023/5/1/59342f98-a307-407d-8a59-e7fb43df6d521682909427032SUMAVI-FASHIONBluePrintDenimA-LineMiniDress1.jpg;
https://assets.myntassets.com/f_webp,dpr_2.2,q_60,w_210,c_limit,fl_progressive/assets/images/22966444/2023/5/1/59342f98-a307-407d-8a59-e7fb43df6d521682909427032SUMAVI-FASHIONBluePrintDenimA-LineMiniDress1.jpg;
https://assets.myntassets.com/f_webp,dpr_2.4,q_60,w_210,c_limit,fl_progressive/assets/images/22966444/2023/5/1/59342f98-a307-407d-8a59-e7fb43df6d521682909427032SUMAVI-FASHIONBluePrintDenimA-LineMiniDress1.jpg;
https://assets.myntassets.com/f_webp,dpr_2.6,q_60,w_210,c_limit,fl_progressive/assets/images/22966444/2023/5/1/59342f98-a307-407d-8a59-e7fb43df6d521682909427032SUMAVI-FASHIONBluePrintDenimA-LineMiniDress1.jpg;
https://assets.myntassets.com/f_webp,dpr_2.8,q_60,w_210,c_limit,fl_progressive/assets/images/22966444/2023/5/1/59342f98-a307-407d-8a59-e7fb43df6d521682909427032SUMAVI-FASHIONBluePrintDenimA-LineMiniDress1.jpg",2000,2000,0,0,0,SUMAVI-FASHION,https://www.myntra.com/dresses/sumavi-fashion/sumavi-fashion-blue-print-denim-a-line-mini-dress/22966444/buy
85,Women Mid-Rise Plain Trousers,"https://assets.myntassets.com/f_webp,dpr_1.0,q_60,w_210,c_limit,fl_progressive/assets/images/22941438/2023/4/28/785ccb25-d880-4521-abf2-75d9cfb435141682677006906LYRAWomenBrownOriginalTrousers1.jpg;
https://assets.myntassets.com/f_webp,dpr_1.8,q_60,w_210,c_limit,fl_progressive/assets/images/22941438/2023/4/28/785ccb25-d880-4521-abf2-75d9cfb435141682677006906LYRAWomenBrownOriginalTrousers1.jpg;
https://assets.myntassets.com/f_webp,dpr_2.0,q_60,w_210,c_limit,fl_progressive/assets/images/22941438/2023/4/28/785ccb25-d880-4521-abf2-75d9cfb435141682677006906LYRAWomenBrownOriginalTrousers1.jpg;
https://assets.myntassets.com/f_webp,dpr_2.2,q_60,w_210,c_limit,fl_progressive/assets/images/22941438/2023/4/28/785ccb25-d880-4521-abf2-75d9cfb435141682677006906LYRAWomenBrownOriginalTrousers1.jpg;
https://assets.myntassets.com/f_webp,dpr_2.4,q_60,w_210,c_limit,fl_progressive/assets/images/22941438/2023/4/28/785ccb25-d880-4521-abf2-75d9cfb435141682677006906LYRAWomenBrownOriginalTrousers1.jpg;
https://assets.myntassets.com/f_webp,dpr_2.6,q_60,w_210,c_limit,fl_progressive/assets/images/22941438/2023/4/28/785ccb25-d880-4521-abf2-75d9cfb435141682677006906LYRAWomenBrownOriginalTrousers1.jpg;
https://assets.myntassets.com/f_webp,dpr_2.8,q_60,w_210,c_limit,fl_progressive/assets/images/22941438/2023/4/28/785ccb25-d880-4521-abf2-75d9cfb435141682677006906LYRAWomenBrownOriginalTrousers1.jpg",494,549,0,0,10,LYRA,https://www.myntra.com/trousers/lyra/lyra-women-original-mid-rise-plain-trousers/22941438/buy
86,Sleeveless Fit & Flare Dress,"https://assets.myntassets.com/f_webp,dpr_1.0,q_60,w_210,c_limit,fl_progressive/assets/images/22920768/2023/4/27/7f504d59-e692-4b40-bccb-12a6fd51d3d61682611758172BoStreetNavyBlueFitFlareDress1.jpg;
https://assets.myntassets.com/f_webp,dpr_1.8,q_60,w_210,c_limit,fl_progressive/assets/images/22920768/2023/4/27/7f504d59-e692-4b40-bccb-12a6fd51d3d61682611758172BoStreetNavyBlueFitFlareDress1.jpg;
https://assets.myntassets.com/f_webp,dpr_2.0,q_60,w_210,c_limit,fl_progressive/assets/images/22920768/2023/4/27/7f504d59-e692-4b40-bccb-12a6fd51d3d61682611758172BoStreetNavyBlueFitFlareDress1.jpg;
https://assets.myntassets.com/f_webp,dpr_2.2,q_60,w_210,c_limit,fl_progressive/assets/images/22920768/2023/4/27/7f504d59-e692-4b40-bccb-12a6fd51d3d61682611758172BoStreetNavyBlueFitFlareDress1.jpg;
https://assets.myntassets.com/f_webp,dpr_2.4,q_60,w_210,c_limit,fl_progressive/assets/images/22920768/2023/4/27/7f504d59-e692-4b40-bccb-12a6fd51d3d61682611758172BoStreetNavyBlueFitFlareDress1.jpg;
https://assets.myntassets.com/f_webp,dpr_2.6,q_60,w_210,c_limit,fl_progressive/assets/images/22920768/2023/4/27/7f504d59-e692-4b40-bccb-12a6fd51d3d61682611758172BoStreetNavyBlueFitFlareDress1.jpg;
https://assets.myntassets.com/f_webp,dpr_2.8,q_60,w_210,c_limit,fl_progressive/assets/images/22920768/2023/4/27/7f504d59-e692-4b40-bccb-12a6fd51d3d61682611758172BoStreetNavyBlueFitFlareDress1.jpg",1735,2799,0,0,38,BoStreet,https://www.myntra.com/dresses/bostreet/bostreet-navy-blue-sleeveless-fit--flare-dress-with-belt/22920768/buy
87,Women Maternity Track Pants,"https://assets.myntassets.com/f_webp,dpr_1.0,q_60,w_210,c_limit,fl_progressive/assets/images/22928230/2023/4/28/ba77416f-43d5-4d5e-8959-f338912537281682656204984TrackPants1.jpg;
https://assets.myntassets.com/f_webp,dpr_1.8,q_60,w_210,c_limit,fl_progressive/assets/images/22928230/2023/4/28/ba77416f-43d5-4d5e-8959-f338912537281682656204984TrackPants1.jpg;
https://assets.myntassets.com/f_webp,dpr_2.0,q_60,w_210,c_limit,fl_progressive/assets/images/22928230/2023/4/28/ba77416f-43d5-4d5e-8959-f338912537281682656204984TrackPants1.jpg;
https://assets.myntassets.com/f_webp,dpr_2.2,q_60,w_210,c_limit,fl_progressive/assets/images/22928230/2023/4/28/ba77416f-43d5-4d5e-8959-f338912537281682656204984TrackPants1.jpg;
https://assets.myntassets.com/f_webp,dpr_2.4,q_60,w_210,c_limit,fl_progressive/assets/images/22928230/2023/4/28/ba77416f-43d5-4d5e-8959-f338912537281682656204984TrackPants1.jpg;
https://assets.myntassets.com/f_webp,dpr_2.6,q_60,w_210,c_limit,fl_progressive/assets/images/22928230/2023/4/28/ba77416f-43d5-4d5e-8959-f338912537281682656204984TrackPants1.jpg;
https://assets.myntassets.com/f_webp,dpr_2.8,q_60,w_210,c_limit,fl_progressive/assets/images/22928230/2023/4/28/ba77416f-43d5-4d5e-8959-f338912537281682656204984TrackPants1.jpg",1999,1999,0,0,0,Frempy,https://www.myntra.com/track-pants/frempy/frempy-women-straight-fit-maternity-track-pants/22928230/buy
88,Women High Rise Knitted Tights,"https://assets.myntassets.com/f_webp,dpr_1.0,q_60,w_210,c_limit,fl_progressive/assets/images/22892006/2023/4/25/fffd6ec5-87b8-41a6-81c1-d4d3e85b81401682417321821SweetDreamsWomenSolidAnkleTights1.jpg;
https://assets.myntassets.com/f_webp,dpr_1.8,q_60,w_210,c_limit,fl_progressive/assets/images/22892006/2023/4/25/fffd6ec5-87b8-41a6-81c1-d4d3e85b81401682417321821SweetDreamsWomenSolidAnkleTights1.jpg;
https://assets.myntassets.com/f_webp,dpr_2.0,q_60,w_210,c_limit,fl_progressive/assets/images/22892006/2023/4/25/fffd6ec5-87b8-41a6-81c1-d4d3e85b81401682417321821SweetDreamsWomenSolidAnkleTights1.jpg;
https://assets.myntassets.com/f_webp,dpr_2.2,q_60,w_210,c_limit,fl_progressive/assets/images/22892006/2023/4/25/fffd6ec5-87b8-41a6-81c1-d4d3e85b81401682417321821SweetDreamsWomenSolidAnkleTights1.jpg;
https://assets.myntassets.com/f_webp,dpr_2.4,q_60,w_210,c_limit,fl_progressive/assets/images/22892006/2023/4/25/fffd6ec5-87b8-41a6-81c1-d4d3e85b81401682417321821SweetDreamsWomenSolidAnkleTights1.jpg;
https://assets.myntassets.com/f_webp,dpr_2.6,q_60,w_210,c_limit,fl_progressive/assets/images/22892006/2023/4/25/fffd6ec5-87b8-41a6-81c1-d4d3e85b81401682417321821SweetDreamsWomenSolidAnkleTights1.jpg;
https://assets.myntassets.com/f_webp,dpr_2.8,q_60,w_210,c_limit,fl_progressive/assets/images/22892006/2023/4/25/fffd6ec5-87b8-41a6-81c1-d4d3e85b81401682417321821SweetDreamsWomenSolidAnkleTights1.jpg",1519,1599,0,0,5,Sweet Dreams,https://www.myntra.com/tights/sweet-dreams/sweet-dreams-women-burgundy-high-rise-knitted-ankle-length-tights/22892006/buy
89,Women Typography Printed Applique T-shirt,"https://assets.myntassets.com/f_webp,dpr_1.0,q_60,w_210,c_limit,fl_progressive/assets/images/22966962/2023/5/1/4cab120c-d230-45e8-b93f-9e1d4dc0b86e1682909499248T-SHIRTTRUCKWomenBlackTypographyPrintedAppliqueT-shirt1.jpg;
https://assets.myntassets.com/f_webp,dpr_1.8,q_60,w_210,c_limit,fl_progressive/assets/images/22966962/2023/5/1/4cab120c-d230-45e8-b93f-9e1d4dc0b86e1682909499248T-SHIRTTRUCKWomenBlackTypographyPrintedAppliqueT-shirt1.jpg;
https://assets.myntassets.com/f_webp,dpr_2.0,q_60,w_210,c_limit,fl_progressive/assets/images/22966962/2023/5/1/4cab120c-d230-45e8-b93f-9e1d4dc0b86e1682909499248T-SHIRTTRUCKWomenBlackTypographyPrintedAppliqueT-shirt1.jpg;
https://assets.myntassets.com/f_webp,dpr_2.2,q_60,w_210,c_limit,fl_progressive/assets/images/22966962/2023/5/1/4cab120c-d230-45e8-b93f-9e1d4dc0b86e1682909499248T-SHIRTTRUCKWomenBlackTypographyPrintedAppliqueT-shirt1.jpg;
https://assets.myntassets.com/f_webp,dpr_2.4,q_60,w_210,c_limit,fl_progressive/assets/images/22966962/2023/5/1/4cab120c-d230-45e8-b93f-9e1d4dc0b86e1682909499248T-SHIRTTRUCKWomenBlackTypographyPrintedAppliqueT-shirt1.jpg;
https://assets.myntassets.com/f_webp,dpr_2.6,q_60,w_210,c_limit,fl_progressive/assets/images/22966962/2023/5/1/4cab120c-d230-45e8-b93f-9e1d4dc0b86e1682909499248T-SHIRTTRUCKWomenBlackTypographyPrintedAppliqueT-shirt1.jpg;
https://assets.myntassets.com/f_webp,dpr_2.8,q_60,w_210,c_limit,fl_progressive/assets/images/22966962/2023/5/1/4cab120c-d230-45e8-b93f-9e1d4dc0b86e1682909499248T-SHIRTTRUCKWomenBlackTypographyPrintedAppliqueT-shirt1.jpg",599,999,0,0,40,T-SHIRT TRUCK,https://www.myntra.com/tshirts/t-shirt-truck/t-shirt-truck-women-black-typography-printed-applique-t-shirt/22966962/buy
90,Puff Sleeves Cotton Top,"https://assets.myntassets.com/f_webp,dpr_1.0,q_60,w_210,c_limit,fl_progressive/assets/images/22954264/2023/4/29/8b8af5ed-7fc7-45cc-b473-1f0843bb2b021682785060053StyliWomenOffWhiteFloralPrintedV-NeckPocketsT-shirt1.jpg;
https://assets.myntassets.com/f_webp,dpr_1.8,q_60,w_210,c_limit,fl_progressive/assets/images/22954264/2023/4/29/8b8af5ed-7fc7-45cc-b473-1f0843bb2b021682785060053StyliWomenOffWhiteFloralPrintedV-NeckPocketsT-shirt1.jpg;
https://assets.myntassets.com/f_webp,dpr_2.0,q_60,w_210,c_limit,fl_progressive/assets/images/22954264/2023/4/29/8b8af5ed-7fc7-45cc-b473-1f0843bb2b021682785060053StyliWomenOffWhiteFloralPrintedV-NeckPocketsT-shirt1.jpg;
https://assets.myntassets.com/f_webp,dpr_2.2,q_60,w_210,c_limit,fl_progressive/assets/images/22954264/2023/4/29/8b8af5ed-7fc7-45cc-b473-1f0843bb2b021682785060053StyliWomenOffWhiteFloralPrintedV-NeckPocketsT-shirt1.jpg;
https://assets.myntassets.com/f_webp,dpr_2.4,q_60,w_210,c_limit,fl_progressive/assets/images/22954264/2023/4/29/8b8af5ed-7fc7-45cc-b473-1f0843bb2b021682785060053StyliWomenOffWhiteFloralPrintedV-NeckPocketsT-shirt1.jpg;
https://assets.myntassets.com/f_webp,dpr_2.6,q_60,w_210,c_limit,fl_progressive/assets/images/22954264/2023/4/29/8b8af5ed-7fc7-45cc-b473-1f0843bb2b021682785060053StyliWomenOffWhiteFloralPrintedV-NeckPocketsT-shirt1.jpg;
https://assets.myntassets.com/f_webp,dpr_2.8,q_60,w_210,c_limit,fl_progressive/assets/images/22954264/2023/4/29/8b8af5ed-7fc7-45cc-b473-1f0843bb2b021682785060053StyliWomenOffWhiteFloralPrintedV-NeckPocketsT-shirt1.jpg",1049,1049,0,0,0,Styli,https://www.myntra.com/tops/styli/styli-puff-sleeves-schiffli-cotton-top/22954264/buy
91,Print Maxi Dress,"https://assets.myntassets.com/f_webp,dpr_1.0,q_60,w_210,c_limit,fl_progressive/assets/images/22687746/2023/4/18/7bae5110-0e6a-48ee-84dc-edb4b57863631681803066028TshirtsUrbanRevivoWomenDressesUrbanRevivoWomenSkirtsUrbanRev1.jpg;
https://assets.myntassets.com/f_webp,dpr_1.8,q_60,w_210,c_limit,fl_progressive/assets/images/22687746/2023/4/18/7bae5110-0e6a-48ee-84dc-edb4b57863631681803066028TshirtsUrbanRevivoWomenDressesUrbanRevivoWomenSkirtsUrbanRev1.jpg;
https://assets.myntassets.com/f_webp,dpr_2.0,q_60,w_210,c_limit,fl_progressive/assets/images/22687746/2023/4/18/7bae5110-0e6a-48ee-84dc-edb4b57863631681803066028TshirtsUrbanRevivoWomenDressesUrbanRevivoWomenSkirtsUrbanRev1.jpg;
https://assets.myntassets.com/f_webp,dpr_2.2,q_60,w_210,c_limit,fl_progressive/assets/images/22687746/2023/4/18/7bae5110-0e6a-48ee-84dc-edb4b57863631681803066028TshirtsUrbanRevivoWomenDressesUrbanRevivoWomenSkirtsUrbanRev1.jpg;
https://assets.myntassets.com/f_webp,dpr_2.4,q_60,w_210,c_limit,fl_progressive/assets/images/22687746/2023/4/18/7bae5110-0e6a-48ee-84dc-edb4b57863631681803066028TshirtsUrbanRevivoWomenDressesUrbanRevivoWomenSkirtsUrbanRev1.jpg;
https://assets.myntassets.com/f_webp,dpr_2.6,q_60,w_210,c_limit,fl_progressive/assets/images/22687746/2023/4/18/7bae5110-0e6a-48ee-84dc-edb4b57863631681803066028TshirtsUrbanRevivoWomenDressesUrbanRevivoWomenSkirtsUrbanRev1.jpg;
https://assets.myntassets.com/f_webp,dpr_2.8,q_60,w_210,c_limit,fl_progressive/assets/images/22687746/2023/4/18/7bae5110-0e6a-48ee-84dc-edb4b57863631681803066028TshirtsUrbanRevivoWomenDressesUrbanRevivoWomenSkirtsUrbanRev1.jpg",3599,4799,0,0,25,Urban Revivo,https://www.myntra.com/dresses/urban-revivo/urban-revivo-printed-maxi-dress/22687746/buy
92,Flared Sleeves Crop Top,"https://assets.myntassets.com/f_webp,dpr_1.0,q_60,w_210,c_limit,fl_progressive/assets/images/22929292/2023/4/28/c059c657-0e3f-406d-867f-8739a94aadb01682629535743SHEETALAssociatesBlackFloralPrintFlaredSleeveCrepeCropTop1.jpg;
https://assets.myntassets.com/f_webp,dpr_1.8,q_60,w_210,c_limit,fl_progressive/assets/images/22929292/2023/4/28/c059c657-0e3f-406d-867f-8739a94aadb01682629535743SHEETALAssociatesBlackFloralPrintFlaredSleeveCrepeCropTop1.jpg;
https://assets.myntassets.com/f_webp,dpr_2.0,q_60,w_210,c_limit,fl_progressive/assets/images/22929292/2023/4/28/c059c657-0e3f-406d-867f-8739a94aadb01682629535743SHEETALAssociatesBlackFloralPrintFlaredSleeveCrepeCropTop1.jpg;
https://assets.myntassets.com/f_webp,dpr_2.2,q_60,w_210,c_limit,fl_progressive/assets/images/22929292/2023/4/28/c059c657-0e3f-406d-867f-8739a94aadb01682629535743SHEETALAssociatesBlackFloralPrintFlaredSleeveCrepeCropTop1.jpg;
https://assets.myntassets.com/f_webp,dpr_2.4,q_60,w_210,c_limit,fl_progressive/assets/images/22929292/2023/4/28/c059c657-0e3f-406d-867f-8739a94aadb01682629535743SHEETALAssociatesBlackFloralPrintFlaredSleeveCrepeCropTop1.jpg;
https://assets.myntassets.com/f_webp,dpr_2.6,q_60,w_210,c_limit,fl_progressive/assets/images/22929292/2023/4/28/c059c657-0e3f-406d-867f-8739a94aadb01682629535743SHEETALAssociatesBlackFloralPrintFlaredSleeveCrepeCropTop1.jpg;
https://assets.myntassets.com/f_webp,dpr_2.8,q_60,w_210,c_limit,fl_progressive/assets/images/22929292/2023/4/28/c059c657-0e3f-406d-867f-8739a94aadb01682629535743SHEETALAssociatesBlackFloralPrintFlaredSleeveCrepeCropTop1.jpg",1999,1999,0,0,0,SHEETAL Associates,https://www.myntra.com/tops/sheetal-associates/sheetal-associates-abstract-printed-v-neck-flared-sleeves-crop-top/22929292/buy
93,Shoulder Straps Mini Dress,"https://assets.myntassets.com/f_webp,dpr_1.0,q_60,w_210,c_limit,fl_progressive/assets/images/22920696/2023/4/27/d4cdde2b-ec01-4eff-b9bf-c35f58b75adc1682607355131BoStreetPinkBodyconMiniDress1.jpg;
https://assets.myntassets.com/f_webp,dpr_1.8,q_60,w_210,c_limit,fl_progressive/assets/images/22920696/2023/4/27/d4cdde2b-ec01-4eff-b9bf-c35f58b75adc1682607355131BoStreetPinkBodyconMiniDress1.jpg;
https://assets.myntassets.com/f_webp,dpr_2.0,q_60,w_210,c_limit,fl_progressive/assets/images/22920696/2023/4/27/d4cdde2b-ec01-4eff-b9bf-c35f58b75adc1682607355131BoStreetPinkBodyconMiniDress1.jpg;
https://assets.myntassets.com/f_webp,dpr_2.2,q_60,w_210,c_limit,fl_progressive/assets/images/22920696/2023/4/27/d4cdde2b-ec01-4eff-b9bf-c35f58b75adc1682607355131BoStreetPinkBodyconMiniDress1.jpg;
https://assets.myntassets.com/f_webp,dpr_2.4,q_60,w_210,c_limit,fl_progressive/assets/images/22920696/2023/4/27/d4cdde2b-ec01-4eff-b9bf-c35f58b75adc1682607355131BoStreetPinkBodyconMiniDress1.jpg;
https://assets.myntassets.com/f_webp,dpr_2.6,q_60,w_210,c_limit,fl_progressive/assets/images/22920696/2023/4/27/d4cdde2b-ec01-4eff-b9bf-c35f58b75adc1682607355131BoStreetPinkBodyconMiniDress1.jpg;
https://assets.myntassets.com/f_webp,dpr_2.8,q_60,w_210,c_limit,fl_progressive/assets/images/22920696/2023/4/27/d4cdde2b-ec01-4eff-b9bf-c35f58b75adc1682607355131BoStreetPinkBodyconMiniDress1.jpg",1599,2499,0,0,36,BoStreet,https://www.myntra.com/dresses/bostreet/bostreet-pink-shoulder-straps-bodycon-mini-dress/22920696/buy
94,Halter Neck Top,"https://assets.myntassets.com/f_webp,dpr_1.0,q_60,w_210,c_limit,fl_progressive/assets/images/22960936/2023/4/29/d5797163-5037-4c40-ad25-1350170818fd1682779311596Tops1.jpg;
https://assets.myntassets.com/f_webp,dpr_1.8,q_60,w_210,c_limit,fl_progressive/assets/images/22960936/2023/4/29/d5797163-5037-4c40-ad25-1350170818fd1682779311596Tops1.jpg;
https://assets.myntassets.com/f_webp,dpr_2.0,q_60,w_210,c_limit,fl_progressive/assets/images/22960936/2023/4/29/d5797163-5037-4c40-ad25-1350170818fd1682779311596Tops1.jpg;
https://assets.myntassets.com/f_webp,dpr_2.2,q_60,w_210,c_limit,fl_progressive/assets/images/22960936/2023/4/29/d5797163-5037-4c40-ad25-1350170818fd1682779311596Tops1.jpg;
https://assets.myntassets.com/f_webp,dpr_2.4,q_60,w_210,c_limit,fl_progressive/assets/images/22960936/2023/4/29/d5797163-5037-4c40-ad25-1350170818fd1682779311596Tops1.jpg;
https://assets.myntassets.com/f_webp,dpr_2.6,q_60,w_210,c_limit,fl_progressive/assets/images/22960936/2023/4/29/d5797163-5037-4c40-ad25-1350170818fd1682779311596Tops1.jpg;
https://assets.myntassets.com/f_webp,dpr_2.8,q_60,w_210,c_limit,fl_progressive/assets/images/22960936/2023/4/29/d5797163-5037-4c40-ad25-1350170818fd1682779311596Tops1.jpg",899,2999,0,0,70,GUTI,https://www.myntra.com/tops/guti/guti-orange-halter-neck-cotton-crop-top/22960936/buy
95,Women Shrug,"https://assets.myntassets.com/f_webp,dpr_1.0,q_60,w_210,c_limit,fl_progressive/assets/images/22942018/2023/4/28/fe7ade39-3933-41b6-9aa4-bd1c4f3a70db1682690206784NimbleWomenSkyBlueSolidOpenFrontShrug1.jpg;
https://assets.myntassets.com/f_webp,dpr_1.8,q_60,w_210,c_limit,fl_progressive/assets/images/22942018/2023/4/28/fe7ade39-3933-41b6-9aa4-bd1c4f3a70db1682690206784NimbleWomenSkyBlueSolidOpenFrontShrug1.jpg;
https://assets.myntassets.com/f_webp,dpr_2.0,q_60,w_210,c_limit,fl_progressive/assets/images/22942018/2023/4/28/fe7ade39-3933-41b6-9aa4-bd1c4f3a70db1682690206784NimbleWomenSkyBlueSolidOpenFrontShrug1.jpg;
https://assets.myntassets.com/f_webp,dpr_2.2,q_60,w_210,c_limit,fl_progressive/assets/images/22942018/2023/4/28/fe7ade39-3933-41b6-9aa4-bd1c4f3a70db1682690206784NimbleWomenSkyBlueSolidOpenFrontShrug1.jpg;
https://assets.myntassets.com/f_webp,dpr_2.4,q_60,w_210,c_limit,fl_progressive/assets/images/22942018/2023/4/28/fe7ade39-3933-41b6-9aa4-bd1c4f3a70db1682690206784NimbleWomenSkyBlueSolidOpenFrontShrug1.jpg;
https://assets.myntassets.com/f_webp,dpr_2.6,q_60,w_210,c_limit,fl_progressive/assets/images/22942018/2023/4/28/fe7ade39-3933-41b6-9aa4-bd1c4f3a70db1682690206784NimbleWomenSkyBlueSolidOpenFrontShrug1.jpg;
https://assets.myntassets.com/f_webp,dpr_2.8,q_60,w_210,c_limit,fl_progressive/assets/images/22942018/2023/4/28/fe7ade39-3933-41b6-9aa4-bd1c4f3a70db1682690206784NimbleWomenSkyBlueSolidOpenFrontShrug1.jpg",625,1199,0,0,574,Nimble,https://www.myntra.com/shrug/nimble/nimble-women-blue-longline-shrug/22942018/buy
96,Sleeveless Fitted Crop Top,"https://assets.myntassets.com/f_webp,dpr_1.0,q_60,w_210,c_limit,fl_progressive/assets/images/22927504/2023/4/28/18bf0f59-7d91-473e-b545-aee2c517c9441682628972735DisruptPinkCropTop1.jpg;
https://assets.myntassets.com/f_webp,dpr_1.8,q_60,w_210,c_limit,fl_progressive/assets/images/22927504/2023/4/28/18bf0f59-7d91-473e-b545-aee2c517c9441682628972735DisruptPinkCropTop1.jpg;
https://assets.myntassets.com/f_webp,dpr_2.0,q_60,w_210,c_limit,fl_progressive/assets/images/22927504/2023/4/28/18bf0f59-7d91-473e-b545-aee2c517c9441682628972735DisruptPinkCropTop1.jpg;
https://assets.myntassets.com/f_webp,dpr_2.2,q_60,w_210,c_limit,fl_progressive/assets/images/22927504/2023/4/28/18bf0f59-7d91-473e-b545-aee2c517c9441682628972735DisruptPinkCropTop1.jpg;
https://assets.myntassets.com/f_webp,dpr_2.4,q_60,w_210,c_limit,fl_progressive/assets/images/22927504/2023/4/28/18bf0f59-7d91-473e-b545-aee2c517c9441682628972735DisruptPinkCropTop1.jpg;
https://assets.myntassets.com/f_webp,dpr_2.6,q_60,w_210,c_limit,fl_progressive/assets/images/22927504/2023/4/28/18bf0f59-7d91-473e-b545-aee2c517c9441682628972735DisruptPinkCropTop1.jpg;
https://assets.myntassets.com/f_webp,dpr_2.8,q_60,w_210,c_limit,fl_progressive/assets/images/22927504/2023/4/28/18bf0f59-7d91-473e-b545-aee2c517c9441682628972735DisruptPinkCropTop1.jpg",384,699,0,0,45,Disrupt,https://www.myntra.com/tops/disrupt/disrupt-round-neck-sleeveless-fitted-crop-top/22927504/buy
97,Floral Print Chiffon Fit & Flare Dress,"https://assets.myntassets.com/f_webp,dpr_1.0,q_60,w_210,c_limit,fl_progressive/assets/images/22904622/2023/5/1/d739ec53-17c9-4795-a380-bed9039c62c11682962213878MODWEEYellowFloralPrintChiffonFitFlareDress1.jpg;
https://assets.myntassets.com/f_webp,dpr_1.8,q_60,w_210,c_limit,fl_progressive/assets/images/22904622/2023/5/1/d739ec53-17c9-4795-a380-bed9039c62c11682962213878MODWEEYellowFloralPrintChiffonFitFlareDress1.jpg;
https://assets.myntassets.com/f_webp,dpr_2.0,q_60,w_210,c_limit,fl_progressive/assets/images/22904622/2023/5/1/d739ec53-17c9-4795-a380-bed9039c62c11682962213878MODWEEYellowFloralPrintChiffonFitFlareDress1.jpg;
https://assets.myntassets.com/f_webp,dpr_2.2,q_60,w_210,c_limit,fl_progressive/assets/images/22904622/2023/5/1/d739ec53-17c9-4795-a380-bed9039c62c11682962213878MODWEEYellowFloralPrintChiffonFitFlareDress1.jpg;
https://assets.myntassets.com/f_webp,dpr_2.4,q_60,w_210,c_limit,fl_progressive/assets/images/22904622/2023/5/1/d739ec53-17c9-4795-a380-bed9039c62c11682962213878MODWEEYellowFloralPrintChiffonFitFlareDress1.jpg;
https://assets.myntassets.com/f_webp,dpr_2.6,q_60,w_210,c_limit,fl_progressive/assets/images/22904622/2023/5/1/d739ec53-17c9-4795-a380-bed9039c62c11682962213878MODWEEYellowFloralPrintChiffonFitFlareDress1.jpg;
https://assets.myntassets.com/f_webp,dpr_2.8,q_60,w_210,c_limit,fl_progressive/assets/images/22904622/2023/5/1/d739ec53-17c9-4795-a380-bed9039c62c11682962213878MODWEEYellowFloralPrintChiffonFitFlareDress1.jpg",599,1999,0,0,70,MODWEE,https://www.myntra.com/dresses/modwee/modwee-yellow-floral-print-chiffon-fit--flare-dress/22904622/buy
98,Top Solid,"https://assets.myntassets.com/f_webp,dpr_1.0,q_60,w_210,c_limit,fl_progressive/assets/images/22960930/2023/4/29/b127f9f6-89d3-4f83-aac0-11b36ab465ee1682779299136GUTIRedCottonCropTop1.jpg;
https://assets.myntassets.com/f_webp,dpr_1.8,q_60,w_210,c_limit,fl_progressive/assets/images/22960930/2023/4/29/b127f9f6-89d3-4f83-aac0-11b36ab465ee1682779299136GUTIRedCottonCropTop1.jpg;
https://assets.myntassets.com/f_webp,dpr_2.0,q_60,w_210,c_limit,fl_progressive/assets/images/22960930/2023/4/29/b127f9f6-89d3-4f83-aac0-11b36ab465ee1682779299136GUTIRedCottonCropTop1.jpg;
https://assets.myntassets.com/f_webp,dpr_2.2,q_60,w_210,c_limit,fl_progressive/assets/images/22960930/2023/4/29/b127f9f6-89d3-4f83-aac0-11b36ab465ee1682779299136GUTIRedCottonCropTop1.jpg;
https://assets.myntassets.com/f_webp,dpr_2.4,q_60,w_210,c_limit,fl_progressive/assets/images/22960930/2023/4/29/b127f9f6-89d3-4f83-aac0-11b36ab465ee1682779299136GUTIRedCottonCropTop1.jpg;
https://assets.myntassets.com/f_webp,dpr_2.6,q_60,w_210,c_limit,fl_progressive/assets/images/22960930/2023/4/29/b127f9f6-89d3-4f83-aac0-11b36ab465ee1682779299136GUTIRedCottonCropTop1.jpg;
https://assets.myntassets.com/f_webp,dpr_2.8,q_60,w_210,c_limit,fl_progressive/assets/images/22960930/2023/4/29/b127f9f6-89d3-4f83-aac0-11b36ab465ee1682779299136GUTIRedCottonCropTop1.jpg",899,2999,0,0,70,GUTI,https://www.myntra.com/tops/guti/guti-red-cotton-crop-top/22960930/buy
99,Women Stretchable Cotton Jeans,"https://assets.myntassets.com/f_webp,dpr_1.0,q_60,w_210,c_limit,fl_progressive/assets/images/22960134/2023/4/29/4ed89aeb-809e-4209-b30d-a8c3548f6a451682762238547urSenseWomenBlueBootcutStretchableJeans1.jpg;
https://assets.myntassets.com/f_webp,dpr_1.8,q_60,w_210,c_limit,fl_progressive/assets/images/22960134/2023/4/29/4ed89aeb-809e-4209-b30d-a8c3548f6a451682762238547urSenseWomenBlueBootcutStretchableJeans1.jpg;
https://assets.myntassets.com/f_webp,dpr_2.0,q_60,w_210,c_limit,fl_progressive/assets/images/22960134/2023/4/29/4ed89aeb-809e-4209-b30d-a8c3548f6a451682762238547urSenseWomenBlueBootcutStretchableJeans1.jpg;
https://assets.myntassets.com/f_webp,dpr_2.2,q_60,w_210,c_limit,fl_progressive/assets/images/22960134/2023/4/29/4ed89aeb-809e-4209-b30d-a8c3548f6a451682762238547urSenseWomenBlueBootcutStretchableJeans1.jpg;
https://assets.myntassets.com/f_webp,dpr_2.4,q_60,w_210,c_limit,fl_progressive/assets/images/22960134/2023/4/29/4ed89aeb-809e-4209-b30d-a8c3548f6a451682762238547urSenseWomenBlueBootcutStretchableJeans1.jpg;
https://assets.myntassets.com/f_webp,dpr_2.6,q_60,w_210,c_limit,fl_progressive/assets/images/22960134/2023/4/29/4ed89aeb-809e-4209-b30d-a8c3548f6a451682762238547urSenseWomenBlueBootcutStretchableJeans1.jpg;
https://assets.myntassets.com/f_webp,dpr_2.8,q_60,w_210,c_limit,fl_progressive/assets/images/22960134/2023/4/29/4ed89aeb-809e-4209-b30d-a8c3548f6a451682762238547urSenseWomenBlueBootcutStretchableJeans1.jpg",1199,2399,0,0,50,urSense,https://www.myntra.com/jeans/ursense/ursense-women-bootcut-stretchable-cotton-jeans/22960134/buy
100,Women Skinny Fit Jeans,"https://assets.myntassets.com/f_webp,dpr_1.0,q_60,w_210,c_limit,fl_progressive/assets/images/22914144/2023/4/27/6c560331-433a-4bfb-a766-49b381c103a01682574056850VeroModaWomenBlueSkinnyFitHigh-RiseLowDistressLightFadeStret1.jpg;
https://assets.myntassets.com/f_webp,dpr_1.8,q_60,w_210,c_limit,fl_progressive/assets/images/22914144/2023/4/27/6c560331-433a-4bfb-a766-49b381c103a01682574056850VeroModaWomenBlueSkinnyFitHigh-RiseLowDistressLightFadeStret1.jpg;
https://assets.myntassets.com/f_webp,dpr_2.0,q_60,w_210,c_limit,fl_progressive/assets/images/22914144/2023/4/27/6c560331-433a-4bfb-a766-49b381c103a01682574056850VeroModaWomenBlueSkinnyFitHigh-RiseLowDistressLightFadeStret1.jpg;
https://assets.myntassets.com/f_webp,dpr_2.2,q_60,w_210,c_limit,fl_progressive/assets/images/22914144/2023/4/27/6c560331-433a-4bfb-a766-49b381c103a01682574056850VeroModaWomenBlueSkinnyFitHigh-RiseLowDistressLightFadeStret1.jpg;
https://assets.myntassets.com/f_webp,dpr_2.4,q_60,w_210,c_limit,fl_progressive/assets/images/22914144/2023/4/27/6c560331-433a-4bfb-a766-49b381c103a01682574056850VeroModaWomenBlueSkinnyFitHigh-RiseLowDistressLightFadeStret1.jpg;
https://assets.myntassets.com/f_webp,dpr_2.6,q_60,w_210,c_limit,fl_progressive/assets/images/22914144/2023/4/27/6c560331-433a-4bfb-a766-49b381c103a01682574056850VeroModaWomenBlueSkinnyFitHigh-RiseLowDistressLightFadeStret1.jpg;
https://assets.myntassets.com/f_webp,dpr_2.8,q_60,w_210,c_limit,fl_progressive/assets/images/22914144/2023/4/27/6c560331-433a-4bfb-a766-49b381c103a01682574056850VeroModaWomenBlueSkinnyFitHigh-RiseLowDistressLightFadeStret1.jpg",2999,2999,0,0,0,Vero Moda,https://www.myntra.com/jeans/vero-moda/vero-moda-women-skinny-fit-high-rise-stretchable-jeans/22914144/buy
101,Gold-Plated Jewellery Set,"https://assets.myntassets.com/f_webp,dpr_1.0,q_60,w_210,c_limit,fl_progressive/assets/images/22930466/2023/4/28/a1e92e8e-2015-4614-bec9-30b6b10a2aec1682678690381GoldFinishshortnecklaceset12012N1.jpg;
https://assets.myntassets.com/f_webp,dpr_1.8,q_60,w_210,c_limit,fl_progressive/assets/images/22930466/2023/4/28/a1e92e8e-2015-4614-bec9-30b6b10a2aec1682678690381GoldFinishshortnecklaceset12012N1.jpg;
https://assets.myntassets.com/f_webp,dpr_2.0,q_60,w_210,c_limit,fl_progressive/assets/images/22930466/2023/4/28/a1e92e8e-2015-4614-bec9-30b6b10a2aec1682678690381GoldFinishshortnecklaceset12012N1.jpg;
https://assets.myntassets.com/f_webp,dpr_2.2,q_60,w_210,c_limit,fl_progressive/assets/images/22930466/2023/4/28/a1e92e8e-2015-4614-bec9-30b6b10a2aec1682678690381GoldFinishshortnecklaceset12012N1.jpg;
https://assets.myntassets.com/f_webp,dpr_2.4,q_60,w_210,c_limit,fl_progressive/assets/images/22930466/2023/4/28/a1e92e8e-2015-4614-bec9-30b6b10a2aec1682678690381GoldFinishshortnecklaceset12012N1.jpg;
https://assets.myntassets.com/f_webp,dpr_2.6,q_60,w_210,c_limit,fl_progressive/assets/images/22930466/2023/4/28/a1e92e8e-2015-4614-bec9-30b6b10a2aec1682678690381GoldFinishshortnecklaceset12012N1.jpg;
https://assets.myntassets.com/f_webp,dpr_2.8,q_60,w_210,c_limit,fl_progressive/assets/images/22930466/2023/4/28/a1e92e8e-2015-4614-bec9-30b6b10a2aec1682678690381GoldFinishshortnecklaceset12012N1.jpg",1488,4800,0,0,69,GRIIHAM,https://www.myntra.com/jewellery-set/griiham/griiham-gold-plated-cz-studded-temple-jewellery-set/22930466/buy
102,UV Protected Oval Sunglasses,"https://assets.myntassets.com/f_webp,dpr_1.0,q_60,w_210,c_limit,fl_progressive/assets/images/22929228/2023/4/28/d185c277-f806-42e9-8054-70aee12b4e081682632941317RESISTEYEWEAROVALUVPROTECTIONBLACKFREESIZESUNGLASSESFORMENAN1.jpg;
https://assets.myntassets.com/f_webp,dpr_1.8,q_60,w_210,c_limit,fl_progressive/assets/images/22929228/2023/4/28/d185c277-f806-42e9-8054-70aee12b4e081682632941317RESISTEYEWEAROVALUVPROTECTIONBLACKFREESIZESUNGLASSESFORMENAN1.jpg;
https://assets.myntassets.com/f_webp,dpr_2.0,q_60,w_210,c_limit,fl_progressive/assets/images/22929228/2023/4/28/d185c277-f806-42e9-8054-70aee12b4e081682632941317RESISTEYEWEAROVALUVPROTECTIONBLACKFREESIZESUNGLASSESFORMENAN1.jpg;
https://assets.myntassets.com/f_webp,dpr_2.2,q_60,w_210,c_limit,fl_progressive/assets/images/22929228/2023/4/28/d185c277-f806-42e9-8054-70aee12b4e081682632941317RESISTEYEWEAROVALUVPROTECTIONBLACKFREESIZESUNGLASSESFORMENAN1.jpg;
https://assets.myntassets.com/f_webp,dpr_2.4,q_60,w_210,c_limit,fl_progressive/assets/images/22929228/2023/4/28/d185c277-f806-42e9-8054-70aee12b4e081682632941317RESISTEYEWEAROVALUVPROTECTIONBLACKFREESIZESUNGLASSESFORMENAN1.jpg;
https://assets.myntassets.com/f_webp,dpr_2.6,q_60,w_210,c_limit,fl_progressive/assets/images/22929228/2023/4/28/d185c277-f806-42e9-8054-70aee12b4e081682632941317RESISTEYEWEAROVALUVPROTECTIONBLACKFREESIZESUNGLASSESFORMENAN1.jpg;
https://assets.myntassets.com/f_webp,dpr_2.8,q_60,w_210,c_limit,fl_progressive/assets/images/22929228/2023/4/28/d185c277-f806-42e9-8054-70aee12b4e081682632941317RESISTEYEWEAROVALUVPROTECTIONBLACKFREESIZESUNGLASSESFORMENAN1.jpg",4999,4999,0,0,0,RESIST EYEWEAR,https://www.myntra.com/sunglasses/resist-eyewear/resist-eyewear-oval-sunglasses-with-uv-protected-lens-augustineblackblack1/22929228/buy
103,Rhodium-Plated Jewellery Set,"https://assets.myntassets.com/f_webp,dpr_1.0,q_60,w_210,c_limit,fl_progressive/assets/images/22919154/2023/4/27/9b48fdec-30f3-43a4-9291-671c070ef7381682592519635JewellerySet1.jpg;
https://assets.myntassets.com/f_webp,dpr_1.8,q_60,w_210,c_limit,fl_progressive/assets/images/22919154/2023/4/27/9b48fdec-30f3-43a4-9291-671c070ef7381682592519635JewellerySet1.jpg;
https://assets.myntassets.com/f_webp,dpr_2.0,q_60,w_210,c_limit,fl_progressive/assets/images/22919154/2023/4/27/9b48fdec-30f3-43a4-9291-671c070ef7381682592519635JewellerySet1.jpg;
https://assets.myntassets.com/f_webp,dpr_2.2,q_60,w_210,c_limit,fl_progressive/assets/images/22919154/2023/4/27/9b48fdec-30f3-43a4-9291-671c070ef7381682592519635JewellerySet1.jpg;
https://assets.myntassets.com/f_webp,dpr_2.4,q_60,w_210,c_limit,fl_progressive/assets/images/22919154/2023/4/27/9b48fdec-30f3-43a4-9291-671c070ef7381682592519635JewellerySet1.jpg;
https://assets.myntassets.com/f_webp,dpr_2.6,q_60,w_210,c_limit,fl_progressive/assets/images/22919154/2023/4/27/9b48fdec-30f3-43a4-9291-671c070ef7381682592519635JewellerySet1.jpg;
https://assets.myntassets.com/f_webp,dpr_2.8,q_60,w_210,c_limit,fl_progressive/assets/images/22919154/2023/4/27/9b48fdec-30f3-43a4-9291-671c070ef7381682592519635JewellerySet1.jpg",1484,5499,0,0,73,Aazeen,https://www.myntra.com/jewellery-set/aazeen/aazeen-rhodium-plated-ad-studded-jewellery-set/22919154/buy
104,Gold-Plated Finger Ring,"https://assets.myntassets.com/f_webp,dpr_1.0,q_60,w_210,c_limit,fl_progressive/assets/images/22910178/2023/4/26/dd4aa153-367a-4305-8aff-249a69ac23141682507619465MYKIExclusiveEternalStarGoldPlatedRingForWomenGirls1.jpg;
https://assets.myntassets.com/f_webp,dpr_1.8,q_60,w_210,c_limit,fl_progressive/assets/images/22910178/2023/4/26/dd4aa153-367a-4305-8aff-249a69ac23141682507619465MYKIExclusiveEternalStarGoldPlatedRingForWomenGirls1.jpg;
https://assets.myntassets.com/f_webp,dpr_2.0,q_60,w_210,c_limit,fl_progressive/assets/images/22910178/2023/4/26/dd4aa153-367a-4305-8aff-249a69ac23141682507619465MYKIExclusiveEternalStarGoldPlatedRingForWomenGirls1.jpg;
https://assets.myntassets.com/f_webp,dpr_2.2,q_60,w_210,c_limit,fl_progressive/assets/images/22910178/2023/4/26/dd4aa153-367a-4305-8aff-249a69ac23141682507619465MYKIExclusiveEternalStarGoldPlatedRingForWomenGirls1.jpg;
https://assets.myntassets.com/f_webp,dpr_2.4,q_60,w_210,c_limit,fl_progressive/assets/images/22910178/2023/4/26/dd4aa153-367a-4305-8aff-249a69ac23141682507619465MYKIExclusiveEternalStarGoldPlatedRingForWomenGirls1.jpg;
https://assets.myntassets.com/f_webp,dpr_2.6,q_60,w_210,c_limit,fl_progressive/assets/images/22910178/2023/4/26/dd4aa153-367a-4305-8aff-249a69ac23141682507619465MYKIExclusiveEternalStarGoldPlatedRingForWomenGirls1.jpg;
https://assets.myntassets.com/f_webp,dpr_2.8,q_60,w_210,c_limit,fl_progressive/assets/images/22910178/2023/4/26/dd4aa153-367a-4305-8aff-249a69ac23141682507619465MYKIExclusiveEternalStarGoldPlatedRingForWomenGirls1.jpg",369,369,0,0,0,MYKI,https://www.myntra.com/ring/myki/myki-gold-plated-cz-studded-exclusive-eternal-star-finger-ring/22910178/buy
105,Set of 6 Hair Accessory,"https://assets.myntassets.com/f_webp,dpr_1.0,q_60,w_210,c_limit,fl_progressive/assets/images/22891772/2023/4/25/20aa7036-8d83-481a-8bed-24ae5577864c1682428171095HairFlareArtificialFlowerwithPearlBridalHairPinHairClipSideP1.jpg;
https://assets.myntassets.com/f_webp,dpr_1.8,q_60,w_210,c_limit,fl_progressive/assets/images/22891772/2023/4/25/20aa7036-8d83-481a-8bed-24ae5577864c1682428171095HairFlareArtificialFlowerwithPearlBridalHairPinHairClipSideP1.jpg;
https://assets.myntassets.com/f_webp,dpr_2.0,q_60,w_210,c_limit,fl_progressive/assets/images/22891772/2023/4/25/20aa7036-8d83-481a-8bed-24ae5577864c1682428171095HairFlareArtificialFlowerwithPearlBridalHairPinHairClipSideP1.jpg;
https://assets.myntassets.com/f_webp,dpr_2.2,q_60,w_210,c_limit,fl_progressive/assets/images/22891772/2023/4/25/20aa7036-8d83-481a-8bed-24ae5577864c1682428171095HairFlareArtificialFlowerwithPearlBridalHairPinHairClipSideP1.jpg;
https://assets.myntassets.com/f_webp,dpr_2.4,q_60,w_210,c_limit,fl_progressive/assets/images/22891772/2023/4/25/20aa7036-8d83-481a-8bed-24ae5577864c1682428171095HairFlareArtificialFlowerwithPearlBridalHairPinHairClipSideP1.jpg;
https://assets.myntassets.com/f_webp,dpr_2.6,q_60,w_210,c_limit,fl_progressive/assets/images/22891772/2023/4/25/20aa7036-8d83-481a-8bed-24ae5577864c1682428171095HairFlareArtificialFlowerwithPearlBridalHairPinHairClipSideP1.jpg;
https://assets.myntassets.com/f_webp,dpr_2.8,q_60,w_210,c_limit,fl_progressive/assets/images/22891772/2023/4/25/20aa7036-8d83-481a-8bed-24ae5577864c1682428171095HairFlareArtificialFlowerwithPearlBridalHairPinHairClipSideP1.jpg",599,599,0,0,0,Hair Flare,https://www.myntra.com/hair-accessory/hair-flare/hair-flare-women-set-of-6-artificial-flower-with-pearl-hair-accessory/22891772/buy
106,Wayfarer Sunglasses,"https://assets.myntassets.com/f_webp,dpr_1.0,q_60,w_210,c_limit,fl_progressive/assets/images/22886254/2023/4/25/c81dd6d6-efb0-4553-8af7-6a78e9c9870f1682410385698MAGNEQSqureShapedUnisexBlackSunglassesMG2140SC156181.jpg;
https://assets.myntassets.com/f_webp,dpr_1.8,q_60,w_210,c_limit,fl_progressive/assets/images/22886254/2023/4/25/c81dd6d6-efb0-4553-8af7-6a78e9c9870f1682410385698MAGNEQSqureShapedUnisexBlackSunglassesMG2140SC156181.jpg;
https://assets.myntassets.com/f_webp,dpr_2.0,q_60,w_210,c_limit,fl_progressive/assets/images/22886254/2023/4/25/c81dd6d6-efb0-4553-8af7-6a78e9c9870f1682410385698MAGNEQSqureShapedUnisexBlackSunglassesMG2140SC156181.jpg;
https://assets.myntassets.com/f_webp,dpr_2.2,q_60,w_210,c_limit,fl_progressive/assets/images/22886254/2023/4/25/c81dd6d6-efb0-4553-8af7-6a78e9c9870f1682410385698MAGNEQSqureShapedUnisexBlackSunglassesMG2140SC156181.jpg;
https://assets.myntassets.com/f_webp,dpr_2.4,q_60,w_210,c_limit,fl_progressive/assets/images/22886254/2023/4/25/c81dd6d6-efb0-4553-8af7-6a78e9c9870f1682410385698MAGNEQSqureShapedUnisexBlackSunglassesMG2140SC156181.jpg;
https://assets.myntassets.com/f_webp,dpr_2.6,q_60,w_210,c_limit,fl_progressive/assets/images/22886254/2023/4/25/c81dd6d6-efb0-4553-8af7-6a78e9c9870f1682410385698MAGNEQSqureShapedUnisexBlackSunglassesMG2140SC156181.jpg;
https://assets.myntassets.com/f_webp,dpr_2.8,q_60,w_210,c_limit,fl_progressive/assets/images/22886254/2023/4/25/c81dd6d6-efb0-4553-8af7-6a78e9c9870f1682410385698MAGNEQSqureShapedUnisexBlackSunglassesMG2140SC156181.jpg",1043,1490,0,0,30,MAGNEQ,https://www.myntra.com/sunglasses/magneq/magneq-lens--wayfarer-sunglasses-with-polarised--uv-protected-lens-mg-8305s-c1-5618/22886254/buy
107,Gold-Plated Jewellery Set,"https://assets.myntassets.com/f_webp,dpr_1.0,q_60,w_210,c_limit,fl_progressive/assets/images/22867496/2023/4/22/8400f0a4-6895-48ae-a248-bd486d52b6011682171171582MansiyaorangeOriginalLookGoldenColorLongRaniHaarSetForWomen1.jpg;
https://assets.myntassets.com/f_webp,dpr_1.8,q_60,w_210,c_limit,fl_progressive/assets/images/22867496/2023/4/22/8400f0a4-6895-48ae-a248-bd486d52b6011682171171582MansiyaorangeOriginalLookGoldenColorLongRaniHaarSetForWomen1.jpg;
https://assets.myntassets.com/f_webp,dpr_2.0,q_60,w_210,c_limit,fl_progressive/assets/images/22867496/2023/4/22/8400f0a4-6895-48ae-a248-bd486d52b6011682171171582MansiyaorangeOriginalLookGoldenColorLongRaniHaarSetForWomen1.jpg;
https://assets.myntassets.com/f_webp,dpr_2.2,q_60,w_210,c_limit,fl_progressive/assets/images/22867496/2023/4/22/8400f0a4-6895-48ae-a248-bd486d52b6011682171171582MansiyaorangeOriginalLookGoldenColorLongRaniHaarSetForWomen1.jpg;
https://assets.myntassets.com/f_webp,dpr_2.4,q_60,w_210,c_limit,fl_progressive/assets/images/22867496/2023/4/22/8400f0a4-6895-48ae-a248-bd486d52b6011682171171582MansiyaorangeOriginalLookGoldenColorLongRaniHaarSetForWomen1.jpg;
https://assets.myntassets.com/f_webp,dpr_2.6,q_60,w_210,c_limit,fl_progressive/assets/images/22867496/2023/4/22/8400f0a4-6895-48ae-a248-bd486d52b6011682171171582MansiyaorangeOriginalLookGoldenColorLongRaniHaarSetForWomen1.jpg;
https://assets.myntassets.com/f_webp,dpr_2.8,q_60,w_210,c_limit,fl_progressive/assets/images/22867496/2023/4/22/8400f0a4-6895-48ae-a248-bd486d52b6011682171171582MansiyaorangeOriginalLookGoldenColorLongRaniHaarSetForWomen1.jpg",645,1699,0,0,1054,MANSIYAORANGE,https://www.myntra.com/jewellery-set/mansiyaorange/mansiyaorange-gold-plated-ethnic-motif-jewellery-set/22867496/buy
108,Women Textured Casual Belt,"https://assets.myntassets.com/f_webp,dpr_1.0,q_60,w_210,c_limit,fl_progressive/assets/images/22914374/2023/4/27/7c60232e-b544-41ad-ad0e-3a45eb50ec391682577438232CrussetLadiesCasualBelt1.jpg;
https://assets.myntassets.com/f_webp,dpr_1.8,q_60,w_210,c_limit,fl_progressive/assets/images/22914374/2023/4/27/7c60232e-b544-41ad-ad0e-3a45eb50ec391682577438232CrussetLadiesCasualBelt1.jpg;
https://assets.myntassets.com/f_webp,dpr_2.0,q_60,w_210,c_limit,fl_progressive/assets/images/22914374/2023/4/27/7c60232e-b544-41ad-ad0e-3a45eb50ec391682577438232CrussetLadiesCasualBelt1.jpg;
https://assets.myntassets.com/f_webp,dpr_2.2,q_60,w_210,c_limit,fl_progressive/assets/images/22914374/2023/4/27/7c60232e-b544-41ad-ad0e-3a45eb50ec391682577438232CrussetLadiesCasualBelt1.jpg;
https://assets.myntassets.com/f_webp,dpr_2.4,q_60,w_210,c_limit,fl_progressive/assets/images/22914374/2023/4/27/7c60232e-b544-41ad-ad0e-3a45eb50ec391682577438232CrussetLadiesCasualBelt1.jpg;
https://assets.myntassets.com/f_webp,dpr_2.6,q_60,w_210,c_limit,fl_progressive/assets/images/22914374/2023/4/27/7c60232e-b544-41ad-ad0e-3a45eb50ec391682577438232CrussetLadiesCasualBelt1.jpg;
https://assets.myntassets.com/f_webp,dpr_2.8,q_60,w_210,c_limit,fl_progressive/assets/images/22914374/2023/4/27/7c60232e-b544-41ad-ad0e-3a45eb50ec391682577438232CrussetLadiesCasualBelt1.jpg",391,1399,0,0,72,CRUSSET,https://www.myntra.com/belts/crusset/crusset-women-textured-casual-belt/22914374/buy
109,Body Wash With Body Spray,"https://assets.myntassets.com/f_webp,dpr_1.0,q_60,w_210,c_limit,fl_progressive/assets/images/22820656/2023/4/19/8b3b1aa8-4830-4eb4-9087-f74abc11602e1681903093071BodyWashandScrub1.jpg;
https://assets.myntassets.com/f_webp,dpr_1.8,q_60,w_210,c_limit,fl_progressive/assets/images/22820656/2023/4/19/8b3b1aa8-4830-4eb4-9087-f74abc11602e1681903093071BodyWashandScrub1.jpg;
https://assets.myntassets.com/f_webp,dpr_2.0,q_60,w_210,c_limit,fl_progressive/assets/images/22820656/2023/4/19/8b3b1aa8-4830-4eb4-9087-f74abc11602e1681903093071BodyWashandScrub1.jpg;
https://assets.myntassets.com/f_webp,dpr_2.2,q_60,w_210,c_limit,fl_progressive/assets/images/22820656/2023/4/19/8b3b1aa8-4830-4eb4-9087-f74abc11602e1681903093071BodyWashandScrub1.jpg;
https://assets.myntassets.com/f_webp,dpr_2.4,q_60,w_210,c_limit,fl_progressive/assets/images/22820656/2023/4/19/8b3b1aa8-4830-4eb4-9087-f74abc11602e1681903093071BodyWashandScrub1.jpg;
https://assets.myntassets.com/f_webp,dpr_2.6,q_60,w_210,c_limit,fl_progressive/assets/images/22820656/2023/4/19/8b3b1aa8-4830-4eb4-9087-f74abc11602e1681903093071BodyWashandScrub1.jpg;
https://assets.myntassets.com/f_webp,dpr_2.8,q_60,w_210,c_limit,fl_progressive/assets/images/22820656/2023/4/19/8b3b1aa8-4830-4eb4-9087-f74abc11602e1681903093071BodyWashandScrub1.jpg",514,514,0,0,0,FRENCH ESSENCE,https://www.myntra.com/bath-and-body-gift-set/french-essence/french-essence-body-wash-with-body-spray/22820656/buy
110,Studs Earrings,"https://assets.myntassets.com/f_webp,dpr_1.0,q_60,w_210,c_limit,fl_progressive/assets/images/22922588/2023/4/27/fc4d7511-47ae-45b5-9164-48fdf698ad641682596049875PALMONASGold-TonedContemporaryEarCuffEarrings1.jpg;
https://assets.myntassets.com/f_webp,dpr_1.8,q_60,w_210,c_limit,fl_progressive/assets/images/22922588/2023/4/27/fc4d7511-47ae-45b5-9164-48fdf698ad641682596049875PALMONASGold-TonedContemporaryEarCuffEarrings1.jpg;
https://assets.myntassets.com/f_webp,dpr_2.0,q_60,w_210,c_limit,fl_progressive/assets/images/22922588/2023/4/27/fc4d7511-47ae-45b5-9164-48fdf698ad641682596049875PALMONASGold-TonedContemporaryEarCuffEarrings1.jpg;
https://assets.myntassets.com/f_webp,dpr_2.2,q_60,w_210,c_limit,fl_progressive/assets/images/22922588/2023/4/27/fc4d7511-47ae-45b5-9164-48fdf698ad641682596049875PALMONASGold-TonedContemporaryEarCuffEarrings1.jpg;
https://assets.myntassets.com/f_webp,dpr_2.4,q_60,w_210,c_limit,fl_progressive/assets/images/22922588/2023/4/27/fc4d7511-47ae-45b5-9164-48fdf698ad641682596049875PALMONASGold-TonedContemporaryEarCuffEarrings1.jpg;
https://assets.myntassets.com/f_webp,dpr_2.6,q_60,w_210,c_limit,fl_progressive/assets/images/22922588/2023/4/27/fc4d7511-47ae-45b5-9164-48fdf698ad641682596049875PALMONASGold-TonedContemporaryEarCuffEarrings1.jpg;
https://assets.myntassets.com/f_webp,dpr_2.8,q_60,w_210,c_limit,fl_progressive/assets/images/22922588/2023/4/27/fc4d7511-47ae-45b5-9164-48fdf698ad641682596049875PALMONASGold-TonedContemporaryEarCuffEarrings1.jpg",1258,1573,0,0,20,PALMONAS,https://www.myntra.com/earrings/palmonas/palmonas-gold-plated-cubic-zirconia-contemporary-studs-earrings/22922588/buy
111,Set Of 2 Gold-Plated Anklets,"https://assets.myntassets.com/f_webp,dpr_1.0,q_60,w_210,c_limit,fl_progressive/assets/images/22882202/2023/4/24/37e2d8f3-aa37-4c4d-801c-3086a6302afe1682336742236GoldPlatedPearlAnklet1.jpg;
https://assets.myntassets.com/f_webp,dpr_1.8,q_60,w_210,c_limit,fl_progressive/assets/images/22882202/2023/4/24/37e2d8f3-aa37-4c4d-801c-3086a6302afe1682336742236GoldPlatedPearlAnklet1.jpg;
https://assets.myntassets.com/f_webp,dpr_2.0,q_60,w_210,c_limit,fl_progressive/assets/images/22882202/2023/4/24/37e2d8f3-aa37-4c4d-801c-3086a6302afe1682336742236GoldPlatedPearlAnklet1.jpg;
https://assets.myntassets.com/f_webp,dpr_2.2,q_60,w_210,c_limit,fl_progressive/assets/images/22882202/2023/4/24/37e2d8f3-aa37-4c4d-801c-3086a6302afe1682336742236GoldPlatedPearlAnklet1.jpg;
https://assets.myntassets.com/f_webp,dpr_2.4,q_60,w_210,c_limit,fl_progressive/assets/images/22882202/2023/4/24/37e2d8f3-aa37-4c4d-801c-3086a6302afe1682336742236GoldPlatedPearlAnklet1.jpg;
https://assets.myntassets.com/f_webp,dpr_2.6,q_60,w_210,c_limit,fl_progressive/assets/images/22882202/2023/4/24/37e2d8f3-aa37-4c4d-801c-3086a6302afe1682336742236GoldPlatedPearlAnklet1.jpg;
https://assets.myntassets.com/f_webp,dpr_2.8,q_60,w_210,c_limit,fl_progressive/assets/images/22882202/2023/4/24/37e2d8f3-aa37-4c4d-801c-3086a6302afe1682336742236GoldPlatedPearlAnklet1.jpg",2995,2995,0,0,0,Silvermerc Designs,https://www.myntra.com/anklet/silvermerc-designs/silvermerc-designs-set-of-2-gold-plated-beaded-anklets/22882202/buy
112,Gold-Plated Long Jewellery Set,"https://assets.myntassets.com/f_webp,dpr_1.0,q_60,w_210,c_limit,fl_progressive/assets/images/22867492/2023/4/22/7d687fa2-e8cc-4dc5-8723-449c8fda0ebf1682168150672MansiyaorangeOriginalLookGoldenColorLongRaniHaarSetForWomen1.jpg;
https://assets.myntassets.com/f_webp,dpr_1.8,q_60,w_210,c_limit,fl_progressive/assets/images/22867492/2023/4/22/7d687fa2-e8cc-4dc5-8723-449c8fda0ebf1682168150672MansiyaorangeOriginalLookGoldenColorLongRaniHaarSetForWomen1.jpg;
https://assets.myntassets.com/f_webp,dpr_2.0,q_60,w_210,c_limit,fl_progressive/assets/images/22867492/2023/4/22/7d687fa2-e8cc-4dc5-8723-449c8fda0ebf1682168150672MansiyaorangeOriginalLookGoldenColorLongRaniHaarSetForWomen1.jpg;
https://assets.myntassets.com/f_webp,dpr_2.2,q_60,w_210,c_limit,fl_progressive/assets/images/22867492/2023/4/22/7d687fa2-e8cc-4dc5-8723-449c8fda0ebf1682168150672MansiyaorangeOriginalLookGoldenColorLongRaniHaarSetForWomen1.jpg;
https://assets.myntassets.com/f_webp,dpr_2.4,q_60,w_210,c_limit,fl_progressive/assets/images/22867492/2023/4/22/7d687fa2-e8cc-4dc5-8723-449c8fda0ebf1682168150672MansiyaorangeOriginalLookGoldenColorLongRaniHaarSetForWomen1.jpg;
https://assets.myntassets.com/f_webp,dpr_2.6,q_60,w_210,c_limit,fl_progressive/assets/images/22867492/2023/4/22/7d687fa2-e8cc-4dc5-8723-449c8fda0ebf1682168150672MansiyaorangeOriginalLookGoldenColorLongRaniHaarSetForWomen1.jpg;
https://assets.myntassets.com/f_webp,dpr_2.8,q_60,w_210,c_limit,fl_progressive/assets/images/22867492/2023/4/22/7d687fa2-e8cc-4dc5-8723-449c8fda0ebf1682168150672MansiyaorangeOriginalLookGoldenColorLongRaniHaarSetForWomen1.jpg",465,1699,0,0,1234,MANSIYAORANGE,https://www.myntra.com/jewellery-set/mansiyaorange/mansiyaorange-gold-plated-textured-long-jewellery-set/22867492/buy
113,Gold-Plated Necklace,"https://assets.myntassets.com/f_webp,dpr_1.0,q_60,w_210,c_limit,fl_progressive/assets/images/22915834/2023/4/27/b8c9851c-f9bb-41e0-a453-d94d43d480041682590195673ROFARWORDTraditionalNecklaceChainforWomenGirls1.jpg;
https://assets.myntassets.com/f_webp,dpr_1.8,q_60,w_210,c_limit,fl_progressive/assets/images/22915834/2023/4/27/b8c9851c-f9bb-41e0-a453-d94d43d480041682590195673ROFARWORDTraditionalNecklaceChainforWomenGirls1.jpg;
https://assets.myntassets.com/f_webp,dpr_2.0,q_60,w_210,c_limit,fl_progressive/assets/images/22915834/2023/4/27/b8c9851c-f9bb-41e0-a453-d94d43d480041682590195673ROFARWORDTraditionalNecklaceChainforWomenGirls1.jpg;
https://assets.myntassets.com/f_webp,dpr_2.2,q_60,w_210,c_limit,fl_progressive/assets/images/22915834/2023/4/27/b8c9851c-f9bb-41e0-a453-d94d43d480041682590195673ROFARWORDTraditionalNecklaceChainforWomenGirls1.jpg;
https://assets.myntassets.com/f_webp,dpr_2.4,q_60,w_210,c_limit,fl_progressive/assets/images/22915834/2023/4/27/b8c9851c-f9bb-41e0-a453-d94d43d480041682590195673ROFARWORDTraditionalNecklaceChainforWomenGirls1.jpg;
https://assets.myntassets.com/f_webp,dpr_2.6,q_60,w_210,c_limit,fl_progressive/assets/images/22915834/2023/4/27/b8c9851c-f9bb-41e0-a453-d94d43d480041682590195673ROFARWORDTraditionalNecklaceChainforWomenGirls1.jpg;
https://assets.myntassets.com/f_webp,dpr_2.8,q_60,w_210,c_limit,fl_progressive/assets/images/22915834/2023/4/27/b8c9851c-f9bb-41e0-a453-d94d43d480041682590195673ROFARWORDTraditionalNecklaceChainforWomenGirls1.jpg",339,1699,0,0,80,ROFARWORD,https://www.myntra.com/necklace-and-chains/rofarword/rofarword-gold-plated-necklace/22915834/buy
114,Gold-Plated Jewellery Set,"https://assets.myntassets.com/f_webp,dpr_1.0,q_60,w_210,c_limit,fl_progressive/assets/images/22889428/2023/4/25/fc1ff709-8149-4a50-8fcc-fdf27db55b931682411184738ROFARWORDTraditionalNecklaceJewellerySetforWomenGirls1.jpg;
https://assets.myntassets.com/f_webp,dpr_1.8,q_60,w_210,c_limit,fl_progressive/assets/images/22889428/2023/4/25/fc1ff709-8149-4a50-8fcc-fdf27db55b931682411184738ROFARWORDTraditionalNecklaceJewellerySetforWomenGirls1.jpg;
https://assets.myntassets.com/f_webp,dpr_2.0,q_60,w_210,c_limit,fl_progressive/assets/images/22889428/2023/4/25/fc1ff709-8149-4a50-8fcc-fdf27db55b931682411184738ROFARWORDTraditionalNecklaceJewellerySetforWomenGirls1.jpg;
https://assets.myntassets.com/f_webp,dpr_2.2,q_60,w_210,c_limit,fl_progressive/assets/images/22889428/2023/4/25/fc1ff709-8149-4a50-8fcc-fdf27db55b931682411184738ROFARWORDTraditionalNecklaceJewellerySetforWomenGirls1.jpg;
https://assets.myntassets.com/f_webp,dpr_2.4,q_60,w_210,c_limit,fl_progressive/assets/images/22889428/2023/4/25/fc1ff709-8149-4a50-8fcc-fdf27db55b931682411184738ROFARWORDTraditionalNecklaceJewellerySetforWomenGirls1.jpg;
https://assets.myntassets.com/f_webp,dpr_2.6,q_60,w_210,c_limit,fl_progressive/assets/images/22889428/2023/4/25/fc1ff709-8149-4a50-8fcc-fdf27db55b931682411184738ROFARWORDTraditionalNecklaceJewellerySetforWomenGirls1.jpg;
https://assets.myntassets.com/f_webp,dpr_2.8,q_60,w_210,c_limit,fl_progressive/assets/images/22889428/2023/4/25/fc1ff709-8149-4a50-8fcc-fdf27db55b931682411184738ROFARWORDTraditionalNecklaceJewellerySetforWomenGirls1.jpg",309,1549,0,0,80,ROFARWORD,https://www.myntra.com/jewellery-set/rofarword/rofarword-gold-plated-stone-studded-jewellery-set/22889428/buy
115,Gold-Plated Jewellery Set,"https://assets.myntassets.com/f_webp,dpr_1.0,q_60,w_210,c_limit,fl_progressive/assets/images/22930572/2023/4/28/872250bd-74a3-418e-8fc5-871d64588c591682665810657Antiquefinishshortnecklaceset12303N1.jpg;
https://assets.myntassets.com/f_webp,dpr_1.8,q_60,w_210,c_limit,fl_progressive/assets/images/22930572/2023/4/28/872250bd-74a3-418e-8fc5-871d64588c591682665810657Antiquefinishshortnecklaceset12303N1.jpg;
https://assets.myntassets.com/f_webp,dpr_2.0,q_60,w_210,c_limit,fl_progressive/assets/images/22930572/2023/4/28/872250bd-74a3-418e-8fc5-871d64588c591682665810657Antiquefinishshortnecklaceset12303N1.jpg;
https://assets.myntassets.com/f_webp,dpr_2.2,q_60,w_210,c_limit,fl_progressive/assets/images/22930572/2023/4/28/872250bd-74a3-418e-8fc5-871d64588c591682665810657Antiquefinishshortnecklaceset12303N1.jpg;
https://assets.myntassets.com/f_webp,dpr_2.4,q_60,w_210,c_limit,fl_progressive/assets/images/22930572/2023/4/28/872250bd-74a3-418e-8fc5-871d64588c591682665810657Antiquefinishshortnecklaceset12303N1.jpg;
https://assets.myntassets.com/f_webp,dpr_2.6,q_60,w_210,c_limit,fl_progressive/assets/images/22930572/2023/4/28/872250bd-74a3-418e-8fc5-871d64588c591682665810657Antiquefinishshortnecklaceset12303N1.jpg;
https://assets.myntassets.com/f_webp,dpr_2.8,q_60,w_210,c_limit,fl_progressive/assets/images/22930572/2023/4/28/872250bd-74a3-418e-8fc5-871d64588c591682665810657Antiquefinishshortnecklaceset12303N1.jpg",1395,4500,0,0,69,GRIIHAM,https://www.myntra.com/jewellery-set/griiham/-griiham-gold-plated-cz-studded--beaded-jewellery-set/22930572/buy
116,Gold-Plated Drop Earrings,"https://assets.myntassets.com/f_webp,dpr_1.0,q_60,w_210,c_limit,fl_progressive/assets/images/22919806/2023/4/27/99bb2ca9-b095-490e-b402-29ff93293ce11682592003221PeoraGold-TonedContemporaryDropEarrings1.jpg;
https://assets.myntassets.com/f_webp,dpr_1.8,q_60,w_210,c_limit,fl_progressive/assets/images/22919806/2023/4/27/99bb2ca9-b095-490e-b402-29ff93293ce11682592003221PeoraGold-TonedContemporaryDropEarrings1.jpg;
https://assets.myntassets.com/f_webp,dpr_2.0,q_60,w_210,c_limit,fl_progressive/assets/images/22919806/2023/4/27/99bb2ca9-b095-490e-b402-29ff93293ce11682592003221PeoraGold-TonedContemporaryDropEarrings1.jpg;
https://assets.myntassets.com/f_webp,dpr_2.2,q_60,w_210,c_limit,fl_progressive/assets/images/22919806/2023/4/27/99bb2ca9-b095-490e-b402-29ff93293ce11682592003221PeoraGold-TonedContemporaryDropEarrings1.jpg;
https://assets.myntassets.com/f_webp,dpr_2.4,q_60,w_210,c_limit,fl_progressive/assets/images/22919806/2023/4/27/99bb2ca9-b095-490e-b402-29ff93293ce11682592003221PeoraGold-TonedContemporaryDropEarrings1.jpg;
https://assets.myntassets.com/f_webp,dpr_2.6,q_60,w_210,c_limit,fl_progressive/assets/images/22919806/2023/4/27/99bb2ca9-b095-490e-b402-29ff93293ce11682592003221PeoraGold-TonedContemporaryDropEarrings1.jpg;
https://assets.myntassets.com/f_webp,dpr_2.8,q_60,w_210,c_limit,fl_progressive/assets/images/22919806/2023/4/27/99bb2ca9-b095-490e-b402-29ff93293ce11682592003221PeoraGold-TonedContemporaryDropEarrings1.jpg",749,3745,0,0,80,Peora,https://www.myntra.com/earrings/peora/peora-gold-plated-contemporary-stone-studded-drop-earrings/22919806/buy
117,Gold-Plated Statement Necklace,"https://assets.myntassets.com/f_webp,dpr_1.0,q_60,w_210,c_limit,fl_progressive/assets/images/22898384/2023/4/25/bcfe37f2-8f8a-4ff0-b377-1c1d82faf6b71682440459069Multicolourdesignerstatementstonesnecklace1.jpg;
https://assets.myntassets.com/f_webp,dpr_1.8,q_60,w_210,c_limit,fl_progressive/assets/images/22898384/2023/4/25/bcfe37f2-8f8a-4ff0-b377-1c1d82faf6b71682440459069Multicolourdesignerstatementstonesnecklace1.jpg;
https://assets.myntassets.com/f_webp,dpr_2.0,q_60,w_210,c_limit,fl_progressive/assets/images/22898384/2023/4/25/bcfe37f2-8f8a-4ff0-b377-1c1d82faf6b71682440459069Multicolourdesignerstatementstonesnecklace1.jpg;
https://assets.myntassets.com/f_webp,dpr_2.2,q_60,w_210,c_limit,fl_progressive/assets/images/22898384/2023/4/25/bcfe37f2-8f8a-4ff0-b377-1c1d82faf6b71682440459069Multicolourdesignerstatementstonesnecklace1.jpg;
https://assets.myntassets.com/f_webp,dpr_2.4,q_60,w_210,c_limit,fl_progressive/assets/images/22898384/2023/4/25/bcfe37f2-8f8a-4ff0-b377-1c1d82faf6b71682440459069Multicolourdesignerstatementstonesnecklace1.jpg;
https://assets.myntassets.com/f_webp,dpr_2.6,q_60,w_210,c_limit,fl_progressive/assets/images/22898384/2023/4/25/bcfe37f2-8f8a-4ff0-b377-1c1d82faf6b71682440459069Multicolourdesignerstatementstonesnecklace1.jpg;
https://assets.myntassets.com/f_webp,dpr_2.8,q_60,w_210,c_limit,fl_progressive/assets/images/22898384/2023/4/25/bcfe37f2-8f8a-4ff0-b377-1c1d82faf6b71682440459069Multicolourdesignerstatementstonesnecklace1.jpg",994,2925,0,0,66,SOHI,https://www.myntra.com/necklace-and-chains/sohi/sohi-gold-plated-statement-necklace/22898384/buy
118,Gold-Plated Jewellery Set,"https://assets.myntassets.com/f_webp,dpr_1.0,q_60,w_210,c_limit,fl_progressive/assets/images/22889370/2023/4/25/b60330e5-c4bc-47fb-96c4-7e33b13903011682409270123ROFARWORDTraditionalNecklaceJewellerySetforWomenGirls1.jpg;
https://assets.myntassets.com/f_webp,dpr_1.8,q_60,w_210,c_limit,fl_progressive/assets/images/22889370/2023/4/25/b60330e5-c4bc-47fb-96c4-7e33b13903011682409270123ROFARWORDTraditionalNecklaceJewellerySetforWomenGirls1.jpg;
https://assets.myntassets.com/f_webp,dpr_2.0,q_60,w_210,c_limit,fl_progressive/assets/images/22889370/2023/4/25/b60330e5-c4bc-47fb-96c4-7e33b13903011682409270123ROFARWORDTraditionalNecklaceJewellerySetforWomenGirls1.jpg;
https://assets.myntassets.com/f_webp,dpr_2.2,q_60,w_210,c_limit,fl_progressive/assets/images/22889370/2023/4/25/b60330e5-c4bc-47fb-96c4-7e33b13903011682409270123ROFARWORDTraditionalNecklaceJewellerySetforWomenGirls1.jpg;
https://assets.myntassets.com/f_webp,dpr_2.4,q_60,w_210,c_limit,fl_progressive/assets/images/22889370/2023/4/25/b60330e5-c4bc-47fb-96c4-7e33b13903011682409270123ROFARWORDTraditionalNecklaceJewellerySetforWomenGirls1.jpg;
https://assets.myntassets.com/f_webp,dpr_2.6,q_60,w_210,c_limit,fl_progressive/assets/images/22889370/2023/4/25/b60330e5-c4bc-47fb-96c4-7e33b13903011682409270123ROFARWORDTraditionalNecklaceJewellerySetforWomenGirls1.jpg;
https://assets.myntassets.com/f_webp,dpr_2.8,q_60,w_210,c_limit,fl_progressive/assets/images/22889370/2023/4/25/b60330e5-c4bc-47fb-96c4-7e33b13903011682409270123ROFARWORDTraditionalNecklaceJewellerySetforWomenGirls1.jpg",339,1699,0,0,80,ROFARWORD,https://www.myntra.com/jewellery-set/rofarword/rofarword-gold-plated-artificial-beaded-jewellery-set/22889370/buy
119,Silver-Plated Oxidized Bangle,"https://assets.myntassets.com/f_webp,dpr_1.0,q_60,w_210,c_limit,fl_progressive/assets/images/22882102/2023/4/24/c9804859-5287-4183-86bf-830e4d0bdb381682341145313OxidizedSilver-PlatedJhumkiCuffGhungrooBeadedBangle1.jpg;
https://assets.myntassets.com/f_webp,dpr_1.8,q_60,w_210,c_limit,fl_progressive/assets/images/22882102/2023/4/24/c9804859-5287-4183-86bf-830e4d0bdb381682341145313OxidizedSilver-PlatedJhumkiCuffGhungrooBeadedBangle1.jpg;
https://assets.myntassets.com/f_webp,dpr_2.0,q_60,w_210,c_limit,fl_progressive/assets/images/22882102/2023/4/24/c9804859-5287-4183-86bf-830e4d0bdb381682341145313OxidizedSilver-PlatedJhumkiCuffGhungrooBeadedBangle1.jpg;
https://assets.myntassets.com/f_webp,dpr_2.2,q_60,w_210,c_limit,fl_progressive/assets/images/22882102/2023/4/24/c9804859-5287-4183-86bf-830e4d0bdb381682341145313OxidizedSilver-PlatedJhumkiCuffGhungrooBeadedBangle1.jpg;
https://assets.myntassets.com/f_webp,dpr_2.4,q_60,w_210,c_limit,fl_progressive/assets/images/22882102/2023/4/24/c9804859-5287-4183-86bf-830e4d0bdb381682341145313OxidizedSilver-PlatedJhumkiCuffGhungrooBeadedBangle1.jpg;
https://assets.myntassets.com/f_webp,dpr_2.6,q_60,w_210,c_limit,fl_progressive/assets/images/22882102/2023/4/24/c9804859-5287-4183-86bf-830e4d0bdb381682341145313OxidizedSilver-PlatedJhumkiCuffGhungrooBeadedBangle1.jpg;
https://assets.myntassets.com/f_webp,dpr_2.8,q_60,w_210,c_limit,fl_progressive/assets/images/22882102/2023/4/24/c9804859-5287-4183-86bf-830e4d0bdb381682341145313OxidizedSilver-PlatedJhumkiCuffGhungrooBeadedBangle1.jpg",1999,1999,0,0,0,Samridhi DC,https://www.myntra.com/bangle/samridhi-dc/samridhi-dc-silver-plated-oxidized-jhumki-bangle/22882102/buy
120,Gold-Plated Jewellery Set,"https://assets.myntassets.com/f_webp,dpr_1.0,q_60,w_210,c_limit,fl_progressive/assets/images/22863238/2023/4/22/077b01bd-0892-48cc-9ed7-a0cccb81fbb41682158346504SukkhiGracefulGoldPlatedKundanMeenakariChokerNecklaceSetforW1.jpg;
https://assets.myntassets.com/f_webp,dpr_1.8,q_60,w_210,c_limit,fl_progressive/assets/images/22863238/2023/4/22/077b01bd-0892-48cc-9ed7-a0cccb81fbb41682158346504SukkhiGracefulGoldPlatedKundanMeenakariChokerNecklaceSetforW1.jpg;
https://assets.myntassets.com/f_webp,dpr_2.0,q_60,w_210,c_limit,fl_progressive/assets/images/22863238/2023/4/22/077b01bd-0892-48cc-9ed7-a0cccb81fbb41682158346504SukkhiGracefulGoldPlatedKundanMeenakariChokerNecklaceSetforW1.jpg;
https://assets.myntassets.com/f_webp,dpr_2.2,q_60,w_210,c_limit,fl_progressive/assets/images/22863238/2023/4/22/077b01bd-0892-48cc-9ed7-a0cccb81fbb41682158346504SukkhiGracefulGoldPlatedKundanMeenakariChokerNecklaceSetforW1.jpg;
https://assets.myntassets.com/f_webp,dpr_2.4,q_60,w_210,c_limit,fl_progressive/assets/images/22863238/2023/4/22/077b01bd-0892-48cc-9ed7-a0cccb81fbb41682158346504SukkhiGracefulGoldPlatedKundanMeenakariChokerNecklaceSetforW1.jpg;
https://assets.myntassets.com/f_webp,dpr_2.6,q_60,w_210,c_limit,fl_progressive/assets/images/22863238/2023/4/22/077b01bd-0892-48cc-9ed7-a0cccb81fbb41682158346504SukkhiGracefulGoldPlatedKundanMeenakariChokerNecklaceSetforW1.jpg;
https://assets.myntassets.com/f_webp,dpr_2.8,q_60,w_210,c_limit,fl_progressive/assets/images/22863238/2023/4/22/077b01bd-0892-48cc-9ed7-a0cccb81fbb41682158346504SukkhiGracefulGoldPlatedKundanMeenakariChokerNecklaceSetforW1.jpg",882,2264,0,0,61,Sukkhi,https://www.myntra.com/jewellery-set/sukkhi/sukkhi-gold-plated-kundan-studded--beaded-meenakari-jewellery-set/22863238/buy
121,Textured Structured Sling Bag,"https://assets.myntassets.com/f_webp,dpr_1.0,q_60,w_210,c_limit,fl_progressive/assets/images/22935820/2023/4/28/dccb7af5-17a9-4e6b-b1b4-17bb55bb2cbd1682688547164MetroYellowTexturedShopperSlingBagwithQuilted1.jpg;
https://assets.myntassets.com/f_webp,dpr_1.8,q_60,w_210,c_limit,fl_progressive/assets/images/22935820/2023/4/28/dccb7af5-17a9-4e6b-b1b4-17bb55bb2cbd1682688547164MetroYellowTexturedShopperSlingBagwithQuilted1.jpg;
https://assets.myntassets.com/f_webp,dpr_2.0,q_60,w_210,c_limit,fl_progressive/assets/images/22935820/2023/4/28/dccb7af5-17a9-4e6b-b1b4-17bb55bb2cbd1682688547164MetroYellowTexturedShopperSlingBagwithQuilted1.jpg;
https://assets.myntassets.com/f_webp,dpr_2.2,q_60,w_210,c_limit,fl_progressive/assets/images/22935820/2023/4/28/dccb7af5-17a9-4e6b-b1b4-17bb55bb2cbd1682688547164MetroYellowTexturedShopperSlingBagwithQuilted1.jpg;
https://assets.myntassets.com/f_webp,dpr_2.4,q_60,w_210,c_limit,fl_progressive/assets/images/22935820/2023/4/28/dccb7af5-17a9-4e6b-b1b4-17bb55bb2cbd1682688547164MetroYellowTexturedShopperSlingBagwithQuilted1.jpg;
https://assets.myntassets.com/f_webp,dpr_2.6,q_60,w_210,c_limit,fl_progressive/assets/images/22935820/2023/4/28/dccb7af5-17a9-4e6b-b1b4-17bb55bb2cbd1682688547164MetroYellowTexturedShopperSlingBagwithQuilted1.jpg;
https://assets.myntassets.com/f_webp,dpr_2.8,q_60,w_210,c_limit,fl_progressive/assets/images/22935820/2023/4/28/dccb7af5-17a9-4e6b-b1b4-17bb55bb2cbd1682688547164MetroYellowTexturedShopperSlingBagwithQuilted1.jpg",1690,1690,0,0,0,Metro,https://www.myntra.com/handbags/metro/metro-textured-structured-sling-bag-with-quilted/22935820/buy
122,Studs Earrings,"https://assets.myntassets.com/f_webp,dpr_1.0,q_60,w_210,c_limit,fl_progressive/assets/images/22922592/2023/4/27/9fdbd132-c6be-4626-8491-5596c81d38171682595737959PALMONASGold-TonedContemporaryStudsEarrings1.jpg;
https://assets.myntassets.com/f_webp,dpr_1.8,q_60,w_210,c_limit,fl_progressive/assets/images/22922592/2023/4/27/9fdbd132-c6be-4626-8491-5596c81d38171682595737959PALMONASGold-TonedContemporaryStudsEarrings1.jpg;
https://assets.myntassets.com/f_webp,dpr_2.0,q_60,w_210,c_limit,fl_progressive/assets/images/22922592/2023/4/27/9fdbd132-c6be-4626-8491-5596c81d38171682595737959PALMONASGold-TonedContemporaryStudsEarrings1.jpg;
https://assets.myntassets.com/f_webp,dpr_2.2,q_60,w_210,c_limit,fl_progressive/assets/images/22922592/2023/4/27/9fdbd132-c6be-4626-8491-5596c81d38171682595737959PALMONASGold-TonedContemporaryStudsEarrings1.jpg;
https://assets.myntassets.com/f_webp,dpr_2.4,q_60,w_210,c_limit,fl_progressive/assets/images/22922592/2023/4/27/9fdbd132-c6be-4626-8491-5596c81d38171682595737959PALMONASGold-TonedContemporaryStudsEarrings1.jpg;
https://assets.myntassets.com/f_webp,dpr_2.6,q_60,w_210,c_limit,fl_progressive/assets/images/22922592/2023/4/27/9fdbd132-c6be-4626-8491-5596c81d38171682595737959PALMONASGold-TonedContemporaryStudsEarrings1.jpg;
https://assets.myntassets.com/f_webp,dpr_2.8,q_60,w_210,c_limit,fl_progressive/assets/images/22922592/2023/4/27/9fdbd132-c6be-4626-8491-5596c81d38171682595737959PALMONASGold-TonedContemporaryStudsEarrings1.jpg",1416,1770,0,0,20,PALMONAS,https://www.myntra.com/earrings/palmonas/palmonas-gold-plated-cubic-zirconia-contemporary-studs-earrings/22922592/buy
123,Women Silver-Plated Charm Bracelet,"https://assets.myntassets.com/f_webp,dpr_1.0,q_60,w_210,c_limit,fl_progressive/assets/images/22919724/2023/4/27/7017a571-1404-4269-a7bc-ed2c4c6353141682607174225Bracelet1.jpg;
https://assets.myntassets.com/f_webp,dpr_1.8,q_60,w_210,c_limit,fl_progressive/assets/images/22919724/2023/4/27/7017a571-1404-4269-a7bc-ed2c4c6353141682607174225Bracelet1.jpg;
https://assets.myntassets.com/f_webp,dpr_2.0,q_60,w_210,c_limit,fl_progressive/assets/images/22919724/2023/4/27/7017a571-1404-4269-a7bc-ed2c4c6353141682607174225Bracelet1.jpg;
https://assets.myntassets.com/f_webp,dpr_2.2,q_60,w_210,c_limit,fl_progressive/assets/images/22919724/2023/4/27/7017a571-1404-4269-a7bc-ed2c4c6353141682607174225Bracelet1.jpg;
https://assets.myntassets.com/f_webp,dpr_2.4,q_60,w_210,c_limit,fl_progressive/assets/images/22919724/2023/4/27/7017a571-1404-4269-a7bc-ed2c4c6353141682607174225Bracelet1.jpg;
https://assets.myntassets.com/f_webp,dpr_2.6,q_60,w_210,c_limit,fl_progressive/assets/images/22919724/2023/4/27/7017a571-1404-4269-a7bc-ed2c4c6353141682607174225Bracelet1.jpg;
https://assets.myntassets.com/f_webp,dpr_2.8,q_60,w_210,c_limit,fl_progressive/assets/images/22919724/2023/4/27/7017a571-1404-4269-a7bc-ed2c4c6353141682607174225Bracelet1.jpg",899,4495,0,0,80,Peora,https://www.myntra.com/bracelet/peora/peora-women-silver-plated-charm-bracelet/22919724/buy
124,Rose Gold-Plated Finger Ring,"https://assets.myntassets.com/f_webp,dpr_1.0,q_60,w_210,c_limit,fl_progressive/assets/images/22910300/2023/4/26/3a0141b4-f608-467e-b67f-0d31972beb081682509965876MYKICasualRingForWomenGirls1.jpg;
https://assets.myntassets.com/f_webp,dpr_1.8,q_60,w_210,c_limit,fl_progressive/assets/images/22910300/2023/4/26/3a0141b4-f608-467e-b67f-0d31972beb081682509965876MYKICasualRingForWomenGirls1.jpg;
https://assets.myntassets.com/f_webp,dpr_2.0,q_60,w_210,c_limit,fl_progressive/assets/images/22910300/2023/4/26/3a0141b4-f608-467e-b67f-0d31972beb081682509965876MYKICasualRingForWomenGirls1.jpg;
https://assets.myntassets.com/f_webp,dpr_2.2,q_60,w_210,c_limit,fl_progressive/assets/images/22910300/2023/4/26/3a0141b4-f608-467e-b67f-0d31972beb081682509965876MYKICasualRingForWomenGirls1.jpg;
https://assets.myntassets.com/f_webp,dpr_2.4,q_60,w_210,c_limit,fl_progressive/assets/images/22910300/2023/4/26/3a0141b4-f608-467e-b67f-0d31972beb081682509965876MYKICasualRingForWomenGirls1.jpg;
https://assets.myntassets.com/f_webp,dpr_2.6,q_60,w_210,c_limit,fl_progressive/assets/images/22910300/2023/4/26/3a0141b4-f608-467e-b67f-0d31972beb081682509965876MYKICasualRingForWomenGirls1.jpg;
https://assets.myntassets.com/f_webp,dpr_2.8,q_60,w_210,c_limit,fl_progressive/assets/images/22910300/2023/4/26/3a0141b4-f608-467e-b67f-0d31972beb081682509965876MYKICasualRingForWomenGirls1.jpg",349,349,0,0,0,MYKI,https://www.myntra.com/ring/myki/-myki-rose-gold-plated--cz-studded-adjustable-finger-ring/22910300/buy
125,Rose Gold-Plated Mangalsutra,"https://assets.myntassets.com/f_webp,dpr_1.0,q_60,w_210,c_limit,fl_progressive/assets/images/22905700/2023/4/26/051b181b-b9e9-4260-86b9-b7657281c0381682502411512RoseGold-PlatedBeadedADStuddedMangalsutraEarringsSet1.jpg;
https://assets.myntassets.com/f_webp,dpr_1.8,q_60,w_210,c_limit,fl_progressive/assets/images/22905700/2023/4/26/051b181b-b9e9-4260-86b9-b7657281c0381682502411512RoseGold-PlatedBeadedADStuddedMangalsutraEarringsSet1.jpg;
https://assets.myntassets.com/f_webp,dpr_2.0,q_60,w_210,c_limit,fl_progressive/assets/images/22905700/2023/4/26/051b181b-b9e9-4260-86b9-b7657281c0381682502411512RoseGold-PlatedBeadedADStuddedMangalsutraEarringsSet1.jpg;
https://assets.myntassets.com/f_webp,dpr_2.2,q_60,w_210,c_limit,fl_progressive/assets/images/22905700/2023/4/26/051b181b-b9e9-4260-86b9-b7657281c0381682502411512RoseGold-PlatedBeadedADStuddedMangalsutraEarringsSet1.jpg;
https://assets.myntassets.com/f_webp,dpr_2.4,q_60,w_210,c_limit,fl_progressive/assets/images/22905700/2023/4/26/051b181b-b9e9-4260-86b9-b7657281c0381682502411512RoseGold-PlatedBeadedADStuddedMangalsutraEarringsSet1.jpg;
https://assets.myntassets.com/f_webp,dpr_2.6,q_60,w_210,c_limit,fl_progressive/assets/images/22905700/2023/4/26/051b181b-b9e9-4260-86b9-b7657281c0381682502411512RoseGold-PlatedBeadedADStuddedMangalsutraEarringsSet1.jpg;
https://assets.myntassets.com/f_webp,dpr_2.8,q_60,w_210,c_limit,fl_progressive/assets/images/22905700/2023/4/26/051b181b-b9e9-4260-86b9-b7657281c0381682502411512RoseGold-PlatedBeadedADStuddedMangalsutraEarringsSet1.jpg",881,5875,0,0,85,Vita Bella,https://www.myntra.com/mangalsutra/vita-bella/vita-bella-rose-gold-plated-ad-studded--beaded-mangalsutra-with-earrings/22905700/buy
126,Set of 2 Silver-Plated Anklets,"https://assets.myntassets.com/f_webp,dpr_1.0,q_60,w_210,c_limit,fl_progressive/assets/images/22885602/2023/4/24/d65cf009-2f43-4799-97b3-ce126181bc8a1682345046015RuhiCollectionBridalSilverPlatedIndianTraditionalEthnicFancy1.jpg;
https://assets.myntassets.com/f_webp,dpr_1.8,q_60,w_210,c_limit,fl_progressive/assets/images/22885602/2023/4/24/d65cf009-2f43-4799-97b3-ce126181bc8a1682345046015RuhiCollectionBridalSilverPlatedIndianTraditionalEthnicFancy1.jpg;
https://assets.myntassets.com/f_webp,dpr_2.0,q_60,w_210,c_limit,fl_progressive/assets/images/22885602/2023/4/24/d65cf009-2f43-4799-97b3-ce126181bc8a1682345046015RuhiCollectionBridalSilverPlatedIndianTraditionalEthnicFancy1.jpg;
https://assets.myntassets.com/f_webp,dpr_2.2,q_60,w_210,c_limit,fl_progressive/assets/images/22885602/2023/4/24/d65cf009-2f43-4799-97b3-ce126181bc8a1682345046015RuhiCollectionBridalSilverPlatedIndianTraditionalEthnicFancy1.jpg;
https://assets.myntassets.com/f_webp,dpr_2.4,q_60,w_210,c_limit,fl_progressive/assets/images/22885602/2023/4/24/d65cf009-2f43-4799-97b3-ce126181bc8a1682345046015RuhiCollectionBridalSilverPlatedIndianTraditionalEthnicFancy1.jpg;
https://assets.myntassets.com/f_webp,dpr_2.6,q_60,w_210,c_limit,fl_progressive/assets/images/22885602/2023/4/24/d65cf009-2f43-4799-97b3-ce126181bc8a1682345046015RuhiCollectionBridalSilverPlatedIndianTraditionalEthnicFancy1.jpg;
https://assets.myntassets.com/f_webp,dpr_2.8,q_60,w_210,c_limit,fl_progressive/assets/images/22885602/2023/4/24/d65cf009-2f43-4799-97b3-ce126181bc8a1682345046015RuhiCollectionBridalSilverPlatedIndianTraditionalEthnicFancy1.jpg",1999,1999,0,0,0,RUHI COLLECTION,https://www.myntra.com/anklet/ruhi-collection/ruhi-collection-set-of-2-silver-plated-beaded-anklets/22885602/buy
127,Drop Earrings,"https://assets.myntassets.com/f_webp,dpr_1.0,q_60,w_210,c_limit,fl_progressive/assets/images/22956674/2023/4/29/79a95752-7c34-4d27-948d-4c9b3eb513f81682777408194MYKISilver-TonedContemporaryDropEarrings1.jpg;
https://assets.myntassets.com/f_webp,dpr_1.8,q_60,w_210,c_limit,fl_progressive/assets/images/22956674/2023/4/29/79a95752-7c34-4d27-948d-4c9b3eb513f81682777408194MYKISilver-TonedContemporaryDropEarrings1.jpg;
https://assets.myntassets.com/f_webp,dpr_2.0,q_60,w_210,c_limit,fl_progressive/assets/images/22956674/2023/4/29/79a95752-7c34-4d27-948d-4c9b3eb513f81682777408194MYKISilver-TonedContemporaryDropEarrings1.jpg;
https://assets.myntassets.com/f_webp,dpr_2.2,q_60,w_210,c_limit,fl_progressive/assets/images/22956674/2023/4/29/79a95752-7c34-4d27-948d-4c9b3eb513f81682777408194MYKISilver-TonedContemporaryDropEarrings1.jpg;
https://assets.myntassets.com/f_webp,dpr_2.4,q_60,w_210,c_limit,fl_progressive/assets/images/22956674/2023/4/29/79a95752-7c34-4d27-948d-4c9b3eb513f81682777408194MYKISilver-TonedContemporaryDropEarrings1.jpg;
https://assets.myntassets.com/f_webp,dpr_2.6,q_60,w_210,c_limit,fl_progressive/assets/images/22956674/2023/4/29/79a95752-7c34-4d27-948d-4c9b3eb513f81682777408194MYKISilver-TonedContemporaryDropEarrings1.jpg;
https://assets.myntassets.com/f_webp,dpr_2.8,q_60,w_210,c_limit,fl_progressive/assets/images/22956674/2023/4/29/79a95752-7c34-4d27-948d-4c9b3eb513f81682777408194MYKISilver-TonedContemporaryDropEarrings1.jpg",399,399,0,0,0,MYKI,https://www.myntra.com/earrings/myki/myki-silver-toned-contemporary-drop-earrings/22956674/buy
128,Rhodium-Plated Jewellery Set,"https://assets.myntassets.com/f_webp,dpr_1.0,q_60,w_210,c_limit,fl_progressive/assets/images/22919106/2023/4/27/be9e297e-ecdb-41d9-8edd-f7bbf12fe7c11682590858133Rhodium-PlatedSilverTonedAmericanDiamondstuddedOvalShapedJew1.jpg;
https://assets.myntassets.com/f_webp,dpr_1.8,q_60,w_210,c_limit,fl_progressive/assets/images/22919106/2023/4/27/be9e297e-ecdb-41d9-8edd-f7bbf12fe7c11682590858133Rhodium-PlatedSilverTonedAmericanDiamondstuddedOvalShapedJew1.jpg;
https://assets.myntassets.com/f_webp,dpr_2.0,q_60,w_210,c_limit,fl_progressive/assets/images/22919106/2023/4/27/be9e297e-ecdb-41d9-8edd-f7bbf12fe7c11682590858133Rhodium-PlatedSilverTonedAmericanDiamondstuddedOvalShapedJew1.jpg;
https://assets.myntassets.com/f_webp,dpr_2.2,q_60,w_210,c_limit,fl_progressive/assets/images/22919106/2023/4/27/be9e297e-ecdb-41d9-8edd-f7bbf12fe7c11682590858133Rhodium-PlatedSilverTonedAmericanDiamondstuddedOvalShapedJew1.jpg;
https://assets.myntassets.com/f_webp,dpr_2.4,q_60,w_210,c_limit,fl_progressive/assets/images/22919106/2023/4/27/be9e297e-ecdb-41d9-8edd-f7bbf12fe7c11682590858133Rhodium-PlatedSilverTonedAmericanDiamondstuddedOvalShapedJew1.jpg;
https://assets.myntassets.com/f_webp,dpr_2.6,q_60,w_210,c_limit,fl_progressive/assets/images/22919106/2023/4/27/be9e297e-ecdb-41d9-8edd-f7bbf12fe7c11682590858133Rhodium-PlatedSilverTonedAmericanDiamondstuddedOvalShapedJew1.jpg;
https://assets.myntassets.com/f_webp,dpr_2.8,q_60,w_210,c_limit,fl_progressive/assets/images/22919106/2023/4/27/be9e297e-ecdb-41d9-8edd-f7bbf12fe7c11682590858133Rhodium-PlatedSilverTonedAmericanDiamondstuddedOvalShapedJew1.jpg",559,2799,0,0,80,Aazeen,https://www.myntra.com/jewellery-set/aazeen/aazeen-rhodium-plated-ad-stone-studded-oval-shaped-jewellery-set-/22919106/buy
129,Women PU Belt With Chain Drop,"https://assets.myntassets.com/f_webp,dpr_1.0,q_60,w_210,c_limit,fl_progressive/assets/images/22902594/2023/4/26/5b348a9b-ce8a-472b-ad38-ecee4df38876168249360531620DressesTanSolidWaistBeltWithChainDropForWomen1.jpg;
https://assets.myntassets.com/f_webp,dpr_1.8,q_60,w_210,c_limit,fl_progressive/assets/images/22902594/2023/4/26/5b348a9b-ce8a-472b-ad38-ecee4df38876168249360531620DressesTanSolidWaistBeltWithChainDropForWomen1.jpg;
https://assets.myntassets.com/f_webp,dpr_2.0,q_60,w_210,c_limit,fl_progressive/assets/images/22902594/2023/4/26/5b348a9b-ce8a-472b-ad38-ecee4df38876168249360531620DressesTanSolidWaistBeltWithChainDropForWomen1.jpg;
https://assets.myntassets.com/f_webp,dpr_2.2,q_60,w_210,c_limit,fl_progressive/assets/images/22902594/2023/4/26/5b348a9b-ce8a-472b-ad38-ecee4df38876168249360531620DressesTanSolidWaistBeltWithChainDropForWomen1.jpg;
https://assets.myntassets.com/f_webp,dpr_2.4,q_60,w_210,c_limit,fl_progressive/assets/images/22902594/2023/4/26/5b348a9b-ce8a-472b-ad38-ecee4df38876168249360531620DressesTanSolidWaistBeltWithChainDropForWomen1.jpg;
https://assets.myntassets.com/f_webp,dpr_2.6,q_60,w_210,c_limit,fl_progressive/assets/images/22902594/2023/4/26/5b348a9b-ce8a-472b-ad38-ecee4df38876168249360531620DressesTanSolidWaistBeltWithChainDropForWomen1.jpg;
https://assets.myntassets.com/f_webp,dpr_2.8,q_60,w_210,c_limit,fl_progressive/assets/images/22902594/2023/4/26/5b348a9b-ce8a-472b-ad38-ecee4df38876168249360531620DressesTanSolidWaistBeltWithChainDropForWomen1.jpg",1195,1195,0,0,0,20Dresses,https://www.myntra.com/belts/20dresses/20dresses-women-tan-pu-belt-with-chain-drop/22902594/buy
130,Gold-Plated Jewellery Set,"https://assets.myntassets.com/f_webp,dpr_1.0,q_60,w_210,c_limit,fl_progressive/assets/images/22863338/2023/4/22/593b1ab8-0e50-4c14-bb53-ae871efbae7e1682160442433SukkhiAlluringOxidisedGoddessLaxmiNecklaceSetforWomen1.jpg;
https://assets.myntassets.com/f_webp,dpr_1.8,q_60,w_210,c_limit,fl_progressive/assets/images/22863338/2023/4/22/593b1ab8-0e50-4c14-bb53-ae871efbae7e1682160442433SukkhiAlluringOxidisedGoddessLaxmiNecklaceSetforWomen1.jpg;
https://assets.myntassets.com/f_webp,dpr_2.0,q_60,w_210,c_limit,fl_progressive/assets/images/22863338/2023/4/22/593b1ab8-0e50-4c14-bb53-ae871efbae7e1682160442433SukkhiAlluringOxidisedGoddessLaxmiNecklaceSetforWomen1.jpg;
https://assets.myntassets.com/f_webp,dpr_2.2,q_60,w_210,c_limit,fl_progressive/assets/images/22863338/2023/4/22/593b1ab8-0e50-4c14-bb53-ae871efbae7e1682160442433SukkhiAlluringOxidisedGoddessLaxmiNecklaceSetforWomen1.jpg;
https://assets.myntassets.com/f_webp,dpr_2.4,q_60,w_210,c_limit,fl_progressive/assets/images/22863338/2023/4/22/593b1ab8-0e50-4c14-bb53-ae871efbae7e1682160442433SukkhiAlluringOxidisedGoddessLaxmiNecklaceSetforWomen1.jpg;
https://assets.myntassets.com/f_webp,dpr_2.6,q_60,w_210,c_limit,fl_progressive/assets/images/22863338/2023/4/22/593b1ab8-0e50-4c14-bb53-ae871efbae7e1682160442433SukkhiAlluringOxidisedGoddessLaxmiNecklaceSetforWomen1.jpg;
https://assets.myntassets.com/f_webp,dpr_2.8,q_60,w_210,c_limit,fl_progressive/assets/images/22863338/2023/4/22/593b1ab8-0e50-4c14-bb53-ae871efbae7e1682160442433SukkhiAlluringOxidisedGoddessLaxmiNecklaceSetforWomen1.jpg",453,1164,0,0,61,Sukkhi,https://www.myntra.com/jewellery-set/sukkhi/sukkhi-gold-plated-stone-studded--beaded-oxidised-necklace--earrings-set/22863338/buy
131,Silver-Plated Jewellery Set,"https://assets.myntassets.com/f_webp,dpr_1.0,q_60,w_210,c_limit,fl_progressive/assets/images/22896762/2023/4/25/874d3424-7e1d-473b-9475-b3ae52e15d161682428568615JewellerySet1.jpg;
https://assets.myntassets.com/f_webp,dpr_1.8,q_60,w_210,c_limit,fl_progressive/assets/images/22896762/2023/4/25/874d3424-7e1d-473b-9475-b3ae52e15d161682428568615JewellerySet1.jpg;
https://assets.myntassets.com/f_webp,dpr_2.0,q_60,w_210,c_limit,fl_progressive/assets/images/22896762/2023/4/25/874d3424-7e1d-473b-9475-b3ae52e15d161682428568615JewellerySet1.jpg;
https://assets.myntassets.com/f_webp,dpr_2.2,q_60,w_210,c_limit,fl_progressive/assets/images/22896762/2023/4/25/874d3424-7e1d-473b-9475-b3ae52e15d161682428568615JewellerySet1.jpg;
https://assets.myntassets.com/f_webp,dpr_2.4,q_60,w_210,c_limit,fl_progressive/assets/images/22896762/2023/4/25/874d3424-7e1d-473b-9475-b3ae52e15d161682428568615JewellerySet1.jpg;
https://assets.myntassets.com/f_webp,dpr_2.6,q_60,w_210,c_limit,fl_progressive/assets/images/22896762/2023/4/25/874d3424-7e1d-473b-9475-b3ae52e15d161682428568615JewellerySet1.jpg;
https://assets.myntassets.com/f_webp,dpr_2.8,q_60,w_210,c_limit,fl_progressive/assets/images/22896762/2023/4/25/874d3424-7e1d-473b-9475-b3ae52e15d161682428568615JewellerySet1.jpg",388,2159,0,0,82,Anouk,https://www.myntra.com/jewellery-set/anouk/anouk-silver-plated-fabric-detailed-jewellery-set/22896762/buy
132,Rhodium-Plated Drop Earrings,"https://assets.myntassets.com/f_webp,dpr_1.0,q_60,w_210,c_limit,fl_progressive/assets/images/22945144/2023/4/28/885ba632-56e0-4fde-afd2-22c3844dff951682682462021AazeenSeaGreenCircularStudsEarrings1.jpg;
https://assets.myntassets.com/f_webp,dpr_1.8,q_60,w_210,c_limit,fl_progressive/assets/images/22945144/2023/4/28/885ba632-56e0-4fde-afd2-22c3844dff951682682462021AazeenSeaGreenCircularStudsEarrings1.jpg;
https://assets.myntassets.com/f_webp,dpr_2.0,q_60,w_210,c_limit,fl_progressive/assets/images/22945144/2023/4/28/885ba632-56e0-4fde-afd2-22c3844dff951682682462021AazeenSeaGreenCircularStudsEarrings1.jpg;
https://assets.myntassets.com/f_webp,dpr_2.2,q_60,w_210,c_limit,fl_progressive/assets/images/22945144/2023/4/28/885ba632-56e0-4fde-afd2-22c3844dff951682682462021AazeenSeaGreenCircularStudsEarrings1.jpg;
https://assets.myntassets.com/f_webp,dpr_2.4,q_60,w_210,c_limit,fl_progressive/assets/images/22945144/2023/4/28/885ba632-56e0-4fde-afd2-22c3844dff951682682462021AazeenSeaGreenCircularStudsEarrings1.jpg;
https://assets.myntassets.com/f_webp,dpr_2.6,q_60,w_210,c_limit,fl_progressive/assets/images/22945144/2023/4/28/885ba632-56e0-4fde-afd2-22c3844dff951682682462021AazeenSeaGreenCircularStudsEarrings1.jpg;
https://assets.myntassets.com/f_webp,dpr_2.8,q_60,w_210,c_limit,fl_progressive/assets/images/22945144/2023/4/28/885ba632-56e0-4fde-afd2-22c3844dff951682682462021AazeenSeaGreenCircularStudsEarrings1.jpg",591,3699,0,0,84,Aazeen,https://www.myntra.com/earrings/aazeen/aazeen-rhodium-plated-circular-drop-earrings/22945144/buy
133,Rhodium-Plated Bracelet,"https://assets.myntassets.com/f_webp,dpr_1.0,q_60,w_210,c_limit,fl_progressive/assets/images/22919254/2023/4/27/d66b536d-cb62-4d31-8250-53a736a1b1621682607111206Rhodium-PlatedSilverTonedWhiteAmericanDiamondstuddedHeartSha1.jpg;
https://assets.myntassets.com/f_webp,dpr_1.8,q_60,w_210,c_limit,fl_progressive/assets/images/22919254/2023/4/27/d66b536d-cb62-4d31-8250-53a736a1b1621682607111206Rhodium-PlatedSilverTonedWhiteAmericanDiamondstuddedHeartSha1.jpg;
https://assets.myntassets.com/f_webp,dpr_2.0,q_60,w_210,c_limit,fl_progressive/assets/images/22919254/2023/4/27/d66b536d-cb62-4d31-8250-53a736a1b1621682607111206Rhodium-PlatedSilverTonedWhiteAmericanDiamondstuddedHeartSha1.jpg;
https://assets.myntassets.com/f_webp,dpr_2.2,q_60,w_210,c_limit,fl_progressive/assets/images/22919254/2023/4/27/d66b536d-cb62-4d31-8250-53a736a1b1621682607111206Rhodium-PlatedSilverTonedWhiteAmericanDiamondstuddedHeartSha1.jpg;
https://assets.myntassets.com/f_webp,dpr_2.4,q_60,w_210,c_limit,fl_progressive/assets/images/22919254/2023/4/27/d66b536d-cb62-4d31-8250-53a736a1b1621682607111206Rhodium-PlatedSilverTonedWhiteAmericanDiamondstuddedHeartSha1.jpg;
https://assets.myntassets.com/f_webp,dpr_2.6,q_60,w_210,c_limit,fl_progressive/assets/images/22919254/2023/4/27/d66b536d-cb62-4d31-8250-53a736a1b1621682607111206Rhodium-PlatedSilverTonedWhiteAmericanDiamondstuddedHeartSha1.jpg;
https://assets.myntassets.com/f_webp,dpr_2.8,q_60,w_210,c_limit,fl_progressive/assets/images/22919254/2023/4/27/d66b536d-cb62-4d31-8250-53a736a1b1621682607111206Rhodium-PlatedSilverTonedWhiteAmericanDiamondstuddedHeartSha1.jpg",379,1899,0,0,80,Aazeen,https://www.myntra.com/bracelet/aazeen/aazeen-rhodium-plated-american-diamond-wraparound-bracelet/22919254/buy
134,Silver-Plated Ring,"https://assets.myntassets.com/f_webp,dpr_1.0,q_60,w_210,c_limit,fl_progressive/assets/images/22907202/2023/4/26/56eb4a2d-9e1d-4a66-9450-af344d98f4081682503079537VIENSilverOwlRingCatEyesAnimalCharmVintageRingsforMenWomenRi1.jpg;
https://assets.myntassets.com/f_webp,dpr_1.8,q_60,w_210,c_limit,fl_progressive/assets/images/22907202/2023/4/26/56eb4a2d-9e1d-4a66-9450-af344d98f4081682503079537VIENSilverOwlRingCatEyesAnimalCharmVintageRingsforMenWomenRi1.jpg;
https://assets.myntassets.com/f_webp,dpr_2.0,q_60,w_210,c_limit,fl_progressive/assets/images/22907202/2023/4/26/56eb4a2d-9e1d-4a66-9450-af344d98f4081682503079537VIENSilverOwlRingCatEyesAnimalCharmVintageRingsforMenWomenRi1.jpg;
https://assets.myntassets.com/f_webp,dpr_2.2,q_60,w_210,c_limit,fl_progressive/assets/images/22907202/2023/4/26/56eb4a2d-9e1d-4a66-9450-af344d98f4081682503079537VIENSilverOwlRingCatEyesAnimalCharmVintageRingsforMenWomenRi1.jpg;
https://assets.myntassets.com/f_webp,dpr_2.4,q_60,w_210,c_limit,fl_progressive/assets/images/22907202/2023/4/26/56eb4a2d-9e1d-4a66-9450-af344d98f4081682503079537VIENSilverOwlRingCatEyesAnimalCharmVintageRingsforMenWomenRi1.jpg;
https://assets.myntassets.com/f_webp,dpr_2.6,q_60,w_210,c_limit,fl_progressive/assets/images/22907202/2023/4/26/56eb4a2d-9e1d-4a66-9450-af344d98f4081682503079537VIENSilverOwlRingCatEyesAnimalCharmVintageRingsforMenWomenRi1.jpg;
https://assets.myntassets.com/f_webp,dpr_2.8,q_60,w_210,c_limit,fl_progressive/assets/images/22907202/2023/4/26/56eb4a2d-9e1d-4a66-9450-af344d98f4081682503079537VIENSilverOwlRingCatEyesAnimalCharmVintageRingsforMenWomenRi1.jpg",299,999,0,0,700,VIEN,https://www.myntra.com/ring/vien/vien-silver-plated-adjustable-owl-ring/22907202/buy
135,Gold-Plated Necklace,"https://assets.myntassets.com/f_webp,dpr_1.0,q_60,w_210,c_limit,fl_progressive/assets/images/22898378/2023/4/25/48e704f1-5431-41e3-9360-0a379c9bc28c1682440434875Multicolourdesignerstatementstonesnecklace1.jpg;
https://assets.myntassets.com/f_webp,dpr_1.8,q_60,w_210,c_limit,fl_progressive/assets/images/22898378/2023/4/25/48e704f1-5431-41e3-9360-0a379c9bc28c1682440434875Multicolourdesignerstatementstonesnecklace1.jpg;
https://assets.myntassets.com/f_webp,dpr_2.0,q_60,w_210,c_limit,fl_progressive/assets/images/22898378/2023/4/25/48e704f1-5431-41e3-9360-0a379c9bc28c1682440434875Multicolourdesignerstatementstonesnecklace1.jpg;
https://assets.myntassets.com/f_webp,dpr_2.2,q_60,w_210,c_limit,fl_progressive/assets/images/22898378/2023/4/25/48e704f1-5431-41e3-9360-0a379c9bc28c1682440434875Multicolourdesignerstatementstonesnecklace1.jpg;
https://assets.myntassets.com/f_webp,dpr_2.4,q_60,w_210,c_limit,fl_progressive/assets/images/22898378/2023/4/25/48e704f1-5431-41e3-9360-0a379c9bc28c1682440434875Multicolourdesignerstatementstonesnecklace1.jpg;
https://assets.myntassets.com/f_webp,dpr_2.6,q_60,w_210,c_limit,fl_progressive/assets/images/22898378/2023/4/25/48e704f1-5431-41e3-9360-0a379c9bc28c1682440434875Multicolourdesignerstatementstonesnecklace1.jpg;
https://assets.myntassets.com/f_webp,dpr_2.8,q_60,w_210,c_limit,fl_progressive/assets/images/22898378/2023/4/25/48e704f1-5431-41e3-9360-0a379c9bc28c1682440434875Multicolourdesignerstatementstonesnecklace1.jpg",994,2925,0,0,66,SOHI,https://www.myntra.com/necklace-and-chains/sohi/sohi-gold-plated-stone-studded-necklace/22898378/buy
136,Brass Gold-Plated Layered Necklace,"https://assets.myntassets.com/f_webp,dpr_1.0,q_60,w_210,c_limit,fl_progressive/assets/images/22935316/2023/4/28/73c383e7-19e0-4965-a14f-7cfb6b43a3461682675973680Gold-PlatedWhiteGold-TonedBrassNecklace1.jpg;
https://assets.myntassets.com/f_webp,dpr_1.8,q_60,w_210,c_limit,fl_progressive/assets/images/22935316/2023/4/28/73c383e7-19e0-4965-a14f-7cfb6b43a3461682675973680Gold-PlatedWhiteGold-TonedBrassNecklace1.jpg;
https://assets.myntassets.com/f_webp,dpr_2.0,q_60,w_210,c_limit,fl_progressive/assets/images/22935316/2023/4/28/73c383e7-19e0-4965-a14f-7cfb6b43a3461682675973680Gold-PlatedWhiteGold-TonedBrassNecklace1.jpg;
https://assets.myntassets.com/f_webp,dpr_2.2,q_60,w_210,c_limit,fl_progressive/assets/images/22935316/2023/4/28/73c383e7-19e0-4965-a14f-7cfb6b43a3461682675973680Gold-PlatedWhiteGold-TonedBrassNecklace1.jpg;
https://assets.myntassets.com/f_webp,dpr_2.4,q_60,w_210,c_limit,fl_progressive/assets/images/22935316/2023/4/28/73c383e7-19e0-4965-a14f-7cfb6b43a3461682675973680Gold-PlatedWhiteGold-TonedBrassNecklace1.jpg;
https://assets.myntassets.com/f_webp,dpr_2.6,q_60,w_210,c_limit,fl_progressive/assets/images/22935316/2023/4/28/73c383e7-19e0-4965-a14f-7cfb6b43a3461682675973680Gold-PlatedWhiteGold-TonedBrassNecklace1.jpg;
https://assets.myntassets.com/f_webp,dpr_2.8,q_60,w_210,c_limit,fl_progressive/assets/images/22935316/2023/4/28/73c383e7-19e0-4965-a14f-7cfb6b43a3461682675973680Gold-PlatedWhiteGold-TonedBrassNecklace1.jpg",299,2499,0,0,88,Aazeen,https://www.myntra.com/necklace-and-chains/aazeen/aazeen-gold-toned--white-brass-gold-plated-layered-necklace/22935316/buy
137,Set Of 2 Gold-Plated Bangles,"https://assets.myntassets.com/f_webp,dpr_1.0,q_60,w_210,c_limit,fl_progressive/assets/images/22918822/2023/4/27/3db89ff6-5a1c-4b50-8a76-5e84a0d6974b1682591117730Gold-PlatedWhiteAmericanDiamondstuddedFloralShapedBanglesJew1.jpg;
https://assets.myntassets.com/f_webp,dpr_1.8,q_60,w_210,c_limit,fl_progressive/assets/images/22918822/2023/4/27/3db89ff6-5a1c-4b50-8a76-5e84a0d6974b1682591117730Gold-PlatedWhiteAmericanDiamondstuddedFloralShapedBanglesJew1.jpg;
https://assets.myntassets.com/f_webp,dpr_2.0,q_60,w_210,c_limit,fl_progressive/assets/images/22918822/2023/4/27/3db89ff6-5a1c-4b50-8a76-5e84a0d6974b1682591117730Gold-PlatedWhiteAmericanDiamondstuddedFloralShapedBanglesJew1.jpg;
https://assets.myntassets.com/f_webp,dpr_2.2,q_60,w_210,c_limit,fl_progressive/assets/images/22918822/2023/4/27/3db89ff6-5a1c-4b50-8a76-5e84a0d6974b1682591117730Gold-PlatedWhiteAmericanDiamondstuddedFloralShapedBanglesJew1.jpg;
https://assets.myntassets.com/f_webp,dpr_2.4,q_60,w_210,c_limit,fl_progressive/assets/images/22918822/2023/4/27/3db89ff6-5a1c-4b50-8a76-5e84a0d6974b1682591117730Gold-PlatedWhiteAmericanDiamondstuddedFloralShapedBanglesJew1.jpg;
https://assets.myntassets.com/f_webp,dpr_2.6,q_60,w_210,c_limit,fl_progressive/assets/images/22918822/2023/4/27/3db89ff6-5a1c-4b50-8a76-5e84a0d6974b1682591117730Gold-PlatedWhiteAmericanDiamondstuddedFloralShapedBanglesJew1.jpg;
https://assets.myntassets.com/f_webp,dpr_2.8,q_60,w_210,c_limit,fl_progressive/assets/images/22918822/2023/4/27/3db89ff6-5a1c-4b50-8a76-5e84a0d6974b1682591117730Gold-PlatedWhiteAmericanDiamondstuddedFloralShapedBanglesJew1.jpg",665,3699,0,0,82,Aazeen,https://www.myntra.com/bangle/aazeen/aazeen-set-of-2-gold-plated-american-diamond-studded-bangles/22918822/buy
138,Aviator Sunglasses,"https://assets.myntassets.com/f_webp,dpr_1.0,q_60,w_210,c_limit,fl_progressive/assets/images/22886240/2023/4/25/352afc0f-a1df-4545-a8ab-7afa4ff815641682410373949MAGNEQPilotShapedPurplePolaroizedUnisexSunglassesMG2207SC3551.jpg;
https://assets.myntassets.com/f_webp,dpr_1.8,q_60,w_210,c_limit,fl_progressive/assets/images/22886240/2023/4/25/352afc0f-a1df-4545-a8ab-7afa4ff815641682410373949MAGNEQPilotShapedPurplePolaroizedUnisexSunglassesMG2207SC3551.jpg;
https://assets.myntassets.com/f_webp,dpr_2.0,q_60,w_210,c_limit,fl_progressive/assets/images/22886240/2023/4/25/352afc0f-a1df-4545-a8ab-7afa4ff815641682410373949MAGNEQPilotShapedPurplePolaroizedUnisexSunglassesMG2207SC3551.jpg;
https://assets.myntassets.com/f_webp,dpr_2.2,q_60,w_210,c_limit,fl_progressive/assets/images/22886240/2023/4/25/352afc0f-a1df-4545-a8ab-7afa4ff815641682410373949MAGNEQPilotShapedPurplePolaroizedUnisexSunglassesMG2207SC3551.jpg;
https://assets.myntassets.com/f_webp,dpr_2.4,q_60,w_210,c_limit,fl_progressive/assets/images/22886240/2023/4/25/352afc0f-a1df-4545-a8ab-7afa4ff815641682410373949MAGNEQPilotShapedPurplePolaroizedUnisexSunglassesMG2207SC3551.jpg;
https://assets.myntassets.com/f_webp,dpr_2.6,q_60,w_210,c_limit,fl_progressive/assets/images/22886240/2023/4/25/352afc0f-a1df-4545-a8ab-7afa4ff815641682410373949MAGNEQPilotShapedPurplePolaroizedUnisexSunglassesMG2207SC3551.jpg;
https://assets.myntassets.com/f_webp,dpr_2.8,q_60,w_210,c_limit,fl_progressive/assets/images/22886240/2023/4/25/352afc0f-a1df-4545-a8ab-7afa4ff815641682410373949MAGNEQPilotShapedPurplePolaroizedUnisexSunglassesMG2207SC3551.jpg",903,1290,0,0,30,MAGNEQ,https://www.myntra.com/sunglasses/magneq/magneq-lens--aviator-sunglasses-with-polarised--uv-protected-lens-mg-2207s-c3-5518/22886240/buy
139,Drop Earrings,"https://assets.myntassets.com/f_webp,dpr_1.0,q_60,w_210,c_limit,fl_progressive/assets/images/22955108/2023/4/29/48b5cc22-2df4-4caf-81fd-f63beefbbb261682761700020JewelzMulticolouredContemporaryDropEarrings1.jpg;
https://assets.myntassets.com/f_webp,dpr_1.8,q_60,w_210,c_limit,fl_progressive/assets/images/22955108/2023/4/29/48b5cc22-2df4-4caf-81fd-f63beefbbb261682761700020JewelzMulticolouredContemporaryDropEarrings1.jpg;
https://assets.myntassets.com/f_webp,dpr_2.0,q_60,w_210,c_limit,fl_progressive/assets/images/22955108/2023/4/29/48b5cc22-2df4-4caf-81fd-f63beefbbb261682761700020JewelzMulticolouredContemporaryDropEarrings1.jpg;
https://assets.myntassets.com/f_webp,dpr_2.2,q_60,w_210,c_limit,fl_progressive/assets/images/22955108/2023/4/29/48b5cc22-2df4-4caf-81fd-f63beefbbb261682761700020JewelzMulticolouredContemporaryDropEarrings1.jpg;
https://assets.myntassets.com/f_webp,dpr_2.4,q_60,w_210,c_limit,fl_progressive/assets/images/22955108/2023/4/29/48b5cc22-2df4-4caf-81fd-f63beefbbb261682761700020JewelzMulticolouredContemporaryDropEarrings1.jpg;
https://assets.myntassets.com/f_webp,dpr_2.6,q_60,w_210,c_limit,fl_progressive/assets/images/22955108/2023/4/29/48b5cc22-2df4-4caf-81fd-f63beefbbb261682761700020JewelzMulticolouredContemporaryDropEarrings1.jpg;
https://assets.myntassets.com/f_webp,dpr_2.8,q_60,w_210,c_limit,fl_progressive/assets/images/22955108/2023/4/29/48b5cc22-2df4-4caf-81fd-f63beefbbb261682761700020JewelzMulticolouredContemporaryDropEarrings1.jpg",1899,1899,0,0,0,Jewelz,https://www.myntra.com/earrings/jewelz/jewelz-multicoloured-contemporary-drop-earrings/22955108/buy
140,Set of 2 Coffee Body Wash,"https://assets.myntassets.com/f_webp,dpr_1.0,q_60,w_210,c_limit,fl_progressive/assets/images/22916948/2023/4/28/20959ae6-d115-4c09-b2f3-f89dd5e3dfed1682675226245MCaffeineSetof2CoffeeBodyWashRefillPackwithVitaminEBrazilNut1.jpg;
https://assets.myntassets.com/f_webp,dpr_1.8,q_60,w_210,c_limit,fl_progressive/assets/images/22916948/2023/4/28/20959ae6-d115-4c09-b2f3-f89dd5e3dfed1682675226245MCaffeineSetof2CoffeeBodyWashRefillPackwithVitaminEBrazilNut1.jpg;
https://assets.myntassets.com/f_webp,dpr_2.0,q_60,w_210,c_limit,fl_progressive/assets/images/22916948/2023/4/28/20959ae6-d115-4c09-b2f3-f89dd5e3dfed1682675226245MCaffeineSetof2CoffeeBodyWashRefillPackwithVitaminEBrazilNut1.jpg;
https://assets.myntassets.com/f_webp,dpr_2.2,q_60,w_210,c_limit,fl_progressive/assets/images/22916948/2023/4/28/20959ae6-d115-4c09-b2f3-f89dd5e3dfed1682675226245MCaffeineSetof2CoffeeBodyWashRefillPackwithVitaminEBrazilNut1.jpg;
https://assets.myntassets.com/f_webp,dpr_2.4,q_60,w_210,c_limit,fl_progressive/assets/images/22916948/2023/4/28/20959ae6-d115-4c09-b2f3-f89dd5e3dfed1682675226245MCaffeineSetof2CoffeeBodyWashRefillPackwithVitaminEBrazilNut1.jpg;
https://assets.myntassets.com/f_webp,dpr_2.6,q_60,w_210,c_limit,fl_progressive/assets/images/22916948/2023/4/28/20959ae6-d115-4c09-b2f3-f89dd5e3dfed1682675226245MCaffeineSetof2CoffeeBodyWashRefillPackwithVitaminEBrazilNut1.jpg;
https://assets.myntassets.com/f_webp,dpr_2.8,q_60,w_210,c_limit,fl_progressive/assets/images/22916948/2023/4/28/20959ae6-d115-4c09-b2f3-f89dd5e3dfed1682675226245MCaffeineSetof2CoffeeBodyWashRefillPackwithVitaminEBrazilNut1.jpg",798,798,4.5,69,0,MCaffeine,https://www.myntra.com/body-wash-and-scrub/mcaffeine/mcaffeine-set-of-2-coffee-body-wash-refill-pack-with-vitamin-e--brazil-nut---300-ml-each/22916948/buy
141,Gold-Plated Short Chain,"https://assets.myntassets.com/f_webp,dpr_1.0,q_60,w_210,c_limit,fl_progressive/assets/images/22889234/2023/4/27/7607d7f8-97cc-4d57-95a3-3351f00e126c168253941127618INCHSHORTNECKLACECHAINFORGIRLSWOMEN1.jpg;
https://assets.myntassets.com/f_webp,dpr_1.8,q_60,w_210,c_limit,fl_progressive/assets/images/22889234/2023/4/27/7607d7f8-97cc-4d57-95a3-3351f00e126c168253941127618INCHSHORTNECKLACECHAINFORGIRLSWOMEN1.jpg;
https://assets.myntassets.com/f_webp,dpr_2.0,q_60,w_210,c_limit,fl_progressive/assets/images/22889234/2023/4/27/7607d7f8-97cc-4d57-95a3-3351f00e126c168253941127618INCHSHORTNECKLACECHAINFORGIRLSWOMEN1.jpg;
https://assets.myntassets.com/f_webp,dpr_2.2,q_60,w_210,c_limit,fl_progressive/assets/images/22889234/2023/4/27/7607d7f8-97cc-4d57-95a3-3351f00e126c168253941127618INCHSHORTNECKLACECHAINFORGIRLSWOMEN1.jpg;
https://assets.myntassets.com/f_webp,dpr_2.4,q_60,w_210,c_limit,fl_progressive/assets/images/22889234/2023/4/27/7607d7f8-97cc-4d57-95a3-3351f00e126c168253941127618INCHSHORTNECKLACECHAINFORGIRLSWOMEN1.jpg;
https://assets.myntassets.com/f_webp,dpr_2.6,q_60,w_210,c_limit,fl_progressive/assets/images/22889234/2023/4/27/7607d7f8-97cc-4d57-95a3-3351f00e126c168253941127618INCHSHORTNECKLACECHAINFORGIRLSWOMEN1.jpg;
https://assets.myntassets.com/f_webp,dpr_2.8,q_60,w_210,c_limit,fl_progressive/assets/images/22889234/2023/4/27/7607d7f8-97cc-4d57-95a3-3351f00e126c168253941127618INCHSHORTNECKLACECHAINFORGIRLSWOMEN1.jpg",149,999,0,0,85,JEWEL WORLD,https://www.myntra.com/necklace-and-chains/jewel-world/jewel-world-gold-plated-short-chain/22889234/buy
142,Studs Earrings,"https://assets.myntassets.com/f_webp,dpr_1.0,q_60,w_210,c_limit,fl_progressive/assets/images/22957080/2023/4/29/af28e0fd-4f6f-450f-a647-b951a896dce31682761821713MYKIEarringsForWomenGirls1.jpg;
https://assets.myntassets.com/f_webp,dpr_1.8,q_60,w_210,c_limit,fl_progressive/assets/images/22957080/2023/4/29/af28e0fd-4f6f-450f-a647-b951a896dce31682761821713MYKIEarringsForWomenGirls1.jpg;
https://assets.myntassets.com/f_webp,dpr_2.0,q_60,w_210,c_limit,fl_progressive/assets/images/22957080/2023/4/29/af28e0fd-4f6f-450f-a647-b951a896dce31682761821713MYKIEarringsForWomenGirls1.jpg;
https://assets.myntassets.com/f_webp,dpr_2.2,q_60,w_210,c_limit,fl_progressive/assets/images/22957080/2023/4/29/af28e0fd-4f6f-450f-a647-b951a896dce31682761821713MYKIEarringsForWomenGirls1.jpg;
https://assets.myntassets.com/f_webp,dpr_2.4,q_60,w_210,c_limit,fl_progressive/assets/images/22957080/2023/4/29/af28e0fd-4f6f-450f-a647-b951a896dce31682761821713MYKIEarringsForWomenGirls1.jpg;
https://assets.myntassets.com/f_webp,dpr_2.6,q_60,w_210,c_limit,fl_progressive/assets/images/22957080/2023/4/29/af28e0fd-4f6f-450f-a647-b951a896dce31682761821713MYKIEarringsForWomenGirls1.jpg;
https://assets.myntassets.com/f_webp,dpr_2.8,q_60,w_210,c_limit,fl_progressive/assets/images/22957080/2023/4/29/af28e0fd-4f6f-450f-a647-b951a896dce31682761821713MYKIEarringsForWomenGirls1.jpg",320,320,0,0,0,MYKI,https://www.myntra.com/earrings/myki/myki-silver-toned-contemporary-studs-earrings/22957080/buy
143,Jhumkas Earrings,"https://assets.myntassets.com/f_webp,dpr_1.0,q_60,w_210,c_limit,fl_progressive/assets/images/22953832/2023/4/29/fc602bd0-f0de-4dd0-98be-fba3d98429901682764239591AazeenRedDomeShapedJhumkasEarrings1.jpg;
https://assets.myntassets.com/f_webp,dpr_1.8,q_60,w_210,c_limit,fl_progressive/assets/images/22953832/2023/4/29/fc602bd0-f0de-4dd0-98be-fba3d98429901682764239591AazeenRedDomeShapedJhumkasEarrings1.jpg;
https://assets.myntassets.com/f_webp,dpr_2.0,q_60,w_210,c_limit,fl_progressive/assets/images/22953832/2023/4/29/fc602bd0-f0de-4dd0-98be-fba3d98429901682764239591AazeenRedDomeShapedJhumkasEarrings1.jpg;
https://assets.myntassets.com/f_webp,dpr_2.2,q_60,w_210,c_limit,fl_progressive/assets/images/22953832/2023/4/29/fc602bd0-f0de-4dd0-98be-fba3d98429901682764239591AazeenRedDomeShapedJhumkasEarrings1.jpg;
https://assets.myntassets.com/f_webp,dpr_2.4,q_60,w_210,c_limit,fl_progressive/assets/images/22953832/2023/4/29/fc602bd0-f0de-4dd0-98be-fba3d98429901682764239591AazeenRedDomeShapedJhumkasEarrings1.jpg;
https://assets.myntassets.com/f_webp,dpr_2.6,q_60,w_210,c_limit,fl_progressive/assets/images/22953832/2023/4/29/fc602bd0-f0de-4dd0-98be-fba3d98429901682764239591AazeenRedDomeShapedJhumkasEarrings1.jpg;
https://assets.myntassets.com/f_webp,dpr_2.8,q_60,w_210,c_limit,fl_progressive/assets/images/22953832/2023/4/29/fc602bd0-f0de-4dd0-98be-fba3d98429901682764239591AazeenRedDomeShapedJhumkasEarrings1.jpg",459,1999,0,0,77,Aazeen,https://www.myntra.com/earrings/aazeen/aazeen-red-dome-shaped-jhumkas-earrings/22953832/buy
144,Textured Structured Sling Bag,"https://assets.myntassets.com/f_webp,dpr_1.0,q_60,w_210,c_limit,fl_progressive/assets/images/22935834/2023/4/28/6e0a918f-be18-42ed-a4fa-9f28a6c3b0571682674477922MetroBeigeStructuredSlingBagwithFringed1.jpg;
https://assets.myntassets.com/f_webp,dpr_1.8,q_60,w_210,c_limit,fl_progressive/assets/images/22935834/2023/4/28/6e0a918f-be18-42ed-a4fa-9f28a6c3b0571682674477922MetroBeigeStructuredSlingBagwithFringed1.jpg;
https://assets.myntassets.com/f_webp,dpr_2.0,q_60,w_210,c_limit,fl_progressive/assets/images/22935834/2023/4/28/6e0a918f-be18-42ed-a4fa-9f28a6c3b0571682674477922MetroBeigeStructuredSlingBagwithFringed1.jpg;
https://assets.myntassets.com/f_webp,dpr_2.2,q_60,w_210,c_limit,fl_progressive/assets/images/22935834/2023/4/28/6e0a918f-be18-42ed-a4fa-9f28a6c3b0571682674477922MetroBeigeStructuredSlingBagwithFringed1.jpg;
https://assets.myntassets.com/f_webp,dpr_2.4,q_60,w_210,c_limit,fl_progressive/assets/images/22935834/2023/4/28/6e0a918f-be18-42ed-a4fa-9f28a6c3b0571682674477922MetroBeigeStructuredSlingBagwithFringed1.jpg;
https://assets.myntassets.com/f_webp,dpr_2.6,q_60,w_210,c_limit,fl_progressive/assets/images/22935834/2023/4/28/6e0a918f-be18-42ed-a4fa-9f28a6c3b0571682674477922MetroBeigeStructuredSlingBagwithFringed1.jpg;
https://assets.myntassets.com/f_webp,dpr_2.8,q_60,w_210,c_limit,fl_progressive/assets/images/22935834/2023/4/28/6e0a918f-be18-42ed-a4fa-9f28a6c3b0571682674477922MetroBeigeStructuredSlingBagwithFringed1.jpg",1690,1690,0,0,0,Metro,https://www.myntra.com/handbags/metro/metro-textured-structured-sling-bag-with-quilted/22935834/buy
145,Gold-Plated Jewellery Set,"https://assets.myntassets.com/f_webp,dpr_1.0,q_60,w_210,c_limit,fl_progressive/assets/images/22930650/2023/4/29/69f40f8a-68ed-4717-97cf-26691ea9f1de1682740070007JewellerySet1.jpg;
https://assets.myntassets.com/f_webp,dpr_1.8,q_60,w_210,c_limit,fl_progressive/assets/images/22930650/2023/4/29/69f40f8a-68ed-4717-97cf-26691ea9f1de1682740070007JewellerySet1.jpg;
https://assets.myntassets.com/f_webp,dpr_2.0,q_60,w_210,c_limit,fl_progressive/assets/images/22930650/2023/4/29/69f40f8a-68ed-4717-97cf-26691ea9f1de1682740070007JewellerySet1.jpg;
https://assets.myntassets.com/f_webp,dpr_2.2,q_60,w_210,c_limit,fl_progressive/assets/images/22930650/2023/4/29/69f40f8a-68ed-4717-97cf-26691ea9f1de1682740070007JewellerySet1.jpg;
https://assets.myntassets.com/f_webp,dpr_2.4,q_60,w_210,c_limit,fl_progressive/assets/images/22930650/2023/4/29/69f40f8a-68ed-4717-97cf-26691ea9f1de1682740070007JewellerySet1.jpg;
https://assets.myntassets.com/f_webp,dpr_2.6,q_60,w_210,c_limit,fl_progressive/assets/images/22930650/2023/4/29/69f40f8a-68ed-4717-97cf-26691ea9f1de1682740070007JewellerySet1.jpg;
https://assets.myntassets.com/f_webp,dpr_2.8,q_60,w_210,c_limit,fl_progressive/assets/images/22930650/2023/4/29/69f40f8a-68ed-4717-97cf-26691ea9f1de1682740070007JewellerySet1.jpg",4000,12500,0,0,68,GRIIHAM,https://www.myntra.com/jewellery-set/griiham/griiham-gold-plated-cz-studded-jewellery-set-/22930650/buy
146,Gold-Plated Necklace,"https://assets.myntassets.com/f_webp,dpr_1.0,q_60,w_210,c_limit,fl_progressive/assets/images/22898268/2023/4/26/ccf253a7-3493-4c94-ba03-ea86fcea2a5c1682474721671Multicolourdesignerstatementstonesnecklace1.jpg;
https://assets.myntassets.com/f_webp,dpr_1.8,q_60,w_210,c_limit,fl_progressive/assets/images/22898268/2023/4/26/ccf253a7-3493-4c94-ba03-ea86fcea2a5c1682474721671Multicolourdesignerstatementstonesnecklace1.jpg;
https://assets.myntassets.com/f_webp,dpr_2.0,q_60,w_210,c_limit,fl_progressive/assets/images/22898268/2023/4/26/ccf253a7-3493-4c94-ba03-ea86fcea2a5c1682474721671Multicolourdesignerstatementstonesnecklace1.jpg;
https://assets.myntassets.com/f_webp,dpr_2.2,q_60,w_210,c_limit,fl_progressive/assets/images/22898268/2023/4/26/ccf253a7-3493-4c94-ba03-ea86fcea2a5c1682474721671Multicolourdesignerstatementstonesnecklace1.jpg;
https://assets.myntassets.com/f_webp,dpr_2.4,q_60,w_210,c_limit,fl_progressive/assets/images/22898268/2023/4/26/ccf253a7-3493-4c94-ba03-ea86fcea2a5c1682474721671Multicolourdesignerstatementstonesnecklace1.jpg;
https://assets.myntassets.com/f_webp,dpr_2.6,q_60,w_210,c_limit,fl_progressive/assets/images/22898268/2023/4/26/ccf253a7-3493-4c94-ba03-ea86fcea2a5c1682474721671Multicolourdesignerstatementstonesnecklace1.jpg;
https://assets.myntassets.com/f_webp,dpr_2.8,q_60,w_210,c_limit,fl_progressive/assets/images/22898268/2023/4/26/ccf253a7-3493-4c94-ba03-ea86fcea2a5c1682474721671Multicolourdesignerstatementstonesnecklace1.jpg",1198,3525,0,0,66,SOHI,https://www.myntra.com/necklace-and-chains/sohi/sohi-gold-plated-stone-studded-necklace/22898268/buy
147,Jhumkas Earrings,"https://assets.myntassets.com/f_webp,dpr_1.0,q_60,w_210,c_limit,fl_progressive/assets/images/22963100/2023/4/29/c5493324-afb3-4aa5-a6f4-cd1f365419b81682769608317KordStoreSeaGreenClassicJhumkasEarrings1.jpg;
https://assets.myntassets.com/f_webp,dpr_1.8,q_60,w_210,c_limit,fl_progressive/assets/images/22963100/2023/4/29/c5493324-afb3-4aa5-a6f4-cd1f365419b81682769608317KordStoreSeaGreenClassicJhumkasEarrings1.jpg;
https://assets.myntassets.com/f_webp,dpr_2.0,q_60,w_210,c_limit,fl_progressive/assets/images/22963100/2023/4/29/c5493324-afb3-4aa5-a6f4-cd1f365419b81682769608317KordStoreSeaGreenClassicJhumkasEarrings1.jpg;
https://assets.myntassets.com/f_webp,dpr_2.2,q_60,w_210,c_limit,fl_progressive/assets/images/22963100/2023/4/29/c5493324-afb3-4aa5-a6f4-cd1f365419b81682769608317KordStoreSeaGreenClassicJhumkasEarrings1.jpg;
https://assets.myntassets.com/f_webp,dpr_2.4,q_60,w_210,c_limit,fl_progressive/assets/images/22963100/2023/4/29/c5493324-afb3-4aa5-a6f4-cd1f365419b81682769608317KordStoreSeaGreenClassicJhumkasEarrings1.jpg;
https://assets.myntassets.com/f_webp,dpr_2.6,q_60,w_210,c_limit,fl_progressive/assets/images/22963100/2023/4/29/c5493324-afb3-4aa5-a6f4-cd1f365419b81682769608317KordStoreSeaGreenClassicJhumkasEarrings1.jpg;
https://assets.myntassets.com/f_webp,dpr_2.8,q_60,w_210,c_limit,fl_progressive/assets/images/22963100/2023/4/29/c5493324-afb3-4aa5-a6f4-cd1f365419b81682769608317KordStoreSeaGreenClassicJhumkasEarrings1.jpg",299,2999,0,0,90,Kord Store,https://www.myntra.com/earrings/kord-store/kord-store-sea-green-classic-jhumkas-earrings/22963100/buy
148,Drop Earrings,"https://assets.myntassets.com/f_webp,dpr_1.0,q_60,w_210,c_limit,fl_progressive/assets/images/22956944/2023/4/29/56f73cf4-e397-46b3-b200-29f05657db091682761898808MYKIGorgeousHoopEarringsforWomenandGirls1.jpg;
https://assets.myntassets.com/f_webp,dpr_1.8,q_60,w_210,c_limit,fl_progressive/assets/images/22956944/2023/4/29/56f73cf4-e397-46b3-b200-29f05657db091682761898808MYKIGorgeousHoopEarringsforWomenandGirls1.jpg;
https://assets.myntassets.com/f_webp,dpr_2.0,q_60,w_210,c_limit,fl_progressive/assets/images/22956944/2023/4/29/56f73cf4-e397-46b3-b200-29f05657db091682761898808MYKIGorgeousHoopEarringsforWomenandGirls1.jpg;
https://assets.myntassets.com/f_webp,dpr_2.2,q_60,w_210,c_limit,fl_progressive/assets/images/22956944/2023/4/29/56f73cf4-e397-46b3-b200-29f05657db091682761898808MYKIGorgeousHoopEarringsforWomenandGirls1.jpg;
https://assets.myntassets.com/f_webp,dpr_2.4,q_60,w_210,c_limit,fl_progressive/assets/images/22956944/2023/4/29/56f73cf4-e397-46b3-b200-29f05657db091682761898808MYKIGorgeousHoopEarringsforWomenandGirls1.jpg;
https://assets.myntassets.com/f_webp,dpr_2.6,q_60,w_210,c_limit,fl_progressive/assets/images/22956944/2023/4/29/56f73cf4-e397-46b3-b200-29f05657db091682761898808MYKIGorgeousHoopEarringsforWomenandGirls1.jpg;
https://assets.myntassets.com/f_webp,dpr_2.8,q_60,w_210,c_limit,fl_progressive/assets/images/22956944/2023/4/29/56f73cf4-e397-46b3-b200-29f05657db091682761898808MYKIGorgeousHoopEarringsforWomenandGirls1.jpg",399,399,0,0,0,MYKI,https://www.myntra.com/earrings/myki/myki-rose-contemporary-drop-earrings/22956944/buy
149,Rhodium-Plated Jewellery Set,"https://assets.myntassets.com/f_webp,dpr_1.0,q_60,w_210,c_limit,fl_progressive/assets/images/22918984/2023/4/27/eaffd368-d692-443c-b283-0149b592da451682592179291JewellerySet1.jpg;
https://assets.myntassets.com/f_webp,dpr_1.8,q_60,w_210,c_limit,fl_progressive/assets/images/22918984/2023/4/27/eaffd368-d692-443c-b283-0149b592da451682592179291JewellerySet1.jpg;
https://assets.myntassets.com/f_webp,dpr_2.0,q_60,w_210,c_limit,fl_progressive/assets/images/22918984/2023/4/27/eaffd368-d692-443c-b283-0149b592da451682592179291JewellerySet1.jpg;
https://assets.myntassets.com/f_webp,dpr_2.2,q_60,w_210,c_limit,fl_progressive/assets/images/22918984/2023/4/27/eaffd368-d692-443c-b283-0149b592da451682592179291JewellerySet1.jpg;
https://assets.myntassets.com/f_webp,dpr_2.4,q_60,w_210,c_limit,fl_progressive/assets/images/22918984/2023/4/27/eaffd368-d692-443c-b283-0149b592da451682592179291JewellerySet1.jpg;
https://assets.myntassets.com/f_webp,dpr_2.6,q_60,w_210,c_limit,fl_progressive/assets/images/22918984/2023/4/27/eaffd368-d692-443c-b283-0149b592da451682592179291JewellerySet1.jpg;
https://assets.myntassets.com/f_webp,dpr_2.8,q_60,w_210,c_limit,fl_progressive/assets/images/22918984/2023/4/27/eaffd368-d692-443c-b283-0149b592da451682592179291JewellerySet1.jpg",1484,5499,0,0,73,Aazeen,https://www.myntra.com/jewellery-set/aazeen/-aazeen-rhodium-plated-ad-studded-jewellery-set/22918984/buy
150,Gold-Plated Necklace,"https://assets.myntassets.com/f_webp,dpr_1.0,q_60,w_210,c_limit,fl_progressive/assets/images/22915808/2023/4/27/6e75a120-4379-4452-a50c-e2d0d90b1e3c1682587099203ROFARWORDTraditionalNecklaceChainforWomenGirls1.jpg;
https://assets.myntassets.com/f_webp,dpr_1.8,q_60,w_210,c_limit,fl_progressive/assets/images/22915808/2023/4/27/6e75a120-4379-4452-a50c-e2d0d90b1e3c1682587099203ROFARWORDTraditionalNecklaceChainforWomenGirls1.jpg;
https://assets.myntassets.com/f_webp,dpr_2.0,q_60,w_210,c_limit,fl_progressive/assets/images/22915808/2023/4/27/6e75a120-4379-4452-a50c-e2d0d90b1e3c1682587099203ROFARWORDTraditionalNecklaceChainforWomenGirls1.jpg;
https://assets.myntassets.com/f_webp,dpr_2.2,q_60,w_210,c_limit,fl_progressive/assets/images/22915808/2023/4/27/6e75a120-4379-4452-a50c-e2d0d90b1e3c1682587099203ROFARWORDTraditionalNecklaceChainforWomenGirls1.jpg;
https://assets.myntassets.com/f_webp,dpr_2.4,q_60,w_210,c_limit,fl_progressive/assets/images/22915808/2023/4/27/6e75a120-4379-4452-a50c-e2d0d90b1e3c1682587099203ROFARWORDTraditionalNecklaceChainforWomenGirls1.jpg;
https://assets.myntassets.com/f_webp,dpr_2.6,q_60,w_210,c_limit,fl_progressive/assets/images/22915808/2023/4/27/6e75a120-4379-4452-a50c-e2d0d90b1e3c1682587099203ROFARWORDTraditionalNecklaceChainforWomenGirls1.jpg;
https://assets.myntassets.com/f_webp,dpr_2.8,q_60,w_210,c_limit,fl_progressive/assets/images/22915808/2023/4/27/6e75a120-4379-4452-a50c-e2d0d90b1e3c1682587099203ROFARWORDTraditionalNecklaceChainforWomenGirls1.jpg",359,1799,0,0,80,ROFARWORD,https://www.myntra.com/necklace-and-chains/rofarword/rofarword-gold-plated-necklace/22915808/buy
151,Printed Cotton Kurta,"https://assets.myntassets.com/f_webp,dpr_1.0,q_60,w_210,c_limit,fl_progressive/assets/images/22932024/2023/4/28/ddb15d72-672d-4b0c-939f-9bb1e4fbc0f21682667913152FabindiaWomenWhiteDyedFlaredSleevesSequinnedAnarkaliKurta1.jpg;
https://assets.myntassets.com/f_webp,dpr_1.8,q_60,w_210,c_limit,fl_progressive/assets/images/22932024/2023/4/28/ddb15d72-672d-4b0c-939f-9bb1e4fbc0f21682667913152FabindiaWomenWhiteDyedFlaredSleevesSequinnedAnarkaliKurta1.jpg;
https://assets.myntassets.com/f_webp,dpr_2.0,q_60,w_210,c_limit,fl_progressive/assets/images/22932024/2023/4/28/ddb15d72-672d-4b0c-939f-9bb1e4fbc0f21682667913152FabindiaWomenWhiteDyedFlaredSleevesSequinnedAnarkaliKurta1.jpg;
https://assets.myntassets.com/f_webp,dpr_2.2,q_60,w_210,c_limit,fl_progressive/assets/images/22932024/2023/4/28/ddb15d72-672d-4b0c-939f-9bb1e4fbc0f21682667913152FabindiaWomenWhiteDyedFlaredSleevesSequinnedAnarkaliKurta1.jpg;
https://assets.myntassets.com/f_webp,dpr_2.4,q_60,w_210,c_limit,fl_progressive/assets/images/22932024/2023/4/28/ddb15d72-672d-4b0c-939f-9bb1e4fbc0f21682667913152FabindiaWomenWhiteDyedFlaredSleevesSequinnedAnarkaliKurta1.jpg;
https://assets.myntassets.com/f_webp,dpr_2.6,q_60,w_210,c_limit,fl_progressive/assets/images/22932024/2023/4/28/ddb15d72-672d-4b0c-939f-9bb1e4fbc0f21682667913152FabindiaWomenWhiteDyedFlaredSleevesSequinnedAnarkaliKurta1.jpg;
https://assets.myntassets.com/f_webp,dpr_2.8,q_60,w_210,c_limit,fl_progressive/assets/images/22932024/2023/4/28/ddb15d72-672d-4b0c-939f-9bb1e4fbc0f21682667913152FabindiaWomenWhiteDyedFlaredSleevesSequinnedAnarkaliKurta1.jpg",2199,2199,0,0,0,Fabindia,https://www.myntra.com/kurtas/fabindia/fabindia-floral-printed-cotton-kurta/22932024/buy
152,Gold-Plated Jewellery Set,"https://assets.myntassets.com/f_webp,dpr_1.0,q_60,w_210,c_limit,fl_progressive/assets/images/22930466/2023/4/28/a1e92e8e-2015-4614-bec9-30b6b10a2aec1682678690381GoldFinishshortnecklaceset12012N1.jpg;
https://assets.myntassets.com/f_webp,dpr_1.8,q_60,w_210,c_limit,fl_progressive/assets/images/22930466/2023/4/28/a1e92e8e-2015-4614-bec9-30b6b10a2aec1682678690381GoldFinishshortnecklaceset12012N1.jpg;
https://assets.myntassets.com/f_webp,dpr_2.0,q_60,w_210,c_limit,fl_progressive/assets/images/22930466/2023/4/28/a1e92e8e-2015-4614-bec9-30b6b10a2aec1682678690381GoldFinishshortnecklaceset12012N1.jpg;
https://assets.myntassets.com/f_webp,dpr_2.2,q_60,w_210,c_limit,fl_progressive/assets/images/22930466/2023/4/28/a1e92e8e-2015-4614-bec9-30b6b10a2aec1682678690381GoldFinishshortnecklaceset12012N1.jpg;
https://assets.myntassets.com/f_webp,dpr_2.4,q_60,w_210,c_limit,fl_progressive/assets/images/22930466/2023/4/28/a1e92e8e-2015-4614-bec9-30b6b10a2aec1682678690381GoldFinishshortnecklaceset12012N1.jpg;
https://assets.myntassets.com/f_webp,dpr_2.6,q_60,w_210,c_limit,fl_progressive/assets/images/22930466/2023/4/28/a1e92e8e-2015-4614-bec9-30b6b10a2aec1682678690381GoldFinishshortnecklaceset12012N1.jpg;
https://assets.myntassets.com/f_webp,dpr_2.8,q_60,w_210,c_limit,fl_progressive/assets/images/22930466/2023/4/28/a1e92e8e-2015-4614-bec9-30b6b10a2aec1682678690381GoldFinishshortnecklaceset12012N1.jpg",1488,4800,0,0,69,GRIIHAM,https://www.myntra.com/jewellery-set/griiham/griiham-gold-plated-cz-studded-temple-jewellery-set/22930466/buy
153,Kalamkari Tussar Jute Silk Saree,"https://assets.myntassets.com/f_webp,dpr_1.0,q_60,w_210,c_limit,fl_progressive/assets/images/22923496/2023/4/27/9579bf96-63a2-41ab-8623-f7d0f2ed4c371682613316170PureHandloomPenKalamkariPaintingGichaTussarJuteSaree1.jpg;
https://assets.myntassets.com/f_webp,dpr_1.8,q_60,w_210,c_limit,fl_progressive/assets/images/22923496/2023/4/27/9579bf96-63a2-41ab-8623-f7d0f2ed4c371682613316170PureHandloomPenKalamkariPaintingGichaTussarJuteSaree1.jpg;
https://assets.myntassets.com/f_webp,dpr_2.0,q_60,w_210,c_limit,fl_progressive/assets/images/22923496/2023/4/27/9579bf96-63a2-41ab-8623-f7d0f2ed4c371682613316170PureHandloomPenKalamkariPaintingGichaTussarJuteSaree1.jpg;
https://assets.myntassets.com/f_webp,dpr_2.2,q_60,w_210,c_limit,fl_progressive/assets/images/22923496/2023/4/27/9579bf96-63a2-41ab-8623-f7d0f2ed4c371682613316170PureHandloomPenKalamkariPaintingGichaTussarJuteSaree1.jpg;
https://assets.myntassets.com/f_webp,dpr_2.4,q_60,w_210,c_limit,fl_progressive/assets/images/22923496/2023/4/27/9579bf96-63a2-41ab-8623-f7d0f2ed4c371682613316170PureHandloomPenKalamkariPaintingGichaTussarJuteSaree1.jpg;
https://assets.myntassets.com/f_webp,dpr_2.6,q_60,w_210,c_limit,fl_progressive/assets/images/22923496/2023/4/27/9579bf96-63a2-41ab-8623-f7d0f2ed4c371682613316170PureHandloomPenKalamkariPaintingGichaTussarJuteSaree1.jpg;
https://assets.myntassets.com/f_webp,dpr_2.8,q_60,w_210,c_limit,fl_progressive/assets/images/22923496/2023/4/27/9579bf96-63a2-41ab-8623-f7d0f2ed4c371682613316170PureHandloomPenKalamkariPaintingGichaTussarJuteSaree1.jpg",22899,45798,0,0,50,Unnati Silks,https://www.myntra.com/sarees/unnati-silks/unnati-silks-kalamkari-painting-jute-silk-handloom-tussar-saree/22923496/buy
154,Floral Kanjeevaram Saree,"https://assets.myntassets.com/f_webp,dpr_1.0,q_60,w_210,c_limit,fl_progressive/assets/images/22915762/2023/4/28/0c7fde3c-d9eb-41e3-9eeb-936730355d5d1682634802252Sarees1.jpg;
https://assets.myntassets.com/f_webp,dpr_1.8,q_60,w_210,c_limit,fl_progressive/assets/images/22915762/2023/4/28/0c7fde3c-d9eb-41e3-9eeb-936730355d5d1682634802252Sarees1.jpg;
https://assets.myntassets.com/f_webp,dpr_2.0,q_60,w_210,c_limit,fl_progressive/assets/images/22915762/2023/4/28/0c7fde3c-d9eb-41e3-9eeb-936730355d5d1682634802252Sarees1.jpg;
https://assets.myntassets.com/f_webp,dpr_2.2,q_60,w_210,c_limit,fl_progressive/assets/images/22915762/2023/4/28/0c7fde3c-d9eb-41e3-9eeb-936730355d5d1682634802252Sarees1.jpg;
https://assets.myntassets.com/f_webp,dpr_2.4,q_60,w_210,c_limit,fl_progressive/assets/images/22915762/2023/4/28/0c7fde3c-d9eb-41e3-9eeb-936730355d5d1682634802252Sarees1.jpg;
https://assets.myntassets.com/f_webp,dpr_2.6,q_60,w_210,c_limit,fl_progressive/assets/images/22915762/2023/4/28/0c7fde3c-d9eb-41e3-9eeb-936730355d5d1682634802252Sarees1.jpg;
https://assets.myntassets.com/f_webp,dpr_2.8,q_60,w_210,c_limit,fl_progressive/assets/images/22915762/2023/4/28/0c7fde3c-d9eb-41e3-9eeb-936730355d5d1682634802252Sarees1.jpg",5599,5599,0,0,0,MIMOSA,https://www.myntra.com/sarees/mimosa/mimosa-floral-woven-design-zari-kanjeevaram-saree/22915762/buy
155,Woven Design Taant Saree,"https://assets.myntassets.com/f_webp,dpr_1.0,q_60,w_210,c_limit,fl_progressive/assets/images/22891204/2023/4/25/aea837f1-09a8-4b9c-aee1-3c146f10af951682428023340Sarees1.jpg;
https://assets.myntassets.com/f_webp,dpr_1.8,q_60,w_210,c_limit,fl_progressive/assets/images/22891204/2023/4/25/aea837f1-09a8-4b9c-aee1-3c146f10af951682428023340Sarees1.jpg;
https://assets.myntassets.com/f_webp,dpr_2.0,q_60,w_210,c_limit,fl_progressive/assets/images/22891204/2023/4/25/aea837f1-09a8-4b9c-aee1-3c146f10af951682428023340Sarees1.jpg;
https://assets.myntassets.com/f_webp,dpr_2.2,q_60,w_210,c_limit,fl_progressive/assets/images/22891204/2023/4/25/aea837f1-09a8-4b9c-aee1-3c146f10af951682428023340Sarees1.jpg;
https://assets.myntassets.com/f_webp,dpr_2.4,q_60,w_210,c_limit,fl_progressive/assets/images/22891204/2023/4/25/aea837f1-09a8-4b9c-aee1-3c146f10af951682428023340Sarees1.jpg;
https://assets.myntassets.com/f_webp,dpr_2.6,q_60,w_210,c_limit,fl_progressive/assets/images/22891204/2023/4/25/aea837f1-09a8-4b9c-aee1-3c146f10af951682428023340Sarees1.jpg;
https://assets.myntassets.com/f_webp,dpr_2.8,q_60,w_210,c_limit,fl_progressive/assets/images/22891204/2023/4/25/aea837f1-09a8-4b9c-aee1-3c146f10af951682428023340Sarees1.jpg",4785,4785,0,0,0,AllSilks,https://www.myntra.com/sarees/allsilks/allsilks-woven-design-taant-saree/22891204/buy
156,Gold-Plated Jewellery Set,"https://assets.myntassets.com/f_webp,dpr_1.0,q_60,w_210,c_limit,fl_progressive/assets/images/22867496/2023/4/22/8400f0a4-6895-48ae-a248-bd486d52b6011682171171582MansiyaorangeOriginalLookGoldenColorLongRaniHaarSetForWomen1.jpg;
https://assets.myntassets.com/f_webp,dpr_1.8,q_60,w_210,c_limit,fl_progressive/assets/images/22867496/2023/4/22/8400f0a4-6895-48ae-a248-bd486d52b6011682171171582MansiyaorangeOriginalLookGoldenColorLongRaniHaarSetForWomen1.jpg;
https://assets.myntassets.com/f_webp,dpr_2.0,q_60,w_210,c_limit,fl_progressive/assets/images/22867496/2023/4/22/8400f0a4-6895-48ae-a248-bd486d52b6011682171171582MansiyaorangeOriginalLookGoldenColorLongRaniHaarSetForWomen1.jpg;
https://assets.myntassets.com/f_webp,dpr_2.2,q_60,w_210,c_limit,fl_progressive/assets/images/22867496/2023/4/22/8400f0a4-6895-48ae-a248-bd486d52b6011682171171582MansiyaorangeOriginalLookGoldenColorLongRaniHaarSetForWomen1.jpg;
https://assets.myntassets.com/f_webp,dpr_2.4,q_60,w_210,c_limit,fl_progressive/assets/images/22867496/2023/4/22/8400f0a4-6895-48ae-a248-bd486d52b6011682171171582MansiyaorangeOriginalLookGoldenColorLongRaniHaarSetForWomen1.jpg;
https://assets.myntassets.com/f_webp,dpr_2.6,q_60,w_210,c_limit,fl_progressive/assets/images/22867496/2023/4/22/8400f0a4-6895-48ae-a248-bd486d52b6011682171171582MansiyaorangeOriginalLookGoldenColorLongRaniHaarSetForWomen1.jpg;
https://assets.myntassets.com/f_webp,dpr_2.8,q_60,w_210,c_limit,fl_progressive/assets/images/22867496/2023/4/22/8400f0a4-6895-48ae-a248-bd486d52b6011682171171582MansiyaorangeOriginalLookGoldenColorLongRaniHaarSetForWomen1.jpg",645,1699,0,0,1054,MANSIYAORANGE,https://www.myntra.com/jewellery-set/mansiyaorange/mansiyaorange-gold-plated-ethnic-motif-jewellery-set/22867496/buy
157,Semi-Stitched Lehenga Unstitched Blouse With Dupatta,"https://assets.myntassets.com/f_webp,dpr_1.0,q_60,w_210,c_limit,fl_progressive/assets/images/22958334/2023/4/29/990a910e-40a8-4cc2-8bb8-d9222feb6a2e1682772733681DULHAN-RED-LEHENGA1.jpg;
https://assets.myntassets.com/f_webp,dpr_1.8,q_60,w_210,c_limit,fl_progressive/assets/images/22958334/2023/4/29/990a910e-40a8-4cc2-8bb8-d9222feb6a2e1682772733681DULHAN-RED-LEHENGA1.jpg;
https://assets.myntassets.com/f_webp,dpr_2.0,q_60,w_210,c_limit,fl_progressive/assets/images/22958334/2023/4/29/990a910e-40a8-4cc2-8bb8-d9222feb6a2e1682772733681DULHAN-RED-LEHENGA1.jpg;
https://assets.myntassets.com/f_webp,dpr_2.2,q_60,w_210,c_limit,fl_progressive/assets/images/22958334/2023/4/29/990a910e-40a8-4cc2-8bb8-d9222feb6a2e1682772733681DULHAN-RED-LEHENGA1.jpg;
https://assets.myntassets.com/f_webp,dpr_2.4,q_60,w_210,c_limit,fl_progressive/assets/images/22958334/2023/4/29/990a910e-40a8-4cc2-8bb8-d9222feb6a2e1682772733681DULHAN-RED-LEHENGA1.jpg;
https://assets.myntassets.com/f_webp,dpr_2.6,q_60,w_210,c_limit,fl_progressive/assets/images/22958334/2023/4/29/990a910e-40a8-4cc2-8bb8-d9222feb6a2e1682772733681DULHAN-RED-LEHENGA1.jpg;
https://assets.myntassets.com/f_webp,dpr_2.8,q_60,w_210,c_limit,fl_progressive/assets/images/22958334/2023/4/29/990a910e-40a8-4cc2-8bb8-d9222feb6a2e1682772733681DULHAN-RED-LEHENGA1.jpg",2299,2299,0,0,0,APNISHA,https://www.myntra.com/lehenga-choli/apnisha/apnisha-red--gold-toned-embroidered-thread-work-semi-stitched-lehenga--unstitched-blouse-with-dupatta/22958334/buy
158,Ready to Wear Lehenga Blouse With Dupatta,"https://assets.myntassets.com/f_webp,dpr_1.0,q_60,w_210,c_limit,fl_progressive/assets/images/22955774/2023/4/29/6cd82bca-da02-4440-8434-01d57a9424b81682754756419LehengaCholi1.jpg;
https://assets.myntassets.com/f_webp,dpr_1.8,q_60,w_210,c_limit,fl_progressive/assets/images/22955774/2023/4/29/6cd82bca-da02-4440-8434-01d57a9424b81682754756419LehengaCholi1.jpg;
https://assets.myntassets.com/f_webp,dpr_2.0,q_60,w_210,c_limit,fl_progressive/assets/images/22955774/2023/4/29/6cd82bca-da02-4440-8434-01d57a9424b81682754756419LehengaCholi1.jpg;
https://assets.myntassets.com/f_webp,dpr_2.2,q_60,w_210,c_limit,fl_progressive/assets/images/22955774/2023/4/29/6cd82bca-da02-4440-8434-01d57a9424b81682754756419LehengaCholi1.jpg;
https://assets.myntassets.com/f_webp,dpr_2.4,q_60,w_210,c_limit,fl_progressive/assets/images/22955774/2023/4/29/6cd82bca-da02-4440-8434-01d57a9424b81682754756419LehengaCholi1.jpg;
https://assets.myntassets.com/f_webp,dpr_2.6,q_60,w_210,c_limit,fl_progressive/assets/images/22955774/2023/4/29/6cd82bca-da02-4440-8434-01d57a9424b81682754756419LehengaCholi1.jpg;
https://assets.myntassets.com/f_webp,dpr_2.8,q_60,w_210,c_limit,fl_progressive/assets/images/22955774/2023/4/29/6cd82bca-da02-4440-8434-01d57a9424b81682754756419LehengaCholi1.jpg",6682,12850,0,0,48,Fusionic,https://www.myntra.com/lehenga-choli/fusionic/fusionic-yellow--red-embroidered-beads-and-stones-ready-to-wear-lehenga--blouse-with-dupatta/22955774/buy
159,Zari Banarasi Saree,"https://assets.myntassets.com/f_webp,dpr_1.0,q_60,w_210,c_limit,fl_progressive/assets/images/22937952/2023/4/28/3aca50f2-f20b-4c65-ab6b-e95f2c996fc01682687366295YellowSolidVichitraSilkSareewithMatchingBlousePiece1.jpg;
https://assets.myntassets.com/f_webp,dpr_1.8,q_60,w_210,c_limit,fl_progressive/assets/images/22937952/2023/4/28/3aca50f2-f20b-4c65-ab6b-e95f2c996fc01682687366295YellowSolidVichitraSilkSareewithMatchingBlousePiece1.jpg;
https://assets.myntassets.com/f_webp,dpr_2.0,q_60,w_210,c_limit,fl_progressive/assets/images/22937952/2023/4/28/3aca50f2-f20b-4c65-ab6b-e95f2c996fc01682687366295YellowSolidVichitraSilkSareewithMatchingBlousePiece1.jpg;
https://assets.myntassets.com/f_webp,dpr_2.2,q_60,w_210,c_limit,fl_progressive/assets/images/22937952/2023/4/28/3aca50f2-f20b-4c65-ab6b-e95f2c996fc01682687366295YellowSolidVichitraSilkSareewithMatchingBlousePiece1.jpg;
https://assets.myntassets.com/f_webp,dpr_2.4,q_60,w_210,c_limit,fl_progressive/assets/images/22937952/2023/4/28/3aca50f2-f20b-4c65-ab6b-e95f2c996fc01682687366295YellowSolidVichitraSilkSareewithMatchingBlousePiece1.jpg;
https://assets.myntassets.com/f_webp,dpr_2.6,q_60,w_210,c_limit,fl_progressive/assets/images/22937952/2023/4/28/3aca50f2-f20b-4c65-ab6b-e95f2c996fc01682687366295YellowSolidVichitraSilkSareewithMatchingBlousePiece1.jpg;
https://assets.myntassets.com/f_webp,dpr_2.8,q_60,w_210,c_limit,fl_progressive/assets/images/22937952/2023/4/28/3aca50f2-f20b-4c65-ab6b-e95f2c996fc01682687366295YellowSolidVichitraSilkSareewithMatchingBlousePiece1.jpg",835,1899,0,0,56,Ode by House of Pataudi,https://www.myntra.com/sarees/ode-by-house-of-pataudi/ode-by-house-of-pataudi-yellow--gold-toned-zari-banarasi-saree/22937952/buy
160,Woven Design Kanjeevaram Saree,"https://assets.myntassets.com/f_webp,dpr_1.0,q_60,w_210,c_limit,fl_progressive/assets/images/22936376/2023/4/28/8f3d0804-9d33-4f01-802d-b143975b258e1682687145741Sarees1.jpg;
https://assets.myntassets.com/f_webp,dpr_1.8,q_60,w_210,c_limit,fl_progressive/assets/images/22936376/2023/4/28/8f3d0804-9d33-4f01-802d-b143975b258e1682687145741Sarees1.jpg;
https://assets.myntassets.com/f_webp,dpr_2.0,q_60,w_210,c_limit,fl_progressive/assets/images/22936376/2023/4/28/8f3d0804-9d33-4f01-802d-b143975b258e1682687145741Sarees1.jpg;
https://assets.myntassets.com/f_webp,dpr_2.2,q_60,w_210,c_limit,fl_progressive/assets/images/22936376/2023/4/28/8f3d0804-9d33-4f01-802d-b143975b258e1682687145741Sarees1.jpg;
https://assets.myntassets.com/f_webp,dpr_2.4,q_60,w_210,c_limit,fl_progressive/assets/images/22936376/2023/4/28/8f3d0804-9d33-4f01-802d-b143975b258e1682687145741Sarees1.jpg;
https://assets.myntassets.com/f_webp,dpr_2.6,q_60,w_210,c_limit,fl_progressive/assets/images/22936376/2023/4/28/8f3d0804-9d33-4f01-802d-b143975b258e1682687145741Sarees1.jpg;
https://assets.myntassets.com/f_webp,dpr_2.8,q_60,w_210,c_limit,fl_progressive/assets/images/22936376/2023/4/28/8f3d0804-9d33-4f01-802d-b143975b258e1682687145741Sarees1.jpg",749,2497,0,0,70,HERE&NOW,https://www.myntra.com/sarees/herenow/herenow-blue--red-floral-woven-design-zari-kanjeevaram-saree/22936376/buy
161,Striped Pure Cotton Saree,"https://assets.myntassets.com/f_webp,dpr_1.0,q_60,w_210,c_limit,fl_progressive/assets/images/22934566/2023/4/28/89461f62-c880-4728-9fdf-3c01e7ee88a51682679040053Sarees1.jpg;
https://assets.myntassets.com/f_webp,dpr_1.8,q_60,w_210,c_limit,fl_progressive/assets/images/22934566/2023/4/28/89461f62-c880-4728-9fdf-3c01e7ee88a51682679040053Sarees1.jpg;
https://assets.myntassets.com/f_webp,dpr_2.0,q_60,w_210,c_limit,fl_progressive/assets/images/22934566/2023/4/28/89461f62-c880-4728-9fdf-3c01e7ee88a51682679040053Sarees1.jpg;
https://assets.myntassets.com/f_webp,dpr_2.2,q_60,w_210,c_limit,fl_progressive/assets/images/22934566/2023/4/28/89461f62-c880-4728-9fdf-3c01e7ee88a51682679040053Sarees1.jpg;
https://assets.myntassets.com/f_webp,dpr_2.4,q_60,w_210,c_limit,fl_progressive/assets/images/22934566/2023/4/28/89461f62-c880-4728-9fdf-3c01e7ee88a51682679040053Sarees1.jpg;
https://assets.myntassets.com/f_webp,dpr_2.6,q_60,w_210,c_limit,fl_progressive/assets/images/22934566/2023/4/28/89461f62-c880-4728-9fdf-3c01e7ee88a51682679040053Sarees1.jpg;
https://assets.myntassets.com/f_webp,dpr_2.8,q_60,w_210,c_limit,fl_progressive/assets/images/22934566/2023/4/28/89461f62-c880-4728-9fdf-3c01e7ee88a51682679040053Sarees1.jpg",2512,3490,0,0,28,Charukriti,https://www.myntra.com/sarees/charukriti/charukriti-striped-pure-cotton-saree/22934566/buy
162,Woven Design Silk Cotton Saree,"https://assets.myntassets.com/f_webp,dpr_1.0,q_60,w_210,c_limit,fl_progressive/assets/images/22934340/2023/4/28/7aca58b6-b483-4253-999a-5b7c937a9d0c1682670755451Sarees1.jpg;
https://assets.myntassets.com/f_webp,dpr_1.8,q_60,w_210,c_limit,fl_progressive/assets/images/22934340/2023/4/28/7aca58b6-b483-4253-999a-5b7c937a9d0c1682670755451Sarees1.jpg;
https://assets.myntassets.com/f_webp,dpr_2.0,q_60,w_210,c_limit,fl_progressive/assets/images/22934340/2023/4/28/7aca58b6-b483-4253-999a-5b7c937a9d0c1682670755451Sarees1.jpg;
https://assets.myntassets.com/f_webp,dpr_2.2,q_60,w_210,c_limit,fl_progressive/assets/images/22934340/2023/4/28/7aca58b6-b483-4253-999a-5b7c937a9d0c1682670755451Sarees1.jpg;
https://assets.myntassets.com/f_webp,dpr_2.4,q_60,w_210,c_limit,fl_progressive/assets/images/22934340/2023/4/28/7aca58b6-b483-4253-999a-5b7c937a9d0c1682670755451Sarees1.jpg;
https://assets.myntassets.com/f_webp,dpr_2.6,q_60,w_210,c_limit,fl_progressive/assets/images/22934340/2023/4/28/7aca58b6-b483-4253-999a-5b7c937a9d0c1682670755451Sarees1.jpg;
https://assets.myntassets.com/f_webp,dpr_2.8,q_60,w_210,c_limit,fl_progressive/assets/images/22934340/2023/4/28/7aca58b6-b483-4253-999a-5b7c937a9d0c1682670755451Sarees1.jpg",2340,3250,0,0,28,Charukriti,https://www.myntra.com/sarees/charukriti/charukriti-ethnic-woven-design-silk-cotton-handloom-saree/22934340/buy
163,Kurti With Sharara & Dupatta,"https://assets.myntassets.com/f_webp,dpr_1.0,q_60,w_210,c_limit,fl_progressive/assets/images/22913656/2023/4/27/03616c53-aa89-4972-a152-eab79845a6e61682569057195PinkCottonLurexIkatPrintKurtiShararaDupattaSet1.jpg;
https://assets.myntassets.com/f_webp,dpr_1.8,q_60,w_210,c_limit,fl_progressive/assets/images/22913656/2023/4/27/03616c53-aa89-4972-a152-eab79845a6e61682569057195PinkCottonLurexIkatPrintKurtiShararaDupattaSet1.jpg;
https://assets.myntassets.com/f_webp,dpr_2.0,q_60,w_210,c_limit,fl_progressive/assets/images/22913656/2023/4/27/03616c53-aa89-4972-a152-eab79845a6e61682569057195PinkCottonLurexIkatPrintKurtiShararaDupattaSet1.jpg;
https://assets.myntassets.com/f_webp,dpr_2.2,q_60,w_210,c_limit,fl_progressive/assets/images/22913656/2023/4/27/03616c53-aa89-4972-a152-eab79845a6e61682569057195PinkCottonLurexIkatPrintKurtiShararaDupattaSet1.jpg;
https://assets.myntassets.com/f_webp,dpr_2.4,q_60,w_210,c_limit,fl_progressive/assets/images/22913656/2023/4/27/03616c53-aa89-4972-a152-eab79845a6e61682569057195PinkCottonLurexIkatPrintKurtiShararaDupattaSet1.jpg;
https://assets.myntassets.com/f_webp,dpr_2.6,q_60,w_210,c_limit,fl_progressive/assets/images/22913656/2023/4/27/03616c53-aa89-4972-a152-eab79845a6e61682569057195PinkCottonLurexIkatPrintKurtiShararaDupattaSet1.jpg;
https://assets.myntassets.com/f_webp,dpr_2.8,q_60,w_210,c_limit,fl_progressive/assets/images/22913656/2023/4/27/03616c53-aa89-4972-a152-eab79845a6e61682569057195PinkCottonLurexIkatPrintKurtiShararaDupattaSet1.jpg",2949,4999,0,0,41,SCAKHI,https://www.myntra.com/kurta-sets/scakhi/scakhi-printed-ikat-shoulder-straps-gotta-patti-kurti-with-sharara--dupatta/22913656/buy
164,Printed Embellished Saree,"https://assets.myntassets.com/f_webp,dpr_1.0,q_60,w_210,c_limit,fl_progressive/assets/images/22920520/2023/4/28/1dde48c9-765e-4aa6-bb84-76bf5ae17af01682634614361Sarees1.jpg;
https://assets.myntassets.com/f_webp,dpr_1.8,q_60,w_210,c_limit,fl_progressive/assets/images/22920520/2023/4/28/1dde48c9-765e-4aa6-bb84-76bf5ae17af01682634614361Sarees1.jpg;
https://assets.myntassets.com/f_webp,dpr_2.0,q_60,w_210,c_limit,fl_progressive/assets/images/22920520/2023/4/28/1dde48c9-765e-4aa6-bb84-76bf5ae17af01682634614361Sarees1.jpg;
https://assets.myntassets.com/f_webp,dpr_2.2,q_60,w_210,c_limit,fl_progressive/assets/images/22920520/2023/4/28/1dde48c9-765e-4aa6-bb84-76bf5ae17af01682634614361Sarees1.jpg;
https://assets.myntassets.com/f_webp,dpr_2.4,q_60,w_210,c_limit,fl_progressive/assets/images/22920520/2023/4/28/1dde48c9-765e-4aa6-bb84-76bf5ae17af01682634614361Sarees1.jpg;
https://assets.myntassets.com/f_webp,dpr_2.6,q_60,w_210,c_limit,fl_progressive/assets/images/22920520/2023/4/28/1dde48c9-765e-4aa6-bb84-76bf5ae17af01682634614361Sarees1.jpg;
https://assets.myntassets.com/f_webp,dpr_2.8,q_60,w_210,c_limit,fl_progressive/assets/images/22920520/2023/4/28/1dde48c9-765e-4aa6-bb84-76bf5ae17af01682634614361Sarees1.jpg",1343,4799,0,0,72,Anouk,https://www.myntra.com/sarees/anouk/anouk-green--copper-toned-geometric-printed-embellished-saree/22920520/buy
165,Woven Design Banarasi Silk Blend Saree,"https://assets.myntassets.com/f_webp,dpr_1.0,q_60,w_210,c_limit,fl_progressive/assets/images/22920144/2023/4/27/591bc177-02a9-419a-93f8-0801820170ce1682607230687RAJGRANTHWomensBanarasiSilkWithJacquardPrintPartyWearSaree1.jpg;
https://assets.myntassets.com/f_webp,dpr_1.8,q_60,w_210,c_limit,fl_progressive/assets/images/22920144/2023/4/27/591bc177-02a9-419a-93f8-0801820170ce1682607230687RAJGRANTHWomensBanarasiSilkWithJacquardPrintPartyWearSaree1.jpg;
https://assets.myntassets.com/f_webp,dpr_2.0,q_60,w_210,c_limit,fl_progressive/assets/images/22920144/2023/4/27/591bc177-02a9-419a-93f8-0801820170ce1682607230687RAJGRANTHWomensBanarasiSilkWithJacquardPrintPartyWearSaree1.jpg;
https://assets.myntassets.com/f_webp,dpr_2.2,q_60,w_210,c_limit,fl_progressive/assets/images/22920144/2023/4/27/591bc177-02a9-419a-93f8-0801820170ce1682607230687RAJGRANTHWomensBanarasiSilkWithJacquardPrintPartyWearSaree1.jpg;
https://assets.myntassets.com/f_webp,dpr_2.4,q_60,w_210,c_limit,fl_progressive/assets/images/22920144/2023/4/27/591bc177-02a9-419a-93f8-0801820170ce1682607230687RAJGRANTHWomensBanarasiSilkWithJacquardPrintPartyWearSaree1.jpg;
https://assets.myntassets.com/f_webp,dpr_2.6,q_60,w_210,c_limit,fl_progressive/assets/images/22920144/2023/4/27/591bc177-02a9-419a-93f8-0801820170ce1682607230687RAJGRANTHWomensBanarasiSilkWithJacquardPrintPartyWearSaree1.jpg;
https://assets.myntassets.com/f_webp,dpr_2.8,q_60,w_210,c_limit,fl_progressive/assets/images/22920144/2023/4/27/591bc177-02a9-419a-93f8-0801820170ce1682607230687RAJGRANTHWomensBanarasiSilkWithJacquardPrintPartyWearSaree1.jpg",1399,6995,0,0,80,RAJGRANTH,https://www.myntra.com/sarees/rajgranth/rajgranth-blue--pink-ethnic-motifs-woven-design-zari-silk-blend-banarasi-saree/22920144/buy
166,Kurta with Trousers & Dupatta,"https://assets.myntassets.com/f_webp,dpr_1.0,q_60,w_210,c_limit,fl_progressive/assets/images/22905028/2023/4/26/b297af14-f69f-4a5a-a100-f1ee4164e1bd1682503324051KurtaSets1.jpg;
https://assets.myntassets.com/f_webp,dpr_1.8,q_60,w_210,c_limit,fl_progressive/assets/images/22905028/2023/4/26/b297af14-f69f-4a5a-a100-f1ee4164e1bd1682503324051KurtaSets1.jpg;
https://assets.myntassets.com/f_webp,dpr_2.0,q_60,w_210,c_limit,fl_progressive/assets/images/22905028/2023/4/26/b297af14-f69f-4a5a-a100-f1ee4164e1bd1682503324051KurtaSets1.jpg;
https://assets.myntassets.com/f_webp,dpr_2.2,q_60,w_210,c_limit,fl_progressive/assets/images/22905028/2023/4/26/b297af14-f69f-4a5a-a100-f1ee4164e1bd1682503324051KurtaSets1.jpg;
https://assets.myntassets.com/f_webp,dpr_2.4,q_60,w_210,c_limit,fl_progressive/assets/images/22905028/2023/4/26/b297af14-f69f-4a5a-a100-f1ee4164e1bd1682503324051KurtaSets1.jpg;
https://assets.myntassets.com/f_webp,dpr_2.6,q_60,w_210,c_limit,fl_progressive/assets/images/22905028/2023/4/26/b297af14-f69f-4a5a-a100-f1ee4164e1bd1682503324051KurtaSets1.jpg;
https://assets.myntassets.com/f_webp,dpr_2.8,q_60,w_210,c_limit,fl_progressive/assets/images/22905028/2023/4/26/b297af14-f69f-4a5a-a100-f1ee4164e1bd1682503324051KurtaSets1.jpg",3500,4375,0,0,20,HOUSE OF JAMOTI,https://www.myntra.com/kurta-sets/house-of-jamoti/house-of-jamoti-bandhani-printed-gotta-patti-anarkali-kurta-with-trousers--dupatta/22905028/buy
167,Gold-Plated Long Jewellery Set,"https://assets.myntassets.com/f_webp,dpr_1.0,q_60,w_210,c_limit,fl_progressive/assets/images/22867492/2023/4/22/7d687fa2-e8cc-4dc5-8723-449c8fda0ebf1682168150672MansiyaorangeOriginalLookGoldenColorLongRaniHaarSetForWomen1.jpg;
https://assets.myntassets.com/f_webp,dpr_1.8,q_60,w_210,c_limit,fl_progressive/assets/images/22867492/2023/4/22/7d687fa2-e8cc-4dc5-8723-449c8fda0ebf1682168150672MansiyaorangeOriginalLookGoldenColorLongRaniHaarSetForWomen1.jpg;
https://assets.myntassets.com/f_webp,dpr_2.0,q_60,w_210,c_limit,fl_progressive/assets/images/22867492/2023/4/22/7d687fa2-e8cc-4dc5-8723-449c8fda0ebf1682168150672MansiyaorangeOriginalLookGoldenColorLongRaniHaarSetForWomen1.jpg;
https://assets.myntassets.com/f_webp,dpr_2.2,q_60,w_210,c_limit,fl_progressive/assets/images/22867492/2023/4/22/7d687fa2-e8cc-4dc5-8723-449c8fda0ebf1682168150672MansiyaorangeOriginalLookGoldenColorLongRaniHaarSetForWomen1.jpg;
https://assets.myntassets.com/f_webp,dpr_2.4,q_60,w_210,c_limit,fl_progressive/assets/images/22867492/2023/4/22/7d687fa2-e8cc-4dc5-8723-449c8fda0ebf1682168150672MansiyaorangeOriginalLookGoldenColorLongRaniHaarSetForWomen1.jpg;
https://assets.myntassets.com/f_webp,dpr_2.6,q_60,w_210,c_limit,fl_progressive/assets/images/22867492/2023/4/22/7d687fa2-e8cc-4dc5-8723-449c8fda0ebf1682168150672MansiyaorangeOriginalLookGoldenColorLongRaniHaarSetForWomen1.jpg;
https://assets.myntassets.com/f_webp,dpr_2.8,q_60,w_210,c_limit,fl_progressive/assets/images/22867492/2023/4/22/7d687fa2-e8cc-4dc5-8723-449c8fda0ebf1682168150672MansiyaorangeOriginalLookGoldenColorLongRaniHaarSetForWomen1.jpg",465,1699,0,0,1234,MANSIYAORANGE,https://www.myntra.com/jewellery-set/mansiyaorange/mansiyaorange-gold-plated-textured-long-jewellery-set/22867492/buy
168,Woven Design Art Silk Saree,"https://assets.myntassets.com/f_webp,dpr_1.0,q_60,w_210,c_limit,fl_progressive/assets/images/22955348/2023/5/1/947fed9f-f44e-4195-8d7f-b1983216c95b1682908122226MeenaBazaarBurgundyGold-TonedWovenDesignZariArtSilkSaree1.jpg;
https://assets.myntassets.com/f_webp,dpr_1.8,q_60,w_210,c_limit,fl_progressive/assets/images/22955348/2023/5/1/947fed9f-f44e-4195-8d7f-b1983216c95b1682908122226MeenaBazaarBurgundyGold-TonedWovenDesignZariArtSilkSaree1.jpg;
https://assets.myntassets.com/f_webp,dpr_2.0,q_60,w_210,c_limit,fl_progressive/assets/images/22955348/2023/5/1/947fed9f-f44e-4195-8d7f-b1983216c95b1682908122226MeenaBazaarBurgundyGold-TonedWovenDesignZariArtSilkSaree1.jpg;
https://assets.myntassets.com/f_webp,dpr_2.2,q_60,w_210,c_limit,fl_progressive/assets/images/22955348/2023/5/1/947fed9f-f44e-4195-8d7f-b1983216c95b1682908122226MeenaBazaarBurgundyGold-TonedWovenDesignZariArtSilkSaree1.jpg;
https://assets.myntassets.com/f_webp,dpr_2.4,q_60,w_210,c_limit,fl_progressive/assets/images/22955348/2023/5/1/947fed9f-f44e-4195-8d7f-b1983216c95b1682908122226MeenaBazaarBurgundyGold-TonedWovenDesignZariArtSilkSaree1.jpg;
https://assets.myntassets.com/f_webp,dpr_2.6,q_60,w_210,c_limit,fl_progressive/assets/images/22955348/2023/5/1/947fed9f-f44e-4195-8d7f-b1983216c95b1682908122226MeenaBazaarBurgundyGold-TonedWovenDesignZariArtSilkSaree1.jpg;
https://assets.myntassets.com/f_webp,dpr_2.8,q_60,w_210,c_limit,fl_progressive/assets/images/22955348/2023/5/1/947fed9f-f44e-4195-8d7f-b1983216c95b1682908122226MeenaBazaarBurgundyGold-TonedWovenDesignZariArtSilkSaree1.jpg",2695,2695,0,0,0,Meena Bazaar,https://www.myntra.com/sarees/meena-bazaar/meena-bazaar-burgundy--gold-toned-woven-design-zari-art-silk-saree/22955348/buy
169,Pure Chiffon Leheriya Saree,"https://assets.myntassets.com/f_webp,dpr_1.0,q_60,w_210,c_limit,fl_progressive/assets/images/22924508/2023/4/27/a4e38ffd-28bc-43f3-9d35-30896a66f23b1682615220020KaliniGreenChiffonEthnicEmbellishedFestiveSareewithMatchingB1.jpg;
https://assets.myntassets.com/f_webp,dpr_1.8,q_60,w_210,c_limit,fl_progressive/assets/images/22924508/2023/4/27/a4e38ffd-28bc-43f3-9d35-30896a66f23b1682615220020KaliniGreenChiffonEthnicEmbellishedFestiveSareewithMatchingB1.jpg;
https://assets.myntassets.com/f_webp,dpr_2.0,q_60,w_210,c_limit,fl_progressive/assets/images/22924508/2023/4/27/a4e38ffd-28bc-43f3-9d35-30896a66f23b1682615220020KaliniGreenChiffonEthnicEmbellishedFestiveSareewithMatchingB1.jpg;
https://assets.myntassets.com/f_webp,dpr_2.2,q_60,w_210,c_limit,fl_progressive/assets/images/22924508/2023/4/27/a4e38ffd-28bc-43f3-9d35-30896a66f23b1682615220020KaliniGreenChiffonEthnicEmbellishedFestiveSareewithMatchingB1.jpg;
https://assets.myntassets.com/f_webp,dpr_2.4,q_60,w_210,c_limit,fl_progressive/assets/images/22924508/2023/4/27/a4e38ffd-28bc-43f3-9d35-30896a66f23b1682615220020KaliniGreenChiffonEthnicEmbellishedFestiveSareewithMatchingB1.jpg;
https://assets.myntassets.com/f_webp,dpr_2.6,q_60,w_210,c_limit,fl_progressive/assets/images/22924508/2023/4/27/a4e38ffd-28bc-43f3-9d35-30896a66f23b1682615220020KaliniGreenChiffonEthnicEmbellishedFestiveSareewithMatchingB1.jpg;
https://assets.myntassets.com/f_webp,dpr_2.8,q_60,w_210,c_limit,fl_progressive/assets/images/22924508/2023/4/27/a4e38ffd-28bc-43f3-9d35-30896a66f23b1682615220020KaliniGreenChiffonEthnicEmbellishedFestiveSareewithMatchingB1.jpg",719,2999,0,0,76,KALINI,https://www.myntra.com/sarees/kalini/kalini-leheriya-printed-embellshed-pure-chiffon-saree/22924508/buy
170,Gold-Plated Necklace,"https://assets.myntassets.com/f_webp,dpr_1.0,q_60,w_210,c_limit,fl_progressive/assets/images/22915834/2023/4/27/b8c9851c-f9bb-41e0-a453-d94d43d480041682590195673ROFARWORDTraditionalNecklaceChainforWomenGirls1.jpg;
https://assets.myntassets.com/f_webp,dpr_1.8,q_60,w_210,c_limit,fl_progressive/assets/images/22915834/2023/4/27/b8c9851c-f9bb-41e0-a453-d94d43d480041682590195673ROFARWORDTraditionalNecklaceChainforWomenGirls1.jpg;
https://assets.myntassets.com/f_webp,dpr_2.0,q_60,w_210,c_limit,fl_progressive/assets/images/22915834/2023/4/27/b8c9851c-f9bb-41e0-a453-d94d43d480041682590195673ROFARWORDTraditionalNecklaceChainforWomenGirls1.jpg;
https://assets.myntassets.com/f_webp,dpr_2.2,q_60,w_210,c_limit,fl_progressive/assets/images/22915834/2023/4/27/b8c9851c-f9bb-41e0-a453-d94d43d480041682590195673ROFARWORDTraditionalNecklaceChainforWomenGirls1.jpg;
https://assets.myntassets.com/f_webp,dpr_2.4,q_60,w_210,c_limit,fl_progressive/assets/images/22915834/2023/4/27/b8c9851c-f9bb-41e0-a453-d94d43d480041682590195673ROFARWORDTraditionalNecklaceChainforWomenGirls1.jpg;
https://assets.myntassets.com/f_webp,dpr_2.6,q_60,w_210,c_limit,fl_progressive/assets/images/22915834/2023/4/27/b8c9851c-f9bb-41e0-a453-d94d43d480041682590195673ROFARWORDTraditionalNecklaceChainforWomenGirls1.jpg;
https://assets.myntassets.com/f_webp,dpr_2.8,q_60,w_210,c_limit,fl_progressive/assets/images/22915834/2023/4/27/b8c9851c-f9bb-41e0-a453-d94d43d480041682590195673ROFARWORDTraditionalNecklaceChainforWomenGirls1.jpg",339,1699,0,0,80,ROFARWORD,https://www.myntra.com/necklace-and-chains/rofarword/rofarword-gold-plated-necklace/22915834/buy
171,Printed Cotton Ethnic Dress,"https://assets.myntassets.com/f_webp,dpr_1.0,q_60,w_210,c_limit,fl_progressive/assets/images/22913652/2023/4/27/7d24511e-518b-4f93-9d6a-761af6d8d1881682568266790SCAKHIWomenPinkEthnicMotifsPrintedKeyholeNeckFloralAnarkaliK1.jpg;
https://assets.myntassets.com/f_webp,dpr_1.8,q_60,w_210,c_limit,fl_progressive/assets/images/22913652/2023/4/27/7d24511e-518b-4f93-9d6a-761af6d8d1881682568266790SCAKHIWomenPinkEthnicMotifsPrintedKeyholeNeckFloralAnarkaliK1.jpg;
https://assets.myntassets.com/f_webp,dpr_2.0,q_60,w_210,c_limit,fl_progressive/assets/images/22913652/2023/4/27/7d24511e-518b-4f93-9d6a-761af6d8d1881682568266790SCAKHIWomenPinkEthnicMotifsPrintedKeyholeNeckFloralAnarkaliK1.jpg;
https://assets.myntassets.com/f_webp,dpr_2.2,q_60,w_210,c_limit,fl_progressive/assets/images/22913652/2023/4/27/7d24511e-518b-4f93-9d6a-761af6d8d1881682568266790SCAKHIWomenPinkEthnicMotifsPrintedKeyholeNeckFloralAnarkaliK1.jpg;
https://assets.myntassets.com/f_webp,dpr_2.4,q_60,w_210,c_limit,fl_progressive/assets/images/22913652/2023/4/27/7d24511e-518b-4f93-9d6a-761af6d8d1881682568266790SCAKHIWomenPinkEthnicMotifsPrintedKeyholeNeckFloralAnarkaliK1.jpg;
https://assets.myntassets.com/f_webp,dpr_2.6,q_60,w_210,c_limit,fl_progressive/assets/images/22913652/2023/4/27/7d24511e-518b-4f93-9d6a-761af6d8d1881682568266790SCAKHIWomenPinkEthnicMotifsPrintedKeyholeNeckFloralAnarkaliK1.jpg;
https://assets.myntassets.com/f_webp,dpr_2.8,q_60,w_210,c_limit,fl_progressive/assets/images/22913652/2023/4/27/7d24511e-518b-4f93-9d6a-761af6d8d1881682568266790SCAKHIWomenPinkEthnicMotifsPrintedKeyholeNeckFloralAnarkaliK1.jpg",4671,7299,0,0,36,SCAKHI,https://www.myntra.com/ethnic-dresses/scakhi/scakhi-floral-printed-cotton-ethnic-dress/22913652/buy
172,Printed Pure Cotton Saree,"https://assets.myntassets.com/f_webp,dpr_1.0,q_60,w_210,c_limit,fl_progressive/assets/images/22941938/2023/4/28/449af3b2-432c-43ed-8a08-6145c4027f121682688263921Sarees1.jpg;
https://assets.myntassets.com/f_webp,dpr_1.8,q_60,w_210,c_limit,fl_progressive/assets/images/22941938/2023/4/28/449af3b2-432c-43ed-8a08-6145c4027f121682688263921Sarees1.jpg;
https://assets.myntassets.com/f_webp,dpr_2.0,q_60,w_210,c_limit,fl_progressive/assets/images/22941938/2023/4/28/449af3b2-432c-43ed-8a08-6145c4027f121682688263921Sarees1.jpg;
https://assets.myntassets.com/f_webp,dpr_2.2,q_60,w_210,c_limit,fl_progressive/assets/images/22941938/2023/4/28/449af3b2-432c-43ed-8a08-6145c4027f121682688263921Sarees1.jpg;
https://assets.myntassets.com/f_webp,dpr_2.4,q_60,w_210,c_limit,fl_progressive/assets/images/22941938/2023/4/28/449af3b2-432c-43ed-8a08-6145c4027f121682688263921Sarees1.jpg;
https://assets.myntassets.com/f_webp,dpr_2.6,q_60,w_210,c_limit,fl_progressive/assets/images/22941938/2023/4/28/449af3b2-432c-43ed-8a08-6145c4027f121682688263921Sarees1.jpg;
https://assets.myntassets.com/f_webp,dpr_2.8,q_60,w_210,c_limit,fl_progressive/assets/images/22941938/2023/4/28/449af3b2-432c-43ed-8a08-6145c4027f121682688263921Sarees1.jpg",1063,3799,0,0,72,Anouk,https://www.myntra.com/sarees/anouk/anouk-geometric-printed-pure-cotton-saree/22941938/buy
173,Paisley Kanjeevaram Saree,"https://assets.myntassets.com/f_webp,dpr_1.0,q_60,w_210,c_limit,fl_progressive/assets/images/22915730/2023/4/27/4bcfb1e8-4c70-4493-9604-82feb04859311682590180753Sarees1.jpg;
https://assets.myntassets.com/f_webp,dpr_1.8,q_60,w_210,c_limit,fl_progressive/assets/images/22915730/2023/4/27/4bcfb1e8-4c70-4493-9604-82feb04859311682590180753Sarees1.jpg;
https://assets.myntassets.com/f_webp,dpr_2.0,q_60,w_210,c_limit,fl_progressive/assets/images/22915730/2023/4/27/4bcfb1e8-4c70-4493-9604-82feb04859311682590180753Sarees1.jpg;
https://assets.myntassets.com/f_webp,dpr_2.2,q_60,w_210,c_limit,fl_progressive/assets/images/22915730/2023/4/27/4bcfb1e8-4c70-4493-9604-82feb04859311682590180753Sarees1.jpg;
https://assets.myntassets.com/f_webp,dpr_2.4,q_60,w_210,c_limit,fl_progressive/assets/images/22915730/2023/4/27/4bcfb1e8-4c70-4493-9604-82feb04859311682590180753Sarees1.jpg;
https://assets.myntassets.com/f_webp,dpr_2.6,q_60,w_210,c_limit,fl_progressive/assets/images/22915730/2023/4/27/4bcfb1e8-4c70-4493-9604-82feb04859311682590180753Sarees1.jpg;
https://assets.myntassets.com/f_webp,dpr_2.8,q_60,w_210,c_limit,fl_progressive/assets/images/22915730/2023/4/27/4bcfb1e8-4c70-4493-9604-82feb04859311682590180753Sarees1.jpg",4999,4999,0,0,0,MIMOSA,https://www.myntra.com/sarees/mimosa/mimosa-paisley-woven-design-zari-kanjeevaram-saree/22915730/buy
174,Floral Printed Anarkali Kurta,"https://assets.myntassets.com/f_webp,dpr_1.0,q_60,w_210,c_limit,fl_progressive/assets/images/22915046/2023/4/27/49ddaa8c-db42-4a33-8a67-53735bfd1f4a1682584539837RedBatikPrintAnarkaliKurta1.jpg;
https://assets.myntassets.com/f_webp,dpr_1.8,q_60,w_210,c_limit,fl_progressive/assets/images/22915046/2023/4/27/49ddaa8c-db42-4a33-8a67-53735bfd1f4a1682584539837RedBatikPrintAnarkaliKurta1.jpg;
https://assets.myntassets.com/f_webp,dpr_2.0,q_60,w_210,c_limit,fl_progressive/assets/images/22915046/2023/4/27/49ddaa8c-db42-4a33-8a67-53735bfd1f4a1682584539837RedBatikPrintAnarkaliKurta1.jpg;
https://assets.myntassets.com/f_webp,dpr_2.2,q_60,w_210,c_limit,fl_progressive/assets/images/22915046/2023/4/27/49ddaa8c-db42-4a33-8a67-53735bfd1f4a1682584539837RedBatikPrintAnarkaliKurta1.jpg;
https://assets.myntassets.com/f_webp,dpr_2.4,q_60,w_210,c_limit,fl_progressive/assets/images/22915046/2023/4/27/49ddaa8c-db42-4a33-8a67-53735bfd1f4a1682584539837RedBatikPrintAnarkaliKurta1.jpg;
https://assets.myntassets.com/f_webp,dpr_2.6,q_60,w_210,c_limit,fl_progressive/assets/images/22915046/2023/4/27/49ddaa8c-db42-4a33-8a67-53735bfd1f4a1682584539837RedBatikPrintAnarkaliKurta1.jpg;
https://assets.myntassets.com/f_webp,dpr_2.8,q_60,w_210,c_limit,fl_progressive/assets/images/22915046/2023/4/27/49ddaa8c-db42-4a33-8a67-53735bfd1f4a1682584539837RedBatikPrintAnarkaliKurta1.jpg",2600,2600,0,0,0,INDYA,https://www.myntra.com/kurtas/indya/indya-floral-printed-mirror-work-anarkali-kurta/22915046/buy
175,Ethnic Motifs Silk Blend Saree,"https://assets.myntassets.com/f_webp,dpr_1.0,q_60,w_210,c_limit,fl_progressive/assets/images/22895374/2023/4/26/786a2c40-aa45-4a49-adf1-0eb031f482631682533534063Sarees1.jpg;
https://assets.myntassets.com/f_webp,dpr_1.8,q_60,w_210,c_limit,fl_progressive/assets/images/22895374/2023/4/26/786a2c40-aa45-4a49-adf1-0eb031f482631682533534063Sarees1.jpg;
https://assets.myntassets.com/f_webp,dpr_2.0,q_60,w_210,c_limit,fl_progressive/assets/images/22895374/2023/4/26/786a2c40-aa45-4a49-adf1-0eb031f482631682533534063Sarees1.jpg;
https://assets.myntassets.com/f_webp,dpr_2.2,q_60,w_210,c_limit,fl_progressive/assets/images/22895374/2023/4/26/786a2c40-aa45-4a49-adf1-0eb031f482631682533534063Sarees1.jpg;
https://assets.myntassets.com/f_webp,dpr_2.4,q_60,w_210,c_limit,fl_progressive/assets/images/22895374/2023/4/26/786a2c40-aa45-4a49-adf1-0eb031f482631682533534063Sarees1.jpg;
https://assets.myntassets.com/f_webp,dpr_2.6,q_60,w_210,c_limit,fl_progressive/assets/images/22895374/2023/4/26/786a2c40-aa45-4a49-adf1-0eb031f482631682533534063Sarees1.jpg;
https://assets.myntassets.com/f_webp,dpr_2.8,q_60,w_210,c_limit,fl_progressive/assets/images/22895374/2023/4/26/786a2c40-aa45-4a49-adf1-0eb031f482631682533534063Sarees1.jpg",3999,3999,0,0,0,Phenav,https://www.myntra.com/sarees/phenav/phenav-ethnic-motifs-silk-blend-saree-with-blouse-piece/22895374/buy
176,Silver-Plated Oxidized Bangle,"https://assets.myntassets.com/f_webp,dpr_1.0,q_60,w_210,c_limit,fl_progressive/assets/images/22882102/2023/4/24/c9804859-5287-4183-86bf-830e4d0bdb381682341145313OxidizedSilver-PlatedJhumkiCuffGhungrooBeadedBangle1.jpg;
https://assets.myntassets.com/f_webp,dpr_1.8,q_60,w_210,c_limit,fl_progressive/assets/images/22882102/2023/4/24/c9804859-5287-4183-86bf-830e4d0bdb381682341145313OxidizedSilver-PlatedJhumkiCuffGhungrooBeadedBangle1.jpg;
https://assets.myntassets.com/f_webp,dpr_2.0,q_60,w_210,c_limit,fl_progressive/assets/images/22882102/2023/4/24/c9804859-5287-4183-86bf-830e4d0bdb381682341145313OxidizedSilver-PlatedJhumkiCuffGhungrooBeadedBangle1.jpg;
https://assets.myntassets.com/f_webp,dpr_2.2,q_60,w_210,c_limit,fl_progressive/assets/images/22882102/2023/4/24/c9804859-5287-4183-86bf-830e4d0bdb381682341145313OxidizedSilver-PlatedJhumkiCuffGhungrooBeadedBangle1.jpg;
https://assets.myntassets.com/f_webp,dpr_2.4,q_60,w_210,c_limit,fl_progressive/assets/images/22882102/2023/4/24/c9804859-5287-4183-86bf-830e4d0bdb381682341145313OxidizedSilver-PlatedJhumkiCuffGhungrooBeadedBangle1.jpg;
https://assets.myntassets.com/f_webp,dpr_2.6,q_60,w_210,c_limit,fl_progressive/assets/images/22882102/2023/4/24/c9804859-5287-4183-86bf-830e4d0bdb381682341145313OxidizedSilver-PlatedJhumkiCuffGhungrooBeadedBangle1.jpg;
https://assets.myntassets.com/f_webp,dpr_2.8,q_60,w_210,c_limit,fl_progressive/assets/images/22882102/2023/4/24/c9804859-5287-4183-86bf-830e4d0bdb381682341145313OxidizedSilver-PlatedJhumkiCuffGhungrooBeadedBangle1.jpg",1999,1999,0,0,0,Samridhi DC,https://www.myntra.com/bangle/samridhi-dc/samridhi-dc-silver-plated-oxidized-jhumki-bangle/22882102/buy
177,Gold-Plated Jewellery Set,"https://assets.myntassets.com/f_webp,dpr_1.0,q_60,w_210,c_limit,fl_progressive/assets/images/22863238/2023/4/22/077b01bd-0892-48cc-9ed7-a0cccb81fbb41682158346504SukkhiGracefulGoldPlatedKundanMeenakariChokerNecklaceSetforW1.jpg;
https://assets.myntassets.com/f_webp,dpr_1.8,q_60,w_210,c_limit,fl_progressive/assets/images/22863238/2023/4/22/077b01bd-0892-48cc-9ed7-a0cccb81fbb41682158346504SukkhiGracefulGoldPlatedKundanMeenakariChokerNecklaceSetforW1.jpg;
https://assets.myntassets.com/f_webp,dpr_2.0,q_60,w_210,c_limit,fl_progressive/assets/images/22863238/2023/4/22/077b01bd-0892-48cc-9ed7-a0cccb81fbb41682158346504SukkhiGracefulGoldPlatedKundanMeenakariChokerNecklaceSetforW1.jpg;
https://assets.myntassets.com/f_webp,dpr_2.2,q_60,w_210,c_limit,fl_progressive/assets/images/22863238/2023/4/22/077b01bd-0892-48cc-9ed7-a0cccb81fbb41682158346504SukkhiGracefulGoldPlatedKundanMeenakariChokerNecklaceSetforW1.jpg;
https://assets.myntassets.com/f_webp,dpr_2.4,q_60,w_210,c_limit,fl_progressive/assets/images/22863238/2023/4/22/077b01bd-0892-48cc-9ed7-a0cccb81fbb41682158346504SukkhiGracefulGoldPlatedKundanMeenakariChokerNecklaceSetforW1.jpg;
https://assets.myntassets.com/f_webp,dpr_2.6,q_60,w_210,c_limit,fl_progressive/assets/images/22863238/2023/4/22/077b01bd-0892-48cc-9ed7-a0cccb81fbb41682158346504SukkhiGracefulGoldPlatedKundanMeenakariChokerNecklaceSetforW1.jpg;
https://assets.myntassets.com/f_webp,dpr_2.8,q_60,w_210,c_limit,fl_progressive/assets/images/22863238/2023/4/22/077b01bd-0892-48cc-9ed7-a0cccb81fbb41682158346504SukkhiGracefulGoldPlatedKundanMeenakariChokerNecklaceSetforW1.jpg",882,2264,0,0,61,Sukkhi,https://www.myntra.com/jewellery-set/sukkhi/sukkhi-gold-plated-kundan-studded--beaded-meenakari-jewellery-set/22863238/buy
178,Floral Pure Cotton Saree,"https://assets.myntassets.com/f_webp,dpr_1.0,q_60,w_210,c_limit,fl_progressive/assets/images/22934326/2023/4/28/ff990386-21c7-4328-a7cf-077be6ac33161682670735365Sarees1.jpg;
https://assets.myntassets.com/f_webp,dpr_1.8,q_60,w_210,c_limit,fl_progressive/assets/images/22934326/2023/4/28/ff990386-21c7-4328-a7cf-077be6ac33161682670735365Sarees1.jpg;
https://assets.myntassets.com/f_webp,dpr_2.0,q_60,w_210,c_limit,fl_progressive/assets/images/22934326/2023/4/28/ff990386-21c7-4328-a7cf-077be6ac33161682670735365Sarees1.jpg;
https://assets.myntassets.com/f_webp,dpr_2.2,q_60,w_210,c_limit,fl_progressive/assets/images/22934326/2023/4/28/ff990386-21c7-4328-a7cf-077be6ac33161682670735365Sarees1.jpg;
https://assets.myntassets.com/f_webp,dpr_2.4,q_60,w_210,c_limit,fl_progressive/assets/images/22934326/2023/4/28/ff990386-21c7-4328-a7cf-077be6ac33161682670735365Sarees1.jpg;
https://assets.myntassets.com/f_webp,dpr_2.6,q_60,w_210,c_limit,fl_progressive/assets/images/22934326/2023/4/28/ff990386-21c7-4328-a7cf-077be6ac33161682670735365Sarees1.jpg;
https://assets.myntassets.com/f_webp,dpr_2.8,q_60,w_210,c_limit,fl_progressive/assets/images/22934326/2023/4/28/ff990386-21c7-4328-a7cf-077be6ac33161682670735365Sarees1.jpg",2340,3250,0,0,28,Charukriti,https://www.myntra.com/sarees/charukriti/charukriti-floral-printed-pure-cotton-saree/22934326/buy
179,Printed Straight Kurta,"https://assets.myntassets.com/f_webp,dpr_1.0,q_60,w_210,c_limit,fl_progressive/assets/images/22919262/2023/4/27/5321400d-711d-4d5a-a3d3-9bc81ab899ce1682591158480SkyaSiaWomenPinkPaisleyPrintedGottaPattiFloralKurta1.jpg;
https://assets.myntassets.com/f_webp,dpr_1.8,q_60,w_210,c_limit,fl_progressive/assets/images/22919262/2023/4/27/5321400d-711d-4d5a-a3d3-9bc81ab899ce1682591158480SkyaSiaWomenPinkPaisleyPrintedGottaPattiFloralKurta1.jpg;
https://assets.myntassets.com/f_webp,dpr_2.0,q_60,w_210,c_limit,fl_progressive/assets/images/22919262/2023/4/27/5321400d-711d-4d5a-a3d3-9bc81ab899ce1682591158480SkyaSiaWomenPinkPaisleyPrintedGottaPattiFloralKurta1.jpg;
https://assets.myntassets.com/f_webp,dpr_2.2,q_60,w_210,c_limit,fl_progressive/assets/images/22919262/2023/4/27/5321400d-711d-4d5a-a3d3-9bc81ab899ce1682591158480SkyaSiaWomenPinkPaisleyPrintedGottaPattiFloralKurta1.jpg;
https://assets.myntassets.com/f_webp,dpr_2.4,q_60,w_210,c_limit,fl_progressive/assets/images/22919262/2023/4/27/5321400d-711d-4d5a-a3d3-9bc81ab899ce1682591158480SkyaSiaWomenPinkPaisleyPrintedGottaPattiFloralKurta1.jpg;
https://assets.myntassets.com/f_webp,dpr_2.6,q_60,w_210,c_limit,fl_progressive/assets/images/22919262/2023/4/27/5321400d-711d-4d5a-a3d3-9bc81ab899ce1682591158480SkyaSiaWomenPinkPaisleyPrintedGottaPattiFloralKurta1.jpg;
https://assets.myntassets.com/f_webp,dpr_2.8,q_60,w_210,c_limit,fl_progressive/assets/images/22919262/2023/4/27/5321400d-711d-4d5a-a3d3-9bc81ab899ce1682591158480SkyaSiaWomenPinkPaisleyPrintedGottaPattiFloralKurta1.jpg",699,1999,0,0,65,SkyaSia,https://www.myntra.com/kurtas/skyasia/skyasia-floral-printed-straight-kurta/22919262/buy
180,Rose Gold-Plated Mangalsutra,"https://assets.myntassets.com/f_webp,dpr_1.0,q_60,w_210,c_limit,fl_progressive/assets/images/22905700/2023/4/26/051b181b-b9e9-4260-86b9-b7657281c0381682502411512RoseGold-PlatedBeadedADStuddedMangalsutraEarringsSet1.jpg;
https://assets.myntassets.com/f_webp,dpr_1.8,q_60,w_210,c_limit,fl_progressive/assets/images/22905700/2023/4/26/051b181b-b9e9-4260-86b9-b7657281c0381682502411512RoseGold-PlatedBeadedADStuddedMangalsutraEarringsSet1.jpg;
https://assets.myntassets.com/f_webp,dpr_2.0,q_60,w_210,c_limit,fl_progressive/assets/images/22905700/2023/4/26/051b181b-b9e9-4260-86b9-b7657281c0381682502411512RoseGold-PlatedBeadedADStuddedMangalsutraEarringsSet1.jpg;
https://assets.myntassets.com/f_webp,dpr_2.2,q_60,w_210,c_limit,fl_progressive/assets/images/22905700/2023/4/26/051b181b-b9e9-4260-86b9-b7657281c0381682502411512RoseGold-PlatedBeadedADStuddedMangalsutraEarringsSet1.jpg;
https://assets.myntassets.com/f_webp,dpr_2.4,q_60,w_210,c_limit,fl_progressive/assets/images/22905700/2023/4/26/051b181b-b9e9-4260-86b9-b7657281c0381682502411512RoseGold-PlatedBeadedADStuddedMangalsutraEarringsSet1.jpg;
https://assets.myntassets.com/f_webp,dpr_2.6,q_60,w_210,c_limit,fl_progressive/assets/images/22905700/2023/4/26/051b181b-b9e9-4260-86b9-b7657281c0381682502411512RoseGold-PlatedBeadedADStuddedMangalsutraEarringsSet1.jpg;
https://assets.myntassets.com/f_webp,dpr_2.8,q_60,w_210,c_limit,fl_progressive/assets/images/22905700/2023/4/26/051b181b-b9e9-4260-86b9-b7657281c0381682502411512RoseGold-PlatedBeadedADStuddedMangalsutraEarringsSet1.jpg",881,5875,0,0,85,Vita Bella,https://www.myntra.com/mangalsutra/vita-bella/vita-bella-rose-gold-plated-ad-studded--beaded-mangalsutra-with-earrings/22905700/buy
181,Ethnic Motifs Silk Blend Saree,"https://assets.myntassets.com/f_webp,dpr_1.0,q_60,w_210,c_limit,fl_progressive/assets/images/22895368/2023/4/26/b01c7053-d63e-4223-8f76-6baaa50297791682533498825Sarees1.jpg;
https://assets.myntassets.com/f_webp,dpr_1.8,q_60,w_210,c_limit,fl_progressive/assets/images/22895368/2023/4/26/b01c7053-d63e-4223-8f76-6baaa50297791682533498825Sarees1.jpg;
https://assets.myntassets.com/f_webp,dpr_2.0,q_60,w_210,c_limit,fl_progressive/assets/images/22895368/2023/4/26/b01c7053-d63e-4223-8f76-6baaa50297791682533498825Sarees1.jpg;
https://assets.myntassets.com/f_webp,dpr_2.2,q_60,w_210,c_limit,fl_progressive/assets/images/22895368/2023/4/26/b01c7053-d63e-4223-8f76-6baaa50297791682533498825Sarees1.jpg;
https://assets.myntassets.com/f_webp,dpr_2.4,q_60,w_210,c_limit,fl_progressive/assets/images/22895368/2023/4/26/b01c7053-d63e-4223-8f76-6baaa50297791682533498825Sarees1.jpg;
https://assets.myntassets.com/f_webp,dpr_2.6,q_60,w_210,c_limit,fl_progressive/assets/images/22895368/2023/4/26/b01c7053-d63e-4223-8f76-6baaa50297791682533498825Sarees1.jpg;
https://assets.myntassets.com/f_webp,dpr_2.8,q_60,w_210,c_limit,fl_progressive/assets/images/22895368/2023/4/26/b01c7053-d63e-4223-8f76-6baaa50297791682533498825Sarees1.jpg",3999,3999,0,0,0,Phenav,https://www.myntra.com/sarees/phenav/phenav-ethnic-motifs-zari-silk-blend-saree-with-blouse-piece/22895368/buy
182,Women Embroidered Kurta with Trousers With Dupatta,"https://assets.myntassets.com/f_webp,dpr_1.0,q_60,w_210,c_limit,fl_progressive/assets/images/22847962/2023/4/26/9b4eaf5c-4da3-45d2-8586-d1c1aa0dede91682506321696-Navibhu-Green-Embroidered-Straight-Kurta-Trouser-With-Dupatt-1.jpg;
https://assets.myntassets.com/f_webp,dpr_1.8,q_60,w_210,c_limit,fl_progressive/assets/images/22847962/2023/4/26/9b4eaf5c-4da3-45d2-8586-d1c1aa0dede91682506321696-Navibhu-Green-Embroidered-Straight-Kurta-Trouser-With-Dupatt-1.jpg;
https://assets.myntassets.com/f_webp,dpr_2.0,q_60,w_210,c_limit,fl_progressive/assets/images/22847962/2023/4/26/9b4eaf5c-4da3-45d2-8586-d1c1aa0dede91682506321696-Navibhu-Green-Embroidered-Straight-Kurta-Trouser-With-Dupatt-1.jpg;
https://assets.myntassets.com/f_webp,dpr_2.2,q_60,w_210,c_limit,fl_progressive/assets/images/22847962/2023/4/26/9b4eaf5c-4da3-45d2-8586-d1c1aa0dede91682506321696-Navibhu-Green-Embroidered-Straight-Kurta-Trouser-With-Dupatt-1.jpg;
https://assets.myntassets.com/f_webp,dpr_2.4,q_60,w_210,c_limit,fl_progressive/assets/images/22847962/2023/4/26/9b4eaf5c-4da3-45d2-8586-d1c1aa0dede91682506321696-Navibhu-Green-Embroidered-Straight-Kurta-Trouser-With-Dupatt-1.jpg;
https://assets.myntassets.com/f_webp,dpr_2.6,q_60,w_210,c_limit,fl_progressive/assets/images/22847962/2023/4/26/9b4eaf5c-4da3-45d2-8586-d1c1aa0dede91682506321696-Navibhu-Green-Embroidered-Straight-Kurta-Trouser-With-Dupatt-1.jpg;
https://assets.myntassets.com/f_webp,dpr_2.8,q_60,w_210,c_limit,fl_progressive/assets/images/22847962/2023/4/26/9b4eaf5c-4da3-45d2-8586-d1c1aa0dede91682506321696-Navibhu-Green-Embroidered-Straight-Kurta-Trouser-With-Dupatt-1.jpg",1646,4449,0,0,63,navibhu,https://www.myntra.com/kurta-sets/navibhu/navibhu-women-green-ethnic-motifs-embroidered-regular-sequinned-kurta-with-trousers--with-dupatta/22847962/buy
183,Chanderi Silk Cotton Saree,"https://assets.myntassets.com/f_webp,dpr_1.0,q_60,w_210,c_limit,fl_progressive/assets/images/22947070/2023/4/28/768fa470-c880-450b-9aed-0cb0e88711f31682699928191PisaraNavyBlueSilkCottonWovenDesignChanderiSaree1.jpg;
https://assets.myntassets.com/f_webp,dpr_1.8,q_60,w_210,c_limit,fl_progressive/assets/images/22947070/2023/4/28/768fa470-c880-450b-9aed-0cb0e88711f31682699928191PisaraNavyBlueSilkCottonWovenDesignChanderiSaree1.jpg;
https://assets.myntassets.com/f_webp,dpr_2.0,q_60,w_210,c_limit,fl_progressive/assets/images/22947070/2023/4/28/768fa470-c880-450b-9aed-0cb0e88711f31682699928191PisaraNavyBlueSilkCottonWovenDesignChanderiSaree1.jpg;
https://assets.myntassets.com/f_webp,dpr_2.2,q_60,w_210,c_limit,fl_progressive/assets/images/22947070/2023/4/28/768fa470-c880-450b-9aed-0cb0e88711f31682699928191PisaraNavyBlueSilkCottonWovenDesignChanderiSaree1.jpg;
https://assets.myntassets.com/f_webp,dpr_2.4,q_60,w_210,c_limit,fl_progressive/assets/images/22947070/2023/4/28/768fa470-c880-450b-9aed-0cb0e88711f31682699928191PisaraNavyBlueSilkCottonWovenDesignChanderiSaree1.jpg;
https://assets.myntassets.com/f_webp,dpr_2.6,q_60,w_210,c_limit,fl_progressive/assets/images/22947070/2023/4/28/768fa470-c880-450b-9aed-0cb0e88711f31682699928191PisaraNavyBlueSilkCottonWovenDesignChanderiSaree1.jpg;
https://assets.myntassets.com/f_webp,dpr_2.8,q_60,w_210,c_limit,fl_progressive/assets/images/22947070/2023/4/28/768fa470-c880-450b-9aed-0cb0e88711f31682699928191PisaraNavyBlueSilkCottonWovenDesignChanderiSaree1.jpg",1552,6749,0,0,77,Pisara,https://www.myntra.com/sarees/pisara/pisara-zari-silk-cotton-chanderi-saree/22947070/buy
184,Tie And Dye Printed Zari Saree,"https://assets.myntassets.com/f_webp,dpr_1.0,q_60,w_210,c_limit,fl_progressive/assets/images/22941934/2023/4/28/becf61b6-402c-4605-8b7c-932f1dcf80071682688670670Sarees1.jpg;
https://assets.myntassets.com/f_webp,dpr_1.8,q_60,w_210,c_limit,fl_progressive/assets/images/22941934/2023/4/28/becf61b6-402c-4605-8b7c-932f1dcf80071682688670670Sarees1.jpg;
https://assets.myntassets.com/f_webp,dpr_2.0,q_60,w_210,c_limit,fl_progressive/assets/images/22941934/2023/4/28/becf61b6-402c-4605-8b7c-932f1dcf80071682688670670Sarees1.jpg;
https://assets.myntassets.com/f_webp,dpr_2.2,q_60,w_210,c_limit,fl_progressive/assets/images/22941934/2023/4/28/becf61b6-402c-4605-8b7c-932f1dcf80071682688670670Sarees1.jpg;
https://assets.myntassets.com/f_webp,dpr_2.4,q_60,w_210,c_limit,fl_progressive/assets/images/22941934/2023/4/28/becf61b6-402c-4605-8b7c-932f1dcf80071682688670670Sarees1.jpg;
https://assets.myntassets.com/f_webp,dpr_2.6,q_60,w_210,c_limit,fl_progressive/assets/images/22941934/2023/4/28/becf61b6-402c-4605-8b7c-932f1dcf80071682688670670Sarees1.jpg;
https://assets.myntassets.com/f_webp,dpr_2.8,q_60,w_210,c_limit,fl_progressive/assets/images/22941934/2023/4/28/becf61b6-402c-4605-8b7c-932f1dcf80071682688670670Sarees1.jpg",1147,4099,0,0,72,Anouk,https://www.myntra.com/sarees/anouk/anouk-tie-and-dye-printed-zari-saree/22941934/buy
185,Striped Pure Cotton Saree,"https://assets.myntassets.com/f_webp,dpr_1.0,q_60,w_210,c_limit,fl_progressive/assets/images/22932186/2023/4/28/520d020a-6655-495f-ba31-e11d4e8485ae1682662935868RedCottonWovenSari1.jpg;
https://assets.myntassets.com/f_webp,dpr_1.8,q_60,w_210,c_limit,fl_progressive/assets/images/22932186/2023/4/28/520d020a-6655-495f-ba31-e11d4e8485ae1682662935868RedCottonWovenSari1.jpg;
https://assets.myntassets.com/f_webp,dpr_2.0,q_60,w_210,c_limit,fl_progressive/assets/images/22932186/2023/4/28/520d020a-6655-495f-ba31-e11d4e8485ae1682662935868RedCottonWovenSari1.jpg;
https://assets.myntassets.com/f_webp,dpr_2.2,q_60,w_210,c_limit,fl_progressive/assets/images/22932186/2023/4/28/520d020a-6655-495f-ba31-e11d4e8485ae1682662935868RedCottonWovenSari1.jpg;
https://assets.myntassets.com/f_webp,dpr_2.4,q_60,w_210,c_limit,fl_progressive/assets/images/22932186/2023/4/28/520d020a-6655-495f-ba31-e11d4e8485ae1682662935868RedCottonWovenSari1.jpg;
https://assets.myntassets.com/f_webp,dpr_2.6,q_60,w_210,c_limit,fl_progressive/assets/images/22932186/2023/4/28/520d020a-6655-495f-ba31-e11d4e8485ae1682662935868RedCottonWovenSari1.jpg;
https://assets.myntassets.com/f_webp,dpr_2.8,q_60,w_210,c_limit,fl_progressive/assets/images/22932186/2023/4/28/520d020a-6655-495f-ba31-e11d4e8485ae1682662935868RedCottonWovenSari1.jpg",2999,2999,0,0,0,Fabindia,https://www.myntra.com/sarees/fabindia/fabindia-striped-pure-cotton-saree/22932186/buy
186,Woven Design Pure Cotton Saree,"https://assets.myntassets.com/f_webp,dpr_1.0,q_60,w_210,c_limit,fl_progressive/assets/images/22934498/2023/4/28/ed6c62f5-4268-4982-a4bc-8e2073662cb31682674116215Sarees1.jpg;
https://assets.myntassets.com/f_webp,dpr_1.8,q_60,w_210,c_limit,fl_progressive/assets/images/22934498/2023/4/28/ed6c62f5-4268-4982-a4bc-8e2073662cb31682674116215Sarees1.jpg;
https://assets.myntassets.com/f_webp,dpr_2.0,q_60,w_210,c_limit,fl_progressive/assets/images/22934498/2023/4/28/ed6c62f5-4268-4982-a4bc-8e2073662cb31682674116215Sarees1.jpg;
https://assets.myntassets.com/f_webp,dpr_2.2,q_60,w_210,c_limit,fl_progressive/assets/images/22934498/2023/4/28/ed6c62f5-4268-4982-a4bc-8e2073662cb31682674116215Sarees1.jpg;
https://assets.myntassets.com/f_webp,dpr_2.4,q_60,w_210,c_limit,fl_progressive/assets/images/22934498/2023/4/28/ed6c62f5-4268-4982-a4bc-8e2073662cb31682674116215Sarees1.jpg;
https://assets.myntassets.com/f_webp,dpr_2.6,q_60,w_210,c_limit,fl_progressive/assets/images/22934498/2023/4/28/ed6c62f5-4268-4982-a4bc-8e2073662cb31682674116215Sarees1.jpg;
https://assets.myntassets.com/f_webp,dpr_2.8,q_60,w_210,c_limit,fl_progressive/assets/images/22934498/2023/4/28/ed6c62f5-4268-4982-a4bc-8e2073662cb31682674116215Sarees1.jpg",5032,6990,0,0,28,Charukriti,https://www.myntra.com/sarees/charukriti/charukriti-tasseled-ethnic-motifs-woven-design-pure-cotton-saree/22934498/buy
187,Kurti,"https://assets.myntassets.com/f_webp,dpr_1.0,q_60,w_210,c_limit,fl_progressive/assets/images/22929160/2023/4/28/8c1993ab-1ef2-44b8-ab3c-f47f98f3137b1682632948404ShortKurti1.jpg;
https://assets.myntassets.com/f_webp,dpr_1.8,q_60,w_210,c_limit,fl_progressive/assets/images/22929160/2023/4/28/8c1993ab-1ef2-44b8-ab3c-f47f98f3137b1682632948404ShortKurti1.jpg;
https://assets.myntassets.com/f_webp,dpr_2.0,q_60,w_210,c_limit,fl_progressive/assets/images/22929160/2023/4/28/8c1993ab-1ef2-44b8-ab3c-f47f98f3137b1682632948404ShortKurti1.jpg;
https://assets.myntassets.com/f_webp,dpr_2.2,q_60,w_210,c_limit,fl_progressive/assets/images/22929160/2023/4/28/8c1993ab-1ef2-44b8-ab3c-f47f98f3137b1682632948404ShortKurti1.jpg;
https://assets.myntassets.com/f_webp,dpr_2.4,q_60,w_210,c_limit,fl_progressive/assets/images/22929160/2023/4/28/8c1993ab-1ef2-44b8-ab3c-f47f98f3137b1682632948404ShortKurti1.jpg;
https://assets.myntassets.com/f_webp,dpr_2.6,q_60,w_210,c_limit,fl_progressive/assets/images/22929160/2023/4/28/8c1993ab-1ef2-44b8-ab3c-f47f98f3137b1682632948404ShortKurti1.jpg;
https://assets.myntassets.com/f_webp,dpr_2.8,q_60,w_210,c_limit,fl_progressive/assets/images/22929160/2023/4/28/8c1993ab-1ef2-44b8-ab3c-f47f98f3137b1682632948404ShortKurti1.jpg",1900,1900,0,0,0,CRAZEVILLA,https://www.myntra.com/kurtis/crazevilla/crazevilla-black-v-neck-kurti/22929160/buy
188,Kurta with Trousers & Dupatta,"https://assets.myntassets.com/f_webp,dpr_1.0,q_60,w_210,c_limit,fl_progressive/assets/images/22905020/2023/4/26/8840e068-9931-481b-a1ac-fe428405a36a1682500295691KurtaSets1.jpg;
https://assets.myntassets.com/f_webp,dpr_1.8,q_60,w_210,c_limit,fl_progressive/assets/images/22905020/2023/4/26/8840e068-9931-481b-a1ac-fe428405a36a1682500295691KurtaSets1.jpg;
https://assets.myntassets.com/f_webp,dpr_2.0,q_60,w_210,c_limit,fl_progressive/assets/images/22905020/2023/4/26/8840e068-9931-481b-a1ac-fe428405a36a1682500295691KurtaSets1.jpg;
https://assets.myntassets.com/f_webp,dpr_2.2,q_60,w_210,c_limit,fl_progressive/assets/images/22905020/2023/4/26/8840e068-9931-481b-a1ac-fe428405a36a1682500295691KurtaSets1.jpg;
https://assets.myntassets.com/f_webp,dpr_2.4,q_60,w_210,c_limit,fl_progressive/assets/images/22905020/2023/4/26/8840e068-9931-481b-a1ac-fe428405a36a1682500295691KurtaSets1.jpg;
https://assets.myntassets.com/f_webp,dpr_2.6,q_60,w_210,c_limit,fl_progressive/assets/images/22905020/2023/4/26/8840e068-9931-481b-a1ac-fe428405a36a1682500295691KurtaSets1.jpg;
https://assets.myntassets.com/f_webp,dpr_2.8,q_60,w_210,c_limit,fl_progressive/assets/images/22905020/2023/4/26/8840e068-9931-481b-a1ac-fe428405a36a1682500295691KurtaSets1.jpg",3498,4373,0,0,20,HOUSE OF JAMOTI,https://www.myntra.com/kurta-sets/house-of-jamoti/house-of-jamoti-leheriya-printed-gotta-patti-anarkali-kurta-with-trousers--dupatta/22905020/buy
189,Kota Pure Cotton Saree,"https://assets.myntassets.com/f_webp,dpr_1.0,q_60,w_210,c_limit,fl_progressive/assets/images/22888746/2023/4/25/c18d26c2-af4a-45b5-bb35-7254619347fa1682421005789PureBlockPrintedKotaCottonSaree1.jpg;
https://assets.myntassets.com/f_webp,dpr_1.8,q_60,w_210,c_limit,fl_progressive/assets/images/22888746/2023/4/25/c18d26c2-af4a-45b5-bb35-7254619347fa1682421005789PureBlockPrintedKotaCottonSaree1.jpg;
https://assets.myntassets.com/f_webp,dpr_2.0,q_60,w_210,c_limit,fl_progressive/assets/images/22888746/2023/4/25/c18d26c2-af4a-45b5-bb35-7254619347fa1682421005789PureBlockPrintedKotaCottonSaree1.jpg;
https://assets.myntassets.com/f_webp,dpr_2.2,q_60,w_210,c_limit,fl_progressive/assets/images/22888746/2023/4/25/c18d26c2-af4a-45b5-bb35-7254619347fa1682421005789PureBlockPrintedKotaCottonSaree1.jpg;
https://assets.myntassets.com/f_webp,dpr_2.4,q_60,w_210,c_limit,fl_progressive/assets/images/22888746/2023/4/25/c18d26c2-af4a-45b5-bb35-7254619347fa1682421005789PureBlockPrintedKotaCottonSaree1.jpg;
https://assets.myntassets.com/f_webp,dpr_2.6,q_60,w_210,c_limit,fl_progressive/assets/images/22888746/2023/4/25/c18d26c2-af4a-45b5-bb35-7254619347fa1682421005789PureBlockPrintedKotaCottonSaree1.jpg;
https://assets.myntassets.com/f_webp,dpr_2.8,q_60,w_210,c_limit,fl_progressive/assets/images/22888746/2023/4/25/c18d26c2-af4a-45b5-bb35-7254619347fa1682421005789PureBlockPrintedKotaCottonSaree1.jpg",1699,3398,0,0,50,Unnati Silks,https://www.myntra.com/sarees/unnati-silks/unnati-silks-floral-block-printed-zari-pure-handloom-cotton-kota-saree/22888746/buy
190,Rhodium-Plated Drop Earrings,"https://assets.myntassets.com/f_webp,dpr_1.0,q_60,w_210,c_limit,fl_progressive/assets/images/22945144/2023/4/28/885ba632-56e0-4fde-afd2-22c3844dff951682682462021AazeenSeaGreenCircularStudsEarrings1.jpg;
https://assets.myntassets.com/f_webp,dpr_1.8,q_60,w_210,c_limit,fl_progressive/assets/images/22945144/2023/4/28/885ba632-56e0-4fde-afd2-22c3844dff951682682462021AazeenSeaGreenCircularStudsEarrings1.jpg;
https://assets.myntassets.com/f_webp,dpr_2.0,q_60,w_210,c_limit,fl_progressive/assets/images/22945144/2023/4/28/885ba632-56e0-4fde-afd2-22c3844dff951682682462021AazeenSeaGreenCircularStudsEarrings1.jpg;
https://assets.myntassets.com/f_webp,dpr_2.2,q_60,w_210,c_limit,fl_progressive/assets/images/22945144/2023/4/28/885ba632-56e0-4fde-afd2-22c3844dff951682682462021AazeenSeaGreenCircularStudsEarrings1.jpg;
https://assets.myntassets.com/f_webp,dpr_2.4,q_60,w_210,c_limit,fl_progressive/assets/images/22945144/2023/4/28/885ba632-56e0-4fde-afd2-22c3844dff951682682462021AazeenSeaGreenCircularStudsEarrings1.jpg;
https://assets.myntassets.com/f_webp,dpr_2.6,q_60,w_210,c_limit,fl_progressive/assets/images/22945144/2023/4/28/885ba632-56e0-4fde-afd2-22c3844dff951682682462021AazeenSeaGreenCircularStudsEarrings1.jpg;
https://assets.myntassets.com/f_webp,dpr_2.8,q_60,w_210,c_limit,fl_progressive/assets/images/22945144/2023/4/28/885ba632-56e0-4fde-afd2-22c3844dff951682682462021AazeenSeaGreenCircularStudsEarrings1.jpg",591,3699,0,0,84,Aazeen,https://www.myntra.com/earrings/aazeen/aazeen-rhodium-plated-circular-drop-earrings/22945144/buy
191,Brass Gold-Plated Layered Necklace,"https://assets.myntassets.com/f_webp,dpr_1.0,q_60,w_210,c_limit,fl_progressive/assets/images/22935316/2023/4/28/73c383e7-19e0-4965-a14f-7cfb6b43a3461682675973680Gold-PlatedWhiteGold-TonedBrassNecklace1.jpg;
https://assets.myntassets.com/f_webp,dpr_1.8,q_60,w_210,c_limit,fl_progressive/assets/images/22935316/2023/4/28/73c383e7-19e0-4965-a14f-7cfb6b43a3461682675973680Gold-PlatedWhiteGold-TonedBrassNecklace1.jpg;
https://assets.myntassets.com/f_webp,dpr_2.0,q_60,w_210,c_limit,fl_progressive/assets/images/22935316/2023/4/28/73c383e7-19e0-4965-a14f-7cfb6b43a3461682675973680Gold-PlatedWhiteGold-TonedBrassNecklace1.jpg;
https://assets.myntassets.com/f_webp,dpr_2.2,q_60,w_210,c_limit,fl_progressive/assets/images/22935316/2023/4/28/73c383e7-19e0-4965-a14f-7cfb6b43a3461682675973680Gold-PlatedWhiteGold-TonedBrassNecklace1.jpg;
https://assets.myntassets.com/f_webp,dpr_2.4,q_60,w_210,c_limit,fl_progressive/assets/images/22935316/2023/4/28/73c383e7-19e0-4965-a14f-7cfb6b43a3461682675973680Gold-PlatedWhiteGold-TonedBrassNecklace1.jpg;
https://assets.myntassets.com/f_webp,dpr_2.6,q_60,w_210,c_limit,fl_progressive/assets/images/22935316/2023/4/28/73c383e7-19e0-4965-a14f-7cfb6b43a3461682675973680Gold-PlatedWhiteGold-TonedBrassNecklace1.jpg;
https://assets.myntassets.com/f_webp,dpr_2.8,q_60,w_210,c_limit,fl_progressive/assets/images/22935316/2023/4/28/73c383e7-19e0-4965-a14f-7cfb6b43a3461682675973680Gold-PlatedWhiteGold-TonedBrassNecklace1.jpg",299,2499,0,0,88,Aazeen,https://www.myntra.com/necklace-and-chains/aazeen/aazeen-gold-toned--white-brass-gold-plated-layered-necklace/22935316/buy
192,Set Of 2 Gold-Plated Bangles,"https://assets.myntassets.com/f_webp,dpr_1.0,q_60,w_210,c_limit,fl_progressive/assets/images/22918822/2023/4/27/3db89ff6-5a1c-4b50-8a76-5e84a0d6974b1682591117730Gold-PlatedWhiteAmericanDiamondstuddedFloralShapedBanglesJew1.jpg;
https://assets.myntassets.com/f_webp,dpr_1.8,q_60,w_210,c_limit,fl_progressive/assets/images/22918822/2023/4/27/3db89ff6-5a1c-4b50-8a76-5e84a0d6974b1682591117730Gold-PlatedWhiteAmericanDiamondstuddedFloralShapedBanglesJew1.jpg;
https://assets.myntassets.com/f_webp,dpr_2.0,q_60,w_210,c_limit,fl_progressive/assets/images/22918822/2023/4/27/3db89ff6-5a1c-4b50-8a76-5e84a0d6974b1682591117730Gold-PlatedWhiteAmericanDiamondstuddedFloralShapedBanglesJew1.jpg;
https://assets.myntassets.com/f_webp,dpr_2.2,q_60,w_210,c_limit,fl_progressive/assets/images/22918822/2023/4/27/3db89ff6-5a1c-4b50-8a76-5e84a0d6974b1682591117730Gold-PlatedWhiteAmericanDiamondstuddedFloralShapedBanglesJew1.jpg;
https://assets.myntassets.com/f_webp,dpr_2.4,q_60,w_210,c_limit,fl_progressive/assets/images/22918822/2023/4/27/3db89ff6-5a1c-4b50-8a76-5e84a0d6974b1682591117730Gold-PlatedWhiteAmericanDiamondstuddedFloralShapedBanglesJew1.jpg;
https://assets.myntassets.com/f_webp,dpr_2.6,q_60,w_210,c_limit,fl_progressive/assets/images/22918822/2023/4/27/3db89ff6-5a1c-4b50-8a76-5e84a0d6974b1682591117730Gold-PlatedWhiteAmericanDiamondstuddedFloralShapedBanglesJew1.jpg;
https://assets.myntassets.com/f_webp,dpr_2.8,q_60,w_210,c_limit,fl_progressive/assets/images/22918822/2023/4/27/3db89ff6-5a1c-4b50-8a76-5e84a0d6974b1682591117730Gold-PlatedWhiteAmericanDiamondstuddedFloralShapedBanglesJew1.jpg",665,3699,0,0,82,Aazeen,https://www.myntra.com/bangle/aazeen/aazeen-set-of-2-gold-plated-american-diamond-studded-bangles/22918822/buy
193,Woven Design Kanjeevaram Art Silk Saree,"https://assets.myntassets.com/f_webp,dpr_1.0,q_60,w_210,c_limit,fl_progressive/assets/images/22915530/2023/4/27/e09bedd7-6872-49ce-9cb8-717c0ae3e01e1682585116445Sarees1.jpg;
https://assets.myntassets.com/f_webp,dpr_1.8,q_60,w_210,c_limit,fl_progressive/assets/images/22915530/2023/4/27/e09bedd7-6872-49ce-9cb8-717c0ae3e01e1682585116445Sarees1.jpg;
https://assets.myntassets.com/f_webp,dpr_2.0,q_60,w_210,c_limit,fl_progressive/assets/images/22915530/2023/4/27/e09bedd7-6872-49ce-9cb8-717c0ae3e01e1682585116445Sarees1.jpg;
https://assets.myntassets.com/f_webp,dpr_2.2,q_60,w_210,c_limit,fl_progressive/assets/images/22915530/2023/4/27/e09bedd7-6872-49ce-9cb8-717c0ae3e01e1682585116445Sarees1.jpg;
https://assets.myntassets.com/f_webp,dpr_2.4,q_60,w_210,c_limit,fl_progressive/assets/images/22915530/2023/4/27/e09bedd7-6872-49ce-9cb8-717c0ae3e01e1682585116445Sarees1.jpg;
https://assets.myntassets.com/f_webp,dpr_2.6,q_60,w_210,c_limit,fl_progressive/assets/images/22915530/2023/4/27/e09bedd7-6872-49ce-9cb8-717c0ae3e01e1682585116445Sarees1.jpg;
https://assets.myntassets.com/f_webp,dpr_2.8,q_60,w_210,c_limit,fl_progressive/assets/images/22915530/2023/4/27/e09bedd7-6872-49ce-9cb8-717c0ae3e01e1682585116445Sarees1.jpg",4199,4199,0,0,0,MIMOSA,https://www.myntra.com/sarees/mimosa/mimosa-grey--gold-toned-woven-design-zari-art-silk-kanjeevaram-saree/22915530/buy
194,Checked Pure Crepe Saree,"https://assets.myntassets.com/f_webp,dpr_1.0,q_60,w_210,c_limit,fl_progressive/assets/images/22894326/2023/4/25/1f45b99f-0900-45b7-a63b-5265ed4f2f801682431101863KasakWomensTraditionalPrintedCrepeSareeWithBlousePiece1.jpg;
https://assets.myntassets.com/f_webp,dpr_1.8,q_60,w_210,c_limit,fl_progressive/assets/images/22894326/2023/4/25/1f45b99f-0900-45b7-a63b-5265ed4f2f801682431101863KasakWomensTraditionalPrintedCrepeSareeWithBlousePiece1.jpg;
https://assets.myntassets.com/f_webp,dpr_2.0,q_60,w_210,c_limit,fl_progressive/assets/images/22894326/2023/4/25/1f45b99f-0900-45b7-a63b-5265ed4f2f801682431101863KasakWomensTraditionalPrintedCrepeSareeWithBlousePiece1.jpg;
https://assets.myntassets.com/f_webp,dpr_2.2,q_60,w_210,c_limit,fl_progressive/assets/images/22894326/2023/4/25/1f45b99f-0900-45b7-a63b-5265ed4f2f801682431101863KasakWomensTraditionalPrintedCrepeSareeWithBlousePiece1.jpg;
https://assets.myntassets.com/f_webp,dpr_2.4,q_60,w_210,c_limit,fl_progressive/assets/images/22894326/2023/4/25/1f45b99f-0900-45b7-a63b-5265ed4f2f801682431101863KasakWomensTraditionalPrintedCrepeSareeWithBlousePiece1.jpg;
https://assets.myntassets.com/f_webp,dpr_2.6,q_60,w_210,c_limit,fl_progressive/assets/images/22894326/2023/4/25/1f45b99f-0900-45b7-a63b-5265ed4f2f801682431101863KasakWomensTraditionalPrintedCrepeSareeWithBlousePiece1.jpg;
https://assets.myntassets.com/f_webp,dpr_2.8,q_60,w_210,c_limit,fl_progressive/assets/images/22894326/2023/4/25/1f45b99f-0900-45b7-a63b-5265ed4f2f801682431101863KasakWomensTraditionalPrintedCrepeSareeWithBlousePiece1.jpg",1699,4000,0,0,2301,Kasak,https://www.myntra.com/sarees/kasak/kasak-checked-pure-crepe-saree/22894326/buy
195,Striped Silk Blend Saree,"https://assets.myntassets.com/f_webp,dpr_1.0,q_60,w_210,c_limit,fl_progressive/assets/images/22889650/2023/4/25/00408bd8-8b74-4a3c-8ea8-78ed1be3c6f71682440080553SatraniBlackSilkBlendScreenPrintedsaree1.jpg;
https://assets.myntassets.com/f_webp,dpr_1.8,q_60,w_210,c_limit,fl_progressive/assets/images/22889650/2023/4/25/00408bd8-8b74-4a3c-8ea8-78ed1be3c6f71682440080553SatraniBlackSilkBlendScreenPrintedsaree1.jpg;
https://assets.myntassets.com/f_webp,dpr_2.0,q_60,w_210,c_limit,fl_progressive/assets/images/22889650/2023/4/25/00408bd8-8b74-4a3c-8ea8-78ed1be3c6f71682440080553SatraniBlackSilkBlendScreenPrintedsaree1.jpg;
https://assets.myntassets.com/f_webp,dpr_2.2,q_60,w_210,c_limit,fl_progressive/assets/images/22889650/2023/4/25/00408bd8-8b74-4a3c-8ea8-78ed1be3c6f71682440080553SatraniBlackSilkBlendScreenPrintedsaree1.jpg;
https://assets.myntassets.com/f_webp,dpr_2.4,q_60,w_210,c_limit,fl_progressive/assets/images/22889650/2023/4/25/00408bd8-8b74-4a3c-8ea8-78ed1be3c6f71682440080553SatraniBlackSilkBlendScreenPrintedsaree1.jpg;
https://assets.myntassets.com/f_webp,dpr_2.6,q_60,w_210,c_limit,fl_progressive/assets/images/22889650/2023/4/25/00408bd8-8b74-4a3c-8ea8-78ed1be3c6f71682440080553SatraniBlackSilkBlendScreenPrintedsaree1.jpg;
https://assets.myntassets.com/f_webp,dpr_2.8,q_60,w_210,c_limit,fl_progressive/assets/images/22889650/2023/4/25/00408bd8-8b74-4a3c-8ea8-78ed1be3c6f71682440080553SatraniBlackSilkBlendScreenPrintedsaree1.jpg",1133,5150,0,0,78,Satrani,https://www.myntra.com/sarees/satrani/satrani-black--white-striped-silk-blend-saree/22889650/buy
196,Checked Kanjeevaram Saree,"https://assets.myntassets.com/f_webp,dpr_1.0,q_60,w_210,c_limit,fl_progressive/assets/images/22887148/2023/4/25/1693cc23-ee65-4232-921d-66128cb4781d1682415809050SilkBlendKanjeevaramSaree1.jpg;
https://assets.myntassets.com/f_webp,dpr_1.8,q_60,w_210,c_limit,fl_progressive/assets/images/22887148/2023/4/25/1693cc23-ee65-4232-921d-66128cb4781d1682415809050SilkBlendKanjeevaramSaree1.jpg;
https://assets.myntassets.com/f_webp,dpr_2.0,q_60,w_210,c_limit,fl_progressive/assets/images/22887148/2023/4/25/1693cc23-ee65-4232-921d-66128cb4781d1682415809050SilkBlendKanjeevaramSaree1.jpg;
https://assets.myntassets.com/f_webp,dpr_2.2,q_60,w_210,c_limit,fl_progressive/assets/images/22887148/2023/4/25/1693cc23-ee65-4232-921d-66128cb4781d1682415809050SilkBlendKanjeevaramSaree1.jpg;
https://assets.myntassets.com/f_webp,dpr_2.4,q_60,w_210,c_limit,fl_progressive/assets/images/22887148/2023/4/25/1693cc23-ee65-4232-921d-66128cb4781d1682415809050SilkBlendKanjeevaramSaree1.jpg;
https://assets.myntassets.com/f_webp,dpr_2.6,q_60,w_210,c_limit,fl_progressive/assets/images/22887148/2023/4/25/1693cc23-ee65-4232-921d-66128cb4781d1682415809050SilkBlendKanjeevaramSaree1.jpg;
https://assets.myntassets.com/f_webp,dpr_2.8,q_60,w_210,c_limit,fl_progressive/assets/images/22887148/2023/4/25/1693cc23-ee65-4232-921d-66128cb4781d1682415809050SilkBlendKanjeevaramSaree1.jpg",1014,2899,0,0,65,Anouk,https://www.myntra.com/sarees/anouk/anouk-lavender--purple-checked-zari-kanjeevaram-saree/22887148/buy
197,Floral Pure Linen Saree,"https://assets.myntassets.com/f_webp,dpr_1.0,q_60,w_210,c_limit,fl_progressive/assets/images/22959640/2023/4/29/924943e5-7b61-41a0-a593-0401ce243e7a1682782315435GreenColorLinenFloralPrintedSareewithUnstitchedBlousePiece1.jpg;
https://assets.myntassets.com/f_webp,dpr_1.8,q_60,w_210,c_limit,fl_progressive/assets/images/22959640/2023/4/29/924943e5-7b61-41a0-a593-0401ce243e7a1682782315435GreenColorLinenFloralPrintedSareewithUnstitchedBlousePiece1.jpg;
https://assets.myntassets.com/f_webp,dpr_2.0,q_60,w_210,c_limit,fl_progressive/assets/images/22959640/2023/4/29/924943e5-7b61-41a0-a593-0401ce243e7a1682782315435GreenColorLinenFloralPrintedSareewithUnstitchedBlousePiece1.jpg;
https://assets.myntassets.com/f_webp,dpr_2.2,q_60,w_210,c_limit,fl_progressive/assets/images/22959640/2023/4/29/924943e5-7b61-41a0-a593-0401ce243e7a1682782315435GreenColorLinenFloralPrintedSareewithUnstitchedBlousePiece1.jpg;
https://assets.myntassets.com/f_webp,dpr_2.4,q_60,w_210,c_limit,fl_progressive/assets/images/22959640/2023/4/29/924943e5-7b61-41a0-a593-0401ce243e7a1682782315435GreenColorLinenFloralPrintedSareewithUnstitchedBlousePiece1.jpg;
https://assets.myntassets.com/f_webp,dpr_2.6,q_60,w_210,c_limit,fl_progressive/assets/images/22959640/2023/4/29/924943e5-7b61-41a0-a593-0401ce243e7a1682782315435GreenColorLinenFloralPrintedSareewithUnstitchedBlousePiece1.jpg;
https://assets.myntassets.com/f_webp,dpr_2.8,q_60,w_210,c_limit,fl_progressive/assets/images/22959640/2023/4/29/924943e5-7b61-41a0-a593-0401ce243e7a1682782315435GreenColorLinenFloralPrintedSareewithUnstitchedBlousePiece1.jpg",1799,4499,0,0,60,DIVASTRI,https://www.myntra.com/sarees/divastri/divastri-floral-printed-zari-pure-linen-bhagalpuri-saree/22959640/buy
198,Printed A-Line Ethnic Dress,"https://assets.myntassets.com/f_webp,dpr_1.0,q_60,w_210,c_limit,fl_progressive/assets/images/22913108/2023/4/26/3351c2c2-56f4-454b-81bd-5b811e6c7fc11682519328746EthnicDresses1.jpg;
https://assets.myntassets.com/f_webp,dpr_1.8,q_60,w_210,c_limit,fl_progressive/assets/images/22913108/2023/4/26/3351c2c2-56f4-454b-81bd-5b811e6c7fc11682519328746EthnicDresses1.jpg;
https://assets.myntassets.com/f_webp,dpr_2.0,q_60,w_210,c_limit,fl_progressive/assets/images/22913108/2023/4/26/3351c2c2-56f4-454b-81bd-5b811e6c7fc11682519328746EthnicDresses1.jpg;
https://assets.myntassets.com/f_webp,dpr_2.2,q_60,w_210,c_limit,fl_progressive/assets/images/22913108/2023/4/26/3351c2c2-56f4-454b-81bd-5b811e6c7fc11682519328746EthnicDresses1.jpg;
https://assets.myntassets.com/f_webp,dpr_2.4,q_60,w_210,c_limit,fl_progressive/assets/images/22913108/2023/4/26/3351c2c2-56f4-454b-81bd-5b811e6c7fc11682519328746EthnicDresses1.jpg;
https://assets.myntassets.com/f_webp,dpr_2.6,q_60,w_210,c_limit,fl_progressive/assets/images/22913108/2023/4/26/3351c2c2-56f4-454b-81bd-5b811e6c7fc11682519328746EthnicDresses1.jpg;
https://assets.myntassets.com/f_webp,dpr_2.8,q_60,w_210,c_limit,fl_progressive/assets/images/22913108/2023/4/26/3351c2c2-56f4-454b-81bd-5b811e6c7fc11682519328746EthnicDresses1.jpg",2499,2499,0,0,0,KALINI,https://www.myntra.com/ethnic-dresses/kalini/kalini-floral-printed-georgette-a-line-ethnic-dress/22913108/buy
199,Striped Handloom Saree,"https://assets.myntassets.com/f_webp,dpr_1.0,q_60,w_210,c_limit,fl_progressive/assets/images/22891366/2023/4/25/b92a0372-d5f1-4931-b7b1-5881260260f71682428019827Sarees1.jpg;
https://assets.myntassets.com/f_webp,dpr_1.8,q_60,w_210,c_limit,fl_progressive/assets/images/22891366/2023/4/25/b92a0372-d5f1-4931-b7b1-5881260260f71682428019827Sarees1.jpg;
https://assets.myntassets.com/f_webp,dpr_2.0,q_60,w_210,c_limit,fl_progressive/assets/images/22891366/2023/4/25/b92a0372-d5f1-4931-b7b1-5881260260f71682428019827Sarees1.jpg;
https://assets.myntassets.com/f_webp,dpr_2.2,q_60,w_210,c_limit,fl_progressive/assets/images/22891366/2023/4/25/b92a0372-d5f1-4931-b7b1-5881260260f71682428019827Sarees1.jpg;
https://assets.myntassets.com/f_webp,dpr_2.4,q_60,w_210,c_limit,fl_progressive/assets/images/22891366/2023/4/25/b92a0372-d5f1-4931-b7b1-5881260260f71682428019827Sarees1.jpg;
https://assets.myntassets.com/f_webp,dpr_2.6,q_60,w_210,c_limit,fl_progressive/assets/images/22891366/2023/4/25/b92a0372-d5f1-4931-b7b1-5881260260f71682428019827Sarees1.jpg;
https://assets.myntassets.com/f_webp,dpr_2.8,q_60,w_210,c_limit,fl_progressive/assets/images/22891366/2023/4/25/b92a0372-d5f1-4931-b7b1-5881260260f71682428019827Sarees1.jpg",7689,7689,0,0,0,AllSilks,https://www.myntra.com/sarees/allsilks/allsilks-striped-handloom-saree/22891366/buy
200,Printed Tussar Pure Silk Saree,"https://assets.myntassets.com/f_webp,dpr_1.0,q_60,w_210,c_limit,fl_progressive/assets/images/22891140/2023/4/25/9909bcd9-c980-4822-94b2-f5c31cab50241682427757654Sarees1.jpg;
https://assets.myntassets.com/f_webp,dpr_1.8,q_60,w_210,c_limit,fl_progressive/assets/images/22891140/2023/4/25/9909bcd9-c980-4822-94b2-f5c31cab50241682427757654Sarees1.jpg;
https://assets.myntassets.com/f_webp,dpr_2.0,q_60,w_210,c_limit,fl_progressive/assets/images/22891140/2023/4/25/9909bcd9-c980-4822-94b2-f5c31cab50241682427757654Sarees1.jpg;
https://assets.myntassets.com/f_webp,dpr_2.2,q_60,w_210,c_limit,fl_progressive/assets/images/22891140/2023/4/25/9909bcd9-c980-4822-94b2-f5c31cab50241682427757654Sarees1.jpg;
https://assets.myntassets.com/f_webp,dpr_2.4,q_60,w_210,c_limit,fl_progressive/assets/images/22891140/2023/4/25/9909bcd9-c980-4822-94b2-f5c31cab50241682427757654Sarees1.jpg;
https://assets.myntassets.com/f_webp,dpr_2.6,q_60,w_210,c_limit,fl_progressive/assets/images/22891140/2023/4/25/9909bcd9-c980-4822-94b2-f5c31cab50241682427757654Sarees1.jpg;
https://assets.myntassets.com/f_webp,dpr_2.8,q_60,w_210,c_limit,fl_progressive/assets/images/22891140/2023/4/25/9909bcd9-c980-4822-94b2-f5c31cab50241682427757654Sarees1.jpg",5643,5643,0,0,0,AllSilks,https://www.myntra.com/sarees/allsilks/allsilks-floral-printed-zari-pure-silk-tussar-saree/22891140/buy
201,Cosmos BT Calling Smartwatch,"https://assets.myntassets.com/f_webp,dpr_1.0,q_60,w_210,c_limit,fl_progressive/assets/images/22890264/2023/4/27/e9053713-8d3b-4fe5-a6bb-ea7f51d9e8581682588772924-pebble-Unisex-Smart-Watches-6371682588772060-1.jpg;
https://assets.myntassets.com/f_webp,dpr_1.8,q_60,w_210,c_limit,fl_progressive/assets/images/22890264/2023/4/27/e9053713-8d3b-4fe5-a6bb-ea7f51d9e8581682588772924-pebble-Unisex-Smart-Watches-6371682588772060-1.jpg;
https://assets.myntassets.com/f_webp,dpr_2.0,q_60,w_210,c_limit,fl_progressive/assets/images/22890264/2023/4/27/e9053713-8d3b-4fe5-a6bb-ea7f51d9e8581682588772924-pebble-Unisex-Smart-Watches-6371682588772060-1.jpg;
https://assets.myntassets.com/f_webp,dpr_2.2,q_60,w_210,c_limit,fl_progressive/assets/images/22890264/2023/4/27/e9053713-8d3b-4fe5-a6bb-ea7f51d9e8581682588772924-pebble-Unisex-Smart-Watches-6371682588772060-1.jpg;
https://assets.myntassets.com/f_webp,dpr_2.4,q_60,w_210,c_limit,fl_progressive/assets/images/22890264/2023/4/27/e9053713-8d3b-4fe5-a6bb-ea7f51d9e8581682588772924-pebble-Unisex-Smart-Watches-6371682588772060-1.jpg;
https://assets.myntassets.com/f_webp,dpr_2.6,q_60,w_210,c_limit,fl_progressive/assets/images/22890264/2023/4/27/e9053713-8d3b-4fe5-a6bb-ea7f51d9e8581682588772924-pebble-Unisex-Smart-Watches-6371682588772060-1.jpg;
https://assets.myntassets.com/f_webp,dpr_2.8,q_60,w_210,c_limit,fl_progressive/assets/images/22890264/2023/4/27/e9053713-8d3b-4fe5-a6bb-ea7f51d9e8581682588772924-pebble-Unisex-Smart-Watches-6371682588772060-1.jpg",7499,7499,0,0,0,pebble,https://www.myntra.com/smart-watches/pebble/pebble-cosmos-bold-bt-calling-smartwatch-with-voice-assistance-/22890264/buy
202,Women Watch Bracelet Gift Set,"https://assets.myntassets.com/f_webp,dpr_1.0,q_60,w_210,c_limit,fl_progressive/assets/images/22902632/2023/4/26/b1dc4a9a-ebd6-4524-aafc-18d5366fb0f31682498496643WomensSilverAnalogueChainWatchwithBracelet1.jpg;
https://assets.myntassets.com/f_webp,dpr_1.8,q_60,w_210,c_limit,fl_progressive/assets/images/22902632/2023/4/26/b1dc4a9a-ebd6-4524-aafc-18d5366fb0f31682498496643WomensSilverAnalogueChainWatchwithBracelet1.jpg;
https://assets.myntassets.com/f_webp,dpr_2.0,q_60,w_210,c_limit,fl_progressive/assets/images/22902632/2023/4/26/b1dc4a9a-ebd6-4524-aafc-18d5366fb0f31682498496643WomensSilverAnalogueChainWatchwithBracelet1.jpg;
https://assets.myntassets.com/f_webp,dpr_2.2,q_60,w_210,c_limit,fl_progressive/assets/images/22902632/2023/4/26/b1dc4a9a-ebd6-4524-aafc-18d5366fb0f31682498496643WomensSilverAnalogueChainWatchwithBracelet1.jpg;
https://assets.myntassets.com/f_webp,dpr_2.4,q_60,w_210,c_limit,fl_progressive/assets/images/22902632/2023/4/26/b1dc4a9a-ebd6-4524-aafc-18d5366fb0f31682498496643WomensSilverAnalogueChainWatchwithBracelet1.jpg;
https://assets.myntassets.com/f_webp,dpr_2.6,q_60,w_210,c_limit,fl_progressive/assets/images/22902632/2023/4/26/b1dc4a9a-ebd6-4524-aafc-18d5366fb0f31682498496643WomensSilverAnalogueChainWatchwithBracelet1.jpg;
https://assets.myntassets.com/f_webp,dpr_2.8,q_60,w_210,c_limit,fl_progressive/assets/images/22902632/2023/4/26/b1dc4a9a-ebd6-4524-aafc-18d5366fb0f31682498496643WomensSilverAnalogueChainWatchwithBracelet1.jpg",5299,5299,0,0,0,Voylla,https://www.myntra.com/watch-gift-set/voylla/voylla-women-watch-with-bracelet-gift-set-8905124498721/22902632/buy
203,Women Watch Bracelet Gift Set,"https://assets.myntassets.com/f_webp,dpr_1.0,q_60,w_210,c_limit,fl_progressive/assets/images/22902638/2023/4/26/e1717e3a-6bbf-43ce-8126-8fd202c1908d1682492833034WomensGoldAnalogueDisplayWatchwithBracelet1.jpg;
https://assets.myntassets.com/f_webp,dpr_1.8,q_60,w_210,c_limit,fl_progressive/assets/images/22902638/2023/4/26/e1717e3a-6bbf-43ce-8126-8fd202c1908d1682492833034WomensGoldAnalogueDisplayWatchwithBracelet1.jpg;
https://assets.myntassets.com/f_webp,dpr_2.0,q_60,w_210,c_limit,fl_progressive/assets/images/22902638/2023/4/26/e1717e3a-6bbf-43ce-8126-8fd202c1908d1682492833034WomensGoldAnalogueDisplayWatchwithBracelet1.jpg;
https://assets.myntassets.com/f_webp,dpr_2.2,q_60,w_210,c_limit,fl_progressive/assets/images/22902638/2023/4/26/e1717e3a-6bbf-43ce-8126-8fd202c1908d1682492833034WomensGoldAnalogueDisplayWatchwithBracelet1.jpg;
https://assets.myntassets.com/f_webp,dpr_2.4,q_60,w_210,c_limit,fl_progressive/assets/images/22902638/2023/4/26/e1717e3a-6bbf-43ce-8126-8fd202c1908d1682492833034WomensGoldAnalogueDisplayWatchwithBracelet1.jpg;
https://assets.myntassets.com/f_webp,dpr_2.6,q_60,w_210,c_limit,fl_progressive/assets/images/22902638/2023/4/26/e1717e3a-6bbf-43ce-8126-8fd202c1908d1682492833034WomensGoldAnalogueDisplayWatchwithBracelet1.jpg;
https://assets.myntassets.com/f_webp,dpr_2.8,q_60,w_210,c_limit,fl_progressive/assets/images/22902638/2023/4/26/e1717e3a-6bbf-43ce-8126-8fd202c1908d1682492833034WomensGoldAnalogueDisplayWatchwithBracelet1.jpg",4399,4399,0,0,0,Voylla,https://www.myntra.com/watch-gift-set/voylla/voylla-women-watch-with-bracelet-gift-set-8905124498691/22902638/buy
204,Women Watch Bracelet Gift Set,"https://assets.myntassets.com/f_webp,dpr_1.0,q_60,w_210,c_limit,fl_progressive/assets/images/22902624/2023/4/26/78dd04f2-dc81-4512-924e-82b366ca11751682492979205WomensWhiteAnalogueRoundDialWatchwithBracelet1.jpg;
https://assets.myntassets.com/f_webp,dpr_1.8,q_60,w_210,c_limit,fl_progressive/assets/images/22902624/2023/4/26/78dd04f2-dc81-4512-924e-82b366ca11751682492979205WomensWhiteAnalogueRoundDialWatchwithBracelet1.jpg;
https://assets.myntassets.com/f_webp,dpr_2.0,q_60,w_210,c_limit,fl_progressive/assets/images/22902624/2023/4/26/78dd04f2-dc81-4512-924e-82b366ca11751682492979205WomensWhiteAnalogueRoundDialWatchwithBracelet1.jpg;
https://assets.myntassets.com/f_webp,dpr_2.2,q_60,w_210,c_limit,fl_progressive/assets/images/22902624/2023/4/26/78dd04f2-dc81-4512-924e-82b366ca11751682492979205WomensWhiteAnalogueRoundDialWatchwithBracelet1.jpg;
https://assets.myntassets.com/f_webp,dpr_2.4,q_60,w_210,c_limit,fl_progressive/assets/images/22902624/2023/4/26/78dd04f2-dc81-4512-924e-82b366ca11751682492979205WomensWhiteAnalogueRoundDialWatchwithBracelet1.jpg;
https://assets.myntassets.com/f_webp,dpr_2.6,q_60,w_210,c_limit,fl_progressive/assets/images/22902624/2023/4/26/78dd04f2-dc81-4512-924e-82b366ca11751682492979205WomensWhiteAnalogueRoundDialWatchwithBracelet1.jpg;
https://assets.myntassets.com/f_webp,dpr_2.8,q_60,w_210,c_limit,fl_progressive/assets/images/22902624/2023/4/26/78dd04f2-dc81-4512-924e-82b366ca11751682492979205WomensWhiteAnalogueRoundDialWatchwithBracelet1.jpg",4199,4199,0,0,0,Voylla,https://www.myntra.com/watch-gift-set/voylla/voylla-women-watch-with-bracelet-gift-set-8905124498639/22902624/buy
205,Women Watch Bracelet Gift Set,"https://assets.myntassets.com/f_webp,dpr_1.0,q_60,w_210,c_limit,fl_progressive/assets/images/22902646/2023/4/26/9ffa1698-b78d-4a0c-aeaa-ecee58922bc01682492860156WomensGoldEmbellishedWatchwithBraceletset1.jpg;
https://assets.myntassets.com/f_webp,dpr_1.8,q_60,w_210,c_limit,fl_progressive/assets/images/22902646/2023/4/26/9ffa1698-b78d-4a0c-aeaa-ecee58922bc01682492860156WomensGoldEmbellishedWatchwithBraceletset1.jpg;
https://assets.myntassets.com/f_webp,dpr_2.0,q_60,w_210,c_limit,fl_progressive/assets/images/22902646/2023/4/26/9ffa1698-b78d-4a0c-aeaa-ecee58922bc01682492860156WomensGoldEmbellishedWatchwithBraceletset1.jpg;
https://assets.myntassets.com/f_webp,dpr_2.2,q_60,w_210,c_limit,fl_progressive/assets/images/22902646/2023/4/26/9ffa1698-b78d-4a0c-aeaa-ecee58922bc01682492860156WomensGoldEmbellishedWatchwithBraceletset1.jpg;
https://assets.myntassets.com/f_webp,dpr_2.4,q_60,w_210,c_limit,fl_progressive/assets/images/22902646/2023/4/26/9ffa1698-b78d-4a0c-aeaa-ecee58922bc01682492860156WomensGoldEmbellishedWatchwithBraceletset1.jpg;
https://assets.myntassets.com/f_webp,dpr_2.6,q_60,w_210,c_limit,fl_progressive/assets/images/22902646/2023/4/26/9ffa1698-b78d-4a0c-aeaa-ecee58922bc01682492860156WomensGoldEmbellishedWatchwithBraceletset1.jpg;
https://assets.myntassets.com/f_webp,dpr_2.8,q_60,w_210,c_limit,fl_progressive/assets/images/22902646/2023/4/26/9ffa1698-b78d-4a0c-aeaa-ecee58922bc01682492860156WomensGoldEmbellishedWatchwithBraceletset1.jpg",5499,5499,0,0,0,Voylla,https://www.myntra.com/watch-gift-set/voylla/voylla-women-watch-with-bracelet-gift-set-8905124498714/22902646/buy
206,Women Watch Bracelet Gift Set,"https://assets.myntassets.com/f_webp,dpr_1.0,q_60,w_210,c_limit,fl_progressive/assets/images/22902642/2023/4/26/d897e967-491e-4c03-b4fa-9cb165a75d981682503078931WomensWhiteClassicRoundDialWatchwithBracelet1.jpg;
https://assets.myntassets.com/f_webp,dpr_1.8,q_60,w_210,c_limit,fl_progressive/assets/images/22902642/2023/4/26/d897e967-491e-4c03-b4fa-9cb165a75d981682503078931WomensWhiteClassicRoundDialWatchwithBracelet1.jpg;
https://assets.myntassets.com/f_webp,dpr_2.0,q_60,w_210,c_limit,fl_progressive/assets/images/22902642/2023/4/26/d897e967-491e-4c03-b4fa-9cb165a75d981682503078931WomensWhiteClassicRoundDialWatchwithBracelet1.jpg;
https://assets.myntassets.com/f_webp,dpr_2.2,q_60,w_210,c_limit,fl_progressive/assets/images/22902642/2023/4/26/d897e967-491e-4c03-b4fa-9cb165a75d981682503078931WomensWhiteClassicRoundDialWatchwithBracelet1.jpg;
https://assets.myntassets.com/f_webp,dpr_2.4,q_60,w_210,c_limit,fl_progressive/assets/images/22902642/2023/4/26/d897e967-491e-4c03-b4fa-9cb165a75d981682503078931WomensWhiteClassicRoundDialWatchwithBracelet1.jpg;
https://assets.myntassets.com/f_webp,dpr_2.6,q_60,w_210,c_limit,fl_progressive/assets/images/22902642/2023/4/26/d897e967-491e-4c03-b4fa-9cb165a75d981682503078931WomensWhiteClassicRoundDialWatchwithBracelet1.jpg;
https://assets.myntassets.com/f_webp,dpr_2.8,q_60,w_210,c_limit,fl_progressive/assets/images/22902642/2023/4/26/d897e967-491e-4c03-b4fa-9cb165a75d981682503078931WomensWhiteClassicRoundDialWatchwithBracelet1.jpg",3999,3999,0,0,0,Voylla,https://www.myntra.com/watch-gift-set/voylla/voylla-women-watch-with-bracelet-gift-set-8905124498653/22902642/buy
207,Women Watch Bracelet Gift Set,"https://assets.myntassets.com/f_webp,dpr_1.0,q_60,w_210,c_limit,fl_progressive/assets/images/22902640/2023/4/26/38803c8e-e393-40ec-bff1-9cd8ffa9826b1682495410288WomensGreenRoundDialWatchwithBracelet1.jpg;
https://assets.myntassets.com/f_webp,dpr_1.8,q_60,w_210,c_limit,fl_progressive/assets/images/22902640/2023/4/26/38803c8e-e393-40ec-bff1-9cd8ffa9826b1682495410288WomensGreenRoundDialWatchwithBracelet1.jpg;
https://assets.myntassets.com/f_webp,dpr_2.0,q_60,w_210,c_limit,fl_progressive/assets/images/22902640/2023/4/26/38803c8e-e393-40ec-bff1-9cd8ffa9826b1682495410288WomensGreenRoundDialWatchwithBracelet1.jpg;
https://assets.myntassets.com/f_webp,dpr_2.2,q_60,w_210,c_limit,fl_progressive/assets/images/22902640/2023/4/26/38803c8e-e393-40ec-bff1-9cd8ffa9826b1682495410288WomensGreenRoundDialWatchwithBracelet1.jpg;
https://assets.myntassets.com/f_webp,dpr_2.4,q_60,w_210,c_limit,fl_progressive/assets/images/22902640/2023/4/26/38803c8e-e393-40ec-bff1-9cd8ffa9826b1682495410288WomensGreenRoundDialWatchwithBracelet1.jpg;
https://assets.myntassets.com/f_webp,dpr_2.6,q_60,w_210,c_limit,fl_progressive/assets/images/22902640/2023/4/26/38803c8e-e393-40ec-bff1-9cd8ffa9826b1682495410288WomensGreenRoundDialWatchwithBracelet1.jpg;
https://assets.myntassets.com/f_webp,dpr_2.8,q_60,w_210,c_limit,fl_progressive/assets/images/22902640/2023/4/26/38803c8e-e393-40ec-bff1-9cd8ffa9826b1682495410288WomensGreenRoundDialWatchwithBracelet1.jpg",4549,4549,0,0,0,Voylla,https://www.myntra.com/watch-gift-set/voylla/voylla-women-watch-with-bracelet-gift-set-8905124498677/22902640/buy
208,Women Watch Bracelet Gift Set,"https://assets.myntassets.com/f_webp,dpr_1.0,q_60,w_210,c_limit,fl_progressive/assets/images/22902644/2023/4/26/9ab2e353-bb49-494d-9846-167539d749e61682493633207WomensWhiteRegularDialWatchwithBracelet1.jpg;
https://assets.myntassets.com/f_webp,dpr_1.8,q_60,w_210,c_limit,fl_progressive/assets/images/22902644/2023/4/26/9ab2e353-bb49-494d-9846-167539d749e61682493633207WomensWhiteRegularDialWatchwithBracelet1.jpg;
https://assets.myntassets.com/f_webp,dpr_2.0,q_60,w_210,c_limit,fl_progressive/assets/images/22902644/2023/4/26/9ab2e353-bb49-494d-9846-167539d749e61682493633207WomensWhiteRegularDialWatchwithBracelet1.jpg;
https://assets.myntassets.com/f_webp,dpr_2.2,q_60,w_210,c_limit,fl_progressive/assets/images/22902644/2023/4/26/9ab2e353-bb49-494d-9846-167539d749e61682493633207WomensWhiteRegularDialWatchwithBracelet1.jpg;
https://assets.myntassets.com/f_webp,dpr_2.4,q_60,w_210,c_limit,fl_progressive/assets/images/22902644/2023/4/26/9ab2e353-bb49-494d-9846-167539d749e61682493633207WomensWhiteRegularDialWatchwithBracelet1.jpg;
https://assets.myntassets.com/f_webp,dpr_2.6,q_60,w_210,c_limit,fl_progressive/assets/images/22902644/2023/4/26/9ab2e353-bb49-494d-9846-167539d749e61682493633207WomensWhiteRegularDialWatchwithBracelet1.jpg;
https://assets.myntassets.com/f_webp,dpr_2.8,q_60,w_210,c_limit,fl_progressive/assets/images/22902644/2023/4/26/9ab2e353-bb49-494d-9846-167539d749e61682493633207WomensWhiteRegularDialWatchwithBracelet1.jpg",4499,4499,0,0,0,Voylla,https://www.myntra.com/watch-gift-set/voylla/voylla-women-watch-with-bracelet-gift-set-8905124498646/22902644/buy
209,Cosmos BT Calling Smartwatch,"https://assets.myntassets.com/f_webp,dpr_1.0,q_60,w_210,c_limit,fl_progressive/assets/images/22890266/2023/4/27/4dce3c79-a8ab-4dda-be46-2cee19a73cbf1682588783633-pebble-Unisex-Smart-Watches-5371682588782884-1.jpg;
https://assets.myntassets.com/f_webp,dpr_1.8,q_60,w_210,c_limit,fl_progressive/assets/images/22890266/2023/4/27/4dce3c79-a8ab-4dda-be46-2cee19a73cbf1682588783633-pebble-Unisex-Smart-Watches-5371682588782884-1.jpg;
https://assets.myntassets.com/f_webp,dpr_2.0,q_60,w_210,c_limit,fl_progressive/assets/images/22890266/2023/4/27/4dce3c79-a8ab-4dda-be46-2cee19a73cbf1682588783633-pebble-Unisex-Smart-Watches-5371682588782884-1.jpg;
https://assets.myntassets.com/f_webp,dpr_2.2,q_60,w_210,c_limit,fl_progressive/assets/images/22890266/2023/4/27/4dce3c79-a8ab-4dda-be46-2cee19a73cbf1682588783633-pebble-Unisex-Smart-Watches-5371682588782884-1.jpg;
https://assets.myntassets.com/f_webp,dpr_2.4,q_60,w_210,c_limit,fl_progressive/assets/images/22890266/2023/4/27/4dce3c79-a8ab-4dda-be46-2cee19a73cbf1682588783633-pebble-Unisex-Smart-Watches-5371682588782884-1.jpg;
https://assets.myntassets.com/f_webp,dpr_2.6,q_60,w_210,c_limit,fl_progressive/assets/images/22890266/2023/4/27/4dce3c79-a8ab-4dda-be46-2cee19a73cbf1682588783633-pebble-Unisex-Smart-Watches-5371682588782884-1.jpg;
https://assets.myntassets.com/f_webp,dpr_2.8,q_60,w_210,c_limit,fl_progressive/assets/images/22890266/2023/4/27/4dce3c79-a8ab-4dda-be46-2cee19a73cbf1682588783633-pebble-Unisex-Smart-Watches-5371682588782884-1.jpg",2799,7499,0,0,4700,pebble,https://www.myntra.com/smart-watches/pebble/pebble-cosmos-bold-bt-calling-smartwatch-with-voice-assistance/22890266/buy
210,Cosmos BT Calling Smartwatch,"https://assets.myntassets.com/f_webp,dpr_1.0,q_60,w_210,c_limit,fl_progressive/assets/images/22890270/2023/4/27/c9913fc7-440f-4282-a801-6b74c582b8531682588802025-pebble-Unisex-Smart-Watches-7241682588801265-1.jpg;
https://assets.myntassets.com/f_webp,dpr_1.8,q_60,w_210,c_limit,fl_progressive/assets/images/22890270/2023/4/27/c9913fc7-440f-4282-a801-6b74c582b8531682588802025-pebble-Unisex-Smart-Watches-7241682588801265-1.jpg;
https://assets.myntassets.com/f_webp,dpr_2.0,q_60,w_210,c_limit,fl_progressive/assets/images/22890270/2023/4/27/c9913fc7-440f-4282-a801-6b74c582b8531682588802025-pebble-Unisex-Smart-Watches-7241682588801265-1.jpg;
https://assets.myntassets.com/f_webp,dpr_2.2,q_60,w_210,c_limit,fl_progressive/assets/images/22890270/2023/4/27/c9913fc7-440f-4282-a801-6b74c582b8531682588802025-pebble-Unisex-Smart-Watches-7241682588801265-1.jpg;
https://assets.myntassets.com/f_webp,dpr_2.4,q_60,w_210,c_limit,fl_progressive/assets/images/22890270/2023/4/27/c9913fc7-440f-4282-a801-6b74c582b8531682588802025-pebble-Unisex-Smart-Watches-7241682588801265-1.jpg;
https://assets.myntassets.com/f_webp,dpr_2.6,q_60,w_210,c_limit,fl_progressive/assets/images/22890270/2023/4/27/c9913fc7-440f-4282-a801-6b74c582b8531682588802025-pebble-Unisex-Smart-Watches-7241682588801265-1.jpg;
https://assets.myntassets.com/f_webp,dpr_2.8,q_60,w_210,c_limit,fl_progressive/assets/images/22890270/2023/4/27/c9913fc7-440f-4282-a801-6b74c582b8531682588802025-pebble-Unisex-Smart-Watches-7241682588801265-1.jpg",2799,7499,0,0,4700,pebble,https://www.myntra.com/smart-watches/pebble/pebble-cosmos-bold-bt-calling-smartwatch-with-voice-assistance/22890270/buy
211,Cosmos BT Calling Smartwatch,"https://assets.myntassets.com/f_webp,dpr_1.0,q_60,w_210,c_limit,fl_progressive/assets/images/22890268/2023/4/27/7f1c0aea-11aa-4240-8290-b6a29fc90a1c1682588794591-pebble-Unisex-Smart-Watches-5901682588793589-1.jpg;
https://assets.myntassets.com/f_webp,dpr_1.8,q_60,w_210,c_limit,fl_progressive/assets/images/22890268/2023/4/27/7f1c0aea-11aa-4240-8290-b6a29fc90a1c1682588794591-pebble-Unisex-Smart-Watches-5901682588793589-1.jpg;
https://assets.myntassets.com/f_webp,dpr_2.0,q_60,w_210,c_limit,fl_progressive/assets/images/22890268/2023/4/27/7f1c0aea-11aa-4240-8290-b6a29fc90a1c1682588794591-pebble-Unisex-Smart-Watches-5901682588793589-1.jpg;
https://assets.myntassets.com/f_webp,dpr_2.2,q_60,w_210,c_limit,fl_progressive/assets/images/22890268/2023/4/27/7f1c0aea-11aa-4240-8290-b6a29fc90a1c1682588794591-pebble-Unisex-Smart-Watches-5901682588793589-1.jpg;
https://assets.myntassets.com/f_webp,dpr_2.4,q_60,w_210,c_limit,fl_progressive/assets/images/22890268/2023/4/27/7f1c0aea-11aa-4240-8290-b6a29fc90a1c1682588794591-pebble-Unisex-Smart-Watches-5901682588793589-1.jpg;
https://assets.myntassets.com/f_webp,dpr_2.6,q_60,w_210,c_limit,fl_progressive/assets/images/22890268/2023/4/27/7f1c0aea-11aa-4240-8290-b6a29fc90a1c1682588794591-pebble-Unisex-Smart-Watches-5901682588793589-1.jpg;
https://assets.myntassets.com/f_webp,dpr_2.8,q_60,w_210,c_limit,fl_progressive/assets/images/22890268/2023/4/27/7f1c0aea-11aa-4240-8290-b6a29fc90a1c1682588794591-pebble-Unisex-Smart-Watches-5901682588793589-1.jpg",2799,7499,0,0,4700,pebble,https://www.myntra.com/smart-watches/pebble/pebble-cosmos-bold-bt-calling-smartwatch-with-voice-assistance/22890268/buy
212,Women Watch Bracelet Gift Set,"https://assets.myntassets.com/f_webp,dpr_1.0,q_60,w_210,c_limit,fl_progressive/assets/images/22902628/2023/4/26/5328c533-adf6-42b9-877c-c41272442cc01682492986826WomensGreenStrapWatchwithBracelet1.jpg;
https://assets.myntassets.com/f_webp,dpr_1.8,q_60,w_210,c_limit,fl_progressive/assets/images/22902628/2023/4/26/5328c533-adf6-42b9-877c-c41272442cc01682492986826WomensGreenStrapWatchwithBracelet1.jpg;
https://assets.myntassets.com/f_webp,dpr_2.0,q_60,w_210,c_limit,fl_progressive/assets/images/22902628/2023/4/26/5328c533-adf6-42b9-877c-c41272442cc01682492986826WomensGreenStrapWatchwithBracelet1.jpg;
https://assets.myntassets.com/f_webp,dpr_2.2,q_60,w_210,c_limit,fl_progressive/assets/images/22902628/2023/4/26/5328c533-adf6-42b9-877c-c41272442cc01682492986826WomensGreenStrapWatchwithBracelet1.jpg;
https://assets.myntassets.com/f_webp,dpr_2.4,q_60,w_210,c_limit,fl_progressive/assets/images/22902628/2023/4/26/5328c533-adf6-42b9-877c-c41272442cc01682492986826WomensGreenStrapWatchwithBracelet1.jpg;
https://assets.myntassets.com/f_webp,dpr_2.6,q_60,w_210,c_limit,fl_progressive/assets/images/22902628/2023/4/26/5328c533-adf6-42b9-877c-c41272442cc01682492986826WomensGreenStrapWatchwithBracelet1.jpg;
https://assets.myntassets.com/f_webp,dpr_2.8,q_60,w_210,c_limit,fl_progressive/assets/images/22902628/2023/4/26/5328c533-adf6-42b9-877c-c41272442cc01682492986826WomensGreenStrapWatchwithBracelet1.jpg",4699,4699,0,0,0,Voylla,https://www.myntra.com/watch-gift-set/voylla/voylla-women-watch-with-bracelet-gift-set-8905124498684/22902628/buy
213,Analogue Straps Watch,"https://assets.myntassets.com/f_webp,dpr_1.0,q_60,w_210,c_limit,fl_progressive/assets/images/22822980/2023/4/19/2a02ba75-56d9-4f47-8a85-0bd6671144631681913166363Watches1.jpg;
https://assets.myntassets.com/f_webp,dpr_1.8,q_60,w_210,c_limit,fl_progressive/assets/images/22822980/2023/4/19/2a02ba75-56d9-4f47-8a85-0bd6671144631681913166363Watches1.jpg;
https://assets.myntassets.com/f_webp,dpr_2.0,q_60,w_210,c_limit,fl_progressive/assets/images/22822980/2023/4/19/2a02ba75-56d9-4f47-8a85-0bd6671144631681913166363Watches1.jpg;
https://assets.myntassets.com/f_webp,dpr_2.2,q_60,w_210,c_limit,fl_progressive/assets/images/22822980/2023/4/19/2a02ba75-56d9-4f47-8a85-0bd6671144631681913166363Watches1.jpg;
https://assets.myntassets.com/f_webp,dpr_2.4,q_60,w_210,c_limit,fl_progressive/assets/images/22822980/2023/4/19/2a02ba75-56d9-4f47-8a85-0bd6671144631681913166363Watches1.jpg;
https://assets.myntassets.com/f_webp,dpr_2.6,q_60,w_210,c_limit,fl_progressive/assets/images/22822980/2023/4/19/2a02ba75-56d9-4f47-8a85-0bd6671144631681913166363Watches1.jpg;
https://assets.myntassets.com/f_webp,dpr_2.8,q_60,w_210,c_limit,fl_progressive/assets/images/22822980/2023/4/19/2a02ba75-56d9-4f47-8a85-0bd6671144631681913166363Watches1.jpg",599,3499,0,0,2900,CERO,https://www.myntra.com/watches/cero/cero-bracelet-style-straps-analogue-watch-m-ybely-squ--blacknew/22822980/buy
214,Printed Dial Analogue Watch,"https://assets.myntassets.com/f_webp,dpr_1.0,q_60,w_210,c_limit,fl_progressive/assets/images/22823042/2023/4/19/3ffb32f3-27db-4657-b4c7-0cbb0c4ab6461681913708338Watches1.jpg;
https://assets.myntassets.com/f_webp,dpr_1.8,q_60,w_210,c_limit,fl_progressive/assets/images/22823042/2023/4/19/3ffb32f3-27db-4657-b4c7-0cbb0c4ab6461681913708338Watches1.jpg;
https://assets.myntassets.com/f_webp,dpr_2.0,q_60,w_210,c_limit,fl_progressive/assets/images/22823042/2023/4/19/3ffb32f3-27db-4657-b4c7-0cbb0c4ab6461681913708338Watches1.jpg;
https://assets.myntassets.com/f_webp,dpr_2.2,q_60,w_210,c_limit,fl_progressive/assets/images/22823042/2023/4/19/3ffb32f3-27db-4657-b4c7-0cbb0c4ab6461681913708338Watches1.jpg;
https://assets.myntassets.com/f_webp,dpr_2.4,q_60,w_210,c_limit,fl_progressive/assets/images/22823042/2023/4/19/3ffb32f3-27db-4657-b4c7-0cbb0c4ab6461681913708338Watches1.jpg;
https://assets.myntassets.com/f_webp,dpr_2.6,q_60,w_210,c_limit,fl_progressive/assets/images/22823042/2023/4/19/3ffb32f3-27db-4657-b4c7-0cbb0c4ab6461681913708338Watches1.jpg;
https://assets.myntassets.com/f_webp,dpr_2.8,q_60,w_210,c_limit,fl_progressive/assets/images/22823042/2023/4/19/3ffb32f3-27db-4657-b4c7-0cbb0c4ab6461681913708338Watches1.jpg",599,3499,0,0,2900,CERO,https://www.myntra.com/watches/cero/cero-printed-dial--bracelet-style-straps-analogue-watch-ab211-w-map-metal-yellownew/22823042/buy
215,Women Bracelet Style Watch,"https://assets.myntassets.com/f_webp,dpr_1.0,q_60,w_210,c_limit,fl_progressive/assets/images/22791656/2023/4/15/8100b8ec-50b0-4080-b0eb-30ce95d02fbd1681561635357Giftsetconsistsof1watchand4BangleBracelet1.jpg;
https://assets.myntassets.com/f_webp,dpr_1.8,q_60,w_210,c_limit,fl_progressive/assets/images/22791656/2023/4/15/8100b8ec-50b0-4080-b0eb-30ce95d02fbd1681561635357Giftsetconsistsof1watchand4BangleBracelet1.jpg;
https://assets.myntassets.com/f_webp,dpr_2.0,q_60,w_210,c_limit,fl_progressive/assets/images/22791656/2023/4/15/8100b8ec-50b0-4080-b0eb-30ce95d02fbd1681561635357Giftsetconsistsof1watchand4BangleBracelet1.jpg;
https://assets.myntassets.com/f_webp,dpr_2.2,q_60,w_210,c_limit,fl_progressive/assets/images/22791656/2023/4/15/8100b8ec-50b0-4080-b0eb-30ce95d02fbd1681561635357Giftsetconsistsof1watchand4BangleBracelet1.jpg;
https://assets.myntassets.com/f_webp,dpr_2.4,q_60,w_210,c_limit,fl_progressive/assets/images/22791656/2023/4/15/8100b8ec-50b0-4080-b0eb-30ce95d02fbd1681561635357Giftsetconsistsof1watchand4BangleBracelet1.jpg;
https://assets.myntassets.com/f_webp,dpr_2.6,q_60,w_210,c_limit,fl_progressive/assets/images/22791656/2023/4/15/8100b8ec-50b0-4080-b0eb-30ce95d02fbd1681561635357Giftsetconsistsof1watchand4BangleBracelet1.jpg;
https://assets.myntassets.com/f_webp,dpr_2.8,q_60,w_210,c_limit,fl_progressive/assets/images/22791656/2023/4/15/8100b8ec-50b0-4080-b0eb-30ce95d02fbd1681561635357Giftsetconsistsof1watchand4BangleBracelet1.jpg",899,4495,0,0,80,Swiss Design,https://www.myntra.com/watches/swiss-design/swiss-design-women-brass-dial--bracelet-style-straps-analogue-watch-sdwj-set-65/22791656/buy
216,Stainless Steel Straps Watch,"https://assets.myntassets.com/f_webp,dpr_1.0,q_60,w_210,c_limit,fl_progressive/assets/images/22822978/2023/4/19/0e2a7a49-3654-4116-a805-26622002db211681908554356Watches1.jpg;
https://assets.myntassets.com/f_webp,dpr_1.8,q_60,w_210,c_limit,fl_progressive/assets/images/22822978/2023/4/19/0e2a7a49-3654-4116-a805-26622002db211681908554356Watches1.jpg;
https://assets.myntassets.com/f_webp,dpr_2.0,q_60,w_210,c_limit,fl_progressive/assets/images/22822978/2023/4/19/0e2a7a49-3654-4116-a805-26622002db211681908554356Watches1.jpg;
https://assets.myntassets.com/f_webp,dpr_2.2,q_60,w_210,c_limit,fl_progressive/assets/images/22822978/2023/4/19/0e2a7a49-3654-4116-a805-26622002db211681908554356Watches1.jpg;
https://assets.myntassets.com/f_webp,dpr_2.4,q_60,w_210,c_limit,fl_progressive/assets/images/22822978/2023/4/19/0e2a7a49-3654-4116-a805-26622002db211681908554356Watches1.jpg;
https://assets.myntassets.com/f_webp,dpr_2.6,q_60,w_210,c_limit,fl_progressive/assets/images/22822978/2023/4/19/0e2a7a49-3654-4116-a805-26622002db211681908554356Watches1.jpg;
https://assets.myntassets.com/f_webp,dpr_2.8,q_60,w_210,c_limit,fl_progressive/assets/images/22822978/2023/4/19/0e2a7a49-3654-4116-a805-26622002db211681908554356Watches1.jpg",599,3499,0,0,2900,CERO,https://www.myntra.com/watches/cero/cero-stainless-steel-bracelet-style-straps-analogue-watch-ab211-w-map-metal-greennew/22822978/buy
217,Women Analogue Watch,"https://assets.myntassets.com/f_webp,dpr_1.0,q_60,w_210,c_limit,fl_progressive/assets/images/22803258/2023/4/17/0b0c3eba-ff7e-4c0c-b14d-93601f811d461681742683278Watches1.jpg;
https://assets.myntassets.com/f_webp,dpr_1.8,q_60,w_210,c_limit,fl_progressive/assets/images/22803258/2023/4/17/0b0c3eba-ff7e-4c0c-b14d-93601f811d461681742683278Watches1.jpg;
https://assets.myntassets.com/f_webp,dpr_2.0,q_60,w_210,c_limit,fl_progressive/assets/images/22803258/2023/4/17/0b0c3eba-ff7e-4c0c-b14d-93601f811d461681742683278Watches1.jpg;
https://assets.myntassets.com/f_webp,dpr_2.2,q_60,w_210,c_limit,fl_progressive/assets/images/22803258/2023/4/17/0b0c3eba-ff7e-4c0c-b14d-93601f811d461681742683278Watches1.jpg;
https://assets.myntassets.com/f_webp,dpr_2.4,q_60,w_210,c_limit,fl_progressive/assets/images/22803258/2023/4/17/0b0c3eba-ff7e-4c0c-b14d-93601f811d461681742683278Watches1.jpg;
https://assets.myntassets.com/f_webp,dpr_2.6,q_60,w_210,c_limit,fl_progressive/assets/images/22803258/2023/4/17/0b0c3eba-ff7e-4c0c-b14d-93601f811d461681742683278Watches1.jpg;
https://assets.myntassets.com/f_webp,dpr_2.8,q_60,w_210,c_limit,fl_progressive/assets/images/22803258/2023/4/17/0b0c3eba-ff7e-4c0c-b14d-93601f811d461681742683278Watches1.jpg",813,2199,0,0,63,DressBerry,https://www.myntra.com/watches/dressberry/dressberry-women-bracelet-style-straps-analogue-watch-hobdb-115-sl/22803258/buy
218,Women Leather Straps Watch,"https://assets.myntassets.com/f_webp,dpr_1.0,q_60,w_210,c_limit,fl_progressive/assets/images/22881410/2023/4/24/dd8ed9c5-bb53-4d27-a046-8dd82d539e921682337947595KillerWomenBrassDialLeatherTexturedStrapsAnalogueWatchKLFO361.jpg;
https://assets.myntassets.com/f_webp,dpr_1.8,q_60,w_210,c_limit,fl_progressive/assets/images/22881410/2023/4/24/dd8ed9c5-bb53-4d27-a046-8dd82d539e921682337947595KillerWomenBrassDialLeatherTexturedStrapsAnalogueWatchKLFO361.jpg;
https://assets.myntassets.com/f_webp,dpr_2.0,q_60,w_210,c_limit,fl_progressive/assets/images/22881410/2023/4/24/dd8ed9c5-bb53-4d27-a046-8dd82d539e921682337947595KillerWomenBrassDialLeatherTexturedStrapsAnalogueWatchKLFO361.jpg;
https://assets.myntassets.com/f_webp,dpr_2.2,q_60,w_210,c_limit,fl_progressive/assets/images/22881410/2023/4/24/dd8ed9c5-bb53-4d27-a046-8dd82d539e921682337947595KillerWomenBrassDialLeatherTexturedStrapsAnalogueWatchKLFO361.jpg;
https://assets.myntassets.com/f_webp,dpr_2.4,q_60,w_210,c_limit,fl_progressive/assets/images/22881410/2023/4/24/dd8ed9c5-bb53-4d27-a046-8dd82d539e921682337947595KillerWomenBrassDialLeatherTexturedStrapsAnalogueWatchKLFO361.jpg;
https://assets.myntassets.com/f_webp,dpr_2.6,q_60,w_210,c_limit,fl_progressive/assets/images/22881410/2023/4/24/dd8ed9c5-bb53-4d27-a046-8dd82d539e921682337947595KillerWomenBrassDialLeatherTexturedStrapsAnalogueWatchKLFO361.jpg;
https://assets.myntassets.com/f_webp,dpr_2.8,q_60,w_210,c_limit,fl_progressive/assets/images/22881410/2023/4/24/dd8ed9c5-bb53-4d27-a046-8dd82d539e921682337947595KillerWomenBrassDialLeatherTexturedStrapsAnalogueWatchKLFO361.jpg",643,2299,0,0,72,Killer,https://www.myntra.com/watches/killer/killer-women-brass-dial--leather-textured-straps-analogue-watch-klfo36a/22881410/buy
219,Stainless Steel Straps Watch,"https://assets.myntassets.com/f_webp,dpr_1.0,q_60,w_210,c_limit,fl_progressive/assets/images/22822988/2023/4/19/3f99ba3e-bd5b-4bb5-b481-720798a056da1681910285609Watches1.jpg;
https://assets.myntassets.com/f_webp,dpr_1.8,q_60,w_210,c_limit,fl_progressive/assets/images/22822988/2023/4/19/3f99ba3e-bd5b-4bb5-b481-720798a056da1681910285609Watches1.jpg;
https://assets.myntassets.com/f_webp,dpr_2.0,q_60,w_210,c_limit,fl_progressive/assets/images/22822988/2023/4/19/3f99ba3e-bd5b-4bb5-b481-720798a056da1681910285609Watches1.jpg;
https://assets.myntassets.com/f_webp,dpr_2.2,q_60,w_210,c_limit,fl_progressive/assets/images/22822988/2023/4/19/3f99ba3e-bd5b-4bb5-b481-720798a056da1681910285609Watches1.jpg;
https://assets.myntassets.com/f_webp,dpr_2.4,q_60,w_210,c_limit,fl_progressive/assets/images/22822988/2023/4/19/3f99ba3e-bd5b-4bb5-b481-720798a056da1681910285609Watches1.jpg;
https://assets.myntassets.com/f_webp,dpr_2.6,q_60,w_210,c_limit,fl_progressive/assets/images/22822988/2023/4/19/3f99ba3e-bd5b-4bb5-b481-720798a056da1681910285609Watches1.jpg;
https://assets.myntassets.com/f_webp,dpr_2.8,q_60,w_210,c_limit,fl_progressive/assets/images/22822988/2023/4/19/3f99ba3e-bd5b-4bb5-b481-720798a056da1681910285609Watches1.jpg",599,3499,0,0,2900,CERO,https://www.myntra.com/watches/cero/cero-stainless-steel-bracelet-style-straps-analogue-watch-ab212-dd-black-metalnew/22822988/buy
220,Women Stainless Steel Straps Watch,"https://assets.myntassets.com/f_webp,dpr_1.0,q_60,w_210,c_limit,fl_progressive/assets/images/22867728/2023/4/22/314052ed-fa33-4091-9eb8-43469d24c0651682169179029WomenmettalicRoseGoldwatch1.jpg;
https://assets.myntassets.com/f_webp,dpr_1.8,q_60,w_210,c_limit,fl_progressive/assets/images/22867728/2023/4/22/314052ed-fa33-4091-9eb8-43469d24c0651682169179029WomenmettalicRoseGoldwatch1.jpg;
https://assets.myntassets.com/f_webp,dpr_2.0,q_60,w_210,c_limit,fl_progressive/assets/images/22867728/2023/4/22/314052ed-fa33-4091-9eb8-43469d24c0651682169179029WomenmettalicRoseGoldwatch1.jpg;
https://assets.myntassets.com/f_webp,dpr_2.2,q_60,w_210,c_limit,fl_progressive/assets/images/22867728/2023/4/22/314052ed-fa33-4091-9eb8-43469d24c0651682169179029WomenmettalicRoseGoldwatch1.jpg;
https://assets.myntassets.com/f_webp,dpr_2.4,q_60,w_210,c_limit,fl_progressive/assets/images/22867728/2023/4/22/314052ed-fa33-4091-9eb8-43469d24c0651682169179029WomenmettalicRoseGoldwatch1.jpg;
https://assets.myntassets.com/f_webp,dpr_2.6,q_60,w_210,c_limit,fl_progressive/assets/images/22867728/2023/4/22/314052ed-fa33-4091-9eb8-43469d24c0651682169179029WomenmettalicRoseGoldwatch1.jpg;
https://assets.myntassets.com/f_webp,dpr_2.8,q_60,w_210,c_limit,fl_progressive/assets/images/22867728/2023/4/22/314052ed-fa33-4091-9eb8-43469d24c0651682169179029WomenmettalicRoseGoldwatch1.jpg",499,2199,0,0,1700,WATCHSTAR,https://www.myntra.com/watches/watchstar/watchstar-women-stainless-steel-bracelet-style-straps-watch-mate-copper/22867728/buy
221,Pack Of 2 Analogue Watch,"https://assets.myntassets.com/f_webp,dpr_1.0,q_60,w_210,c_limit,fl_progressive/assets/images/22822968/2023/4/19/96d8be0d-c8a2-4b08-a83c-30edbec7f5391681910620527Watches1.jpg;
https://assets.myntassets.com/f_webp,dpr_1.8,q_60,w_210,c_limit,fl_progressive/assets/images/22822968/2023/4/19/96d8be0d-c8a2-4b08-a83c-30edbec7f5391681910620527Watches1.jpg;
https://assets.myntassets.com/f_webp,dpr_2.0,q_60,w_210,c_limit,fl_progressive/assets/images/22822968/2023/4/19/96d8be0d-c8a2-4b08-a83c-30edbec7f5391681910620527Watches1.jpg;
https://assets.myntassets.com/f_webp,dpr_2.2,q_60,w_210,c_limit,fl_progressive/assets/images/22822968/2023/4/19/96d8be0d-c8a2-4b08-a83c-30edbec7f5391681910620527Watches1.jpg;
https://assets.myntassets.com/f_webp,dpr_2.4,q_60,w_210,c_limit,fl_progressive/assets/images/22822968/2023/4/19/96d8be0d-c8a2-4b08-a83c-30edbec7f5391681910620527Watches1.jpg;
https://assets.myntassets.com/f_webp,dpr_2.6,q_60,w_210,c_limit,fl_progressive/assets/images/22822968/2023/4/19/96d8be0d-c8a2-4b08-a83c-30edbec7f5391681910620527Watches1.jpg;
https://assets.myntassets.com/f_webp,dpr_2.8,q_60,w_210,c_limit,fl_progressive/assets/images/22822968/2023/4/19/96d8be0d-c8a2-4b08-a83c-30edbec7f5391681910620527Watches1.jpg",599,3499,0,0,2900,CERO,https://www.myntra.com/watches/cero/cero-pack-of-2-stainless-steel-analogue-watch-com2-cho-248-blue-pinknew/22822968/buy
222,Women Stainless Steel Straps Watch,"https://assets.myntassets.com/f_webp,dpr_1.0,q_60,w_210,c_limit,fl_progressive/assets/images/22867736/2023/4/22/2e326bd1-beba-450a-8f3c-7dae0871e9041682168133165WomenBlackwatchforalloccasion1.jpg;
https://assets.myntassets.com/f_webp,dpr_1.8,q_60,w_210,c_limit,fl_progressive/assets/images/22867736/2023/4/22/2e326bd1-beba-450a-8f3c-7dae0871e9041682168133165WomenBlackwatchforalloccasion1.jpg;
https://assets.myntassets.com/f_webp,dpr_2.0,q_60,w_210,c_limit,fl_progressive/assets/images/22867736/2023/4/22/2e326bd1-beba-450a-8f3c-7dae0871e9041682168133165WomenBlackwatchforalloccasion1.jpg;
https://assets.myntassets.com/f_webp,dpr_2.2,q_60,w_210,c_limit,fl_progressive/assets/images/22867736/2023/4/22/2e326bd1-beba-450a-8f3c-7dae0871e9041682168133165WomenBlackwatchforalloccasion1.jpg;
https://assets.myntassets.com/f_webp,dpr_2.4,q_60,w_210,c_limit,fl_progressive/assets/images/22867736/2023/4/22/2e326bd1-beba-450a-8f3c-7dae0871e9041682168133165WomenBlackwatchforalloccasion1.jpg;
https://assets.myntassets.com/f_webp,dpr_2.6,q_60,w_210,c_limit,fl_progressive/assets/images/22867736/2023/4/22/2e326bd1-beba-450a-8f3c-7dae0871e9041682168133165WomenBlackwatchforalloccasion1.jpg;
https://assets.myntassets.com/f_webp,dpr_2.8,q_60,w_210,c_limit,fl_progressive/assets/images/22867736/2023/4/22/2e326bd1-beba-450a-8f3c-7dae0871e9041682168133165WomenBlackwatchforalloccasion1.jpg",499,2199,0,0,1700,WATCHSTAR,https://www.myntra.com/watches/watchstar/watchstar-women-stainless-steel-bracelet-style-straps-analogue-watch-mate-black/22867736/buy
223,Women Stainless Steel Straps Watch,"https://assets.myntassets.com/f_webp,dpr_1.0,q_60,w_210,c_limit,fl_progressive/assets/images/22867716/2023/4/22/662027fb-a238-47cf-9a2d-59883781f15e1682168352823WomenmettalicGoldwatch1.jpg;
https://assets.myntassets.com/f_webp,dpr_1.8,q_60,w_210,c_limit,fl_progressive/assets/images/22867716/2023/4/22/662027fb-a238-47cf-9a2d-59883781f15e1682168352823WomenmettalicGoldwatch1.jpg;
https://assets.myntassets.com/f_webp,dpr_2.0,q_60,w_210,c_limit,fl_progressive/assets/images/22867716/2023/4/22/662027fb-a238-47cf-9a2d-59883781f15e1682168352823WomenmettalicGoldwatch1.jpg;
https://assets.myntassets.com/f_webp,dpr_2.2,q_60,w_210,c_limit,fl_progressive/assets/images/22867716/2023/4/22/662027fb-a238-47cf-9a2d-59883781f15e1682168352823WomenmettalicGoldwatch1.jpg;
https://assets.myntassets.com/f_webp,dpr_2.4,q_60,w_210,c_limit,fl_progressive/assets/images/22867716/2023/4/22/662027fb-a238-47cf-9a2d-59883781f15e1682168352823WomenmettalicGoldwatch1.jpg;
https://assets.myntassets.com/f_webp,dpr_2.6,q_60,w_210,c_limit,fl_progressive/assets/images/22867716/2023/4/22/662027fb-a238-47cf-9a2d-59883781f15e1682168352823WomenmettalicGoldwatch1.jpg;
https://assets.myntassets.com/f_webp,dpr_2.8,q_60,w_210,c_limit,fl_progressive/assets/images/22867716/2023/4/22/662027fb-a238-47cf-9a2d-59883781f15e1682168352823WomenmettalicGoldwatch1.jpg",499,2199,0,0,1700,WATCHSTAR,https://www.myntra.com/watches/watchstar/watchstar-women-stainless-steel-bracelet-style-straps-analogue-watch-mate-gold/22867716/buy
224,Set Of 2 Analogue Straps Watch,"https://assets.myntassets.com/f_webp,dpr_1.0,q_60,w_210,c_limit,fl_progressive/assets/images/22822998/2023/4/19/87aa33e8-a00b-4752-bab7-18f7ba53ebdd1681908179267Watches1.jpg;
https://assets.myntassets.com/f_webp,dpr_1.8,q_60,w_210,c_limit,fl_progressive/assets/images/22822998/2023/4/19/87aa33e8-a00b-4752-bab7-18f7ba53ebdd1681908179267Watches1.jpg;
https://assets.myntassets.com/f_webp,dpr_2.0,q_60,w_210,c_limit,fl_progressive/assets/images/22822998/2023/4/19/87aa33e8-a00b-4752-bab7-18f7ba53ebdd1681908179267Watches1.jpg;
https://assets.myntassets.com/f_webp,dpr_2.2,q_60,w_210,c_limit,fl_progressive/assets/images/22822998/2023/4/19/87aa33e8-a00b-4752-bab7-18f7ba53ebdd1681908179267Watches1.jpg;
https://assets.myntassets.com/f_webp,dpr_2.4,q_60,w_210,c_limit,fl_progressive/assets/images/22822998/2023/4/19/87aa33e8-a00b-4752-bab7-18f7ba53ebdd1681908179267Watches1.jpg;
https://assets.myntassets.com/f_webp,dpr_2.6,q_60,w_210,c_limit,fl_progressive/assets/images/22822998/2023/4/19/87aa33e8-a00b-4752-bab7-18f7ba53ebdd1681908179267Watches1.jpg;
https://assets.myntassets.com/f_webp,dpr_2.8,q_60,w_210,c_limit,fl_progressive/assets/images/22822998/2023/4/19/87aa33e8-a00b-4752-bab7-18f7ba53ebdd1681908179267Watches1.jpg",599,3499,0,0,2900,CERO,https://www.myntra.com/watches/cero/cero-set-of-2-straps-analogue-watch-com2-248-239-pinknew/22822998/buy
225,Women Leather Straps Watch,"https://assets.myntassets.com/f_webp,dpr_1.0,q_60,w_210,c_limit,fl_progressive/assets/images/22881408/2023/4/24/11926882-12a9-4172-bb79-95cf4237a5a61682337124851KillerWomenBrassPrintedDialLeatherBraceletStyleStrapsDigital1.jpg;
https://assets.myntassets.com/f_webp,dpr_1.8,q_60,w_210,c_limit,fl_progressive/assets/images/22881408/2023/4/24/11926882-12a9-4172-bb79-95cf4237a5a61682337124851KillerWomenBrassPrintedDialLeatherBraceletStyleStrapsDigital1.jpg;
https://assets.myntassets.com/f_webp,dpr_2.0,q_60,w_210,c_limit,fl_progressive/assets/images/22881408/2023/4/24/11926882-12a9-4172-bb79-95cf4237a5a61682337124851KillerWomenBrassPrintedDialLeatherBraceletStyleStrapsDigital1.jpg;
https://assets.myntassets.com/f_webp,dpr_2.2,q_60,w_210,c_limit,fl_progressive/assets/images/22881408/2023/4/24/11926882-12a9-4172-bb79-95cf4237a5a61682337124851KillerWomenBrassPrintedDialLeatherBraceletStyleStrapsDigital1.jpg;
https://assets.myntassets.com/f_webp,dpr_2.4,q_60,w_210,c_limit,fl_progressive/assets/images/22881408/2023/4/24/11926882-12a9-4172-bb79-95cf4237a5a61682337124851KillerWomenBrassPrintedDialLeatherBraceletStyleStrapsDigital1.jpg;
https://assets.myntassets.com/f_webp,dpr_2.6,q_60,w_210,c_limit,fl_progressive/assets/images/22881408/2023/4/24/11926882-12a9-4172-bb79-95cf4237a5a61682337124851KillerWomenBrassPrintedDialLeatherBraceletStyleStrapsDigital1.jpg;
https://assets.myntassets.com/f_webp,dpr_2.8,q_60,w_210,c_limit,fl_progressive/assets/images/22881408/2023/4/24/11926882-12a9-4172-bb79-95cf4237a5a61682337124851KillerWomenBrassPrintedDialLeatherBraceletStyleStrapsDigital1.jpg",874,3499,0,0,75,Killer,https://www.myntra.com/watches/killer/killer-women-brass-printed-dial--leather-bracelet-style-straps-digital-watch-klw539d/22881408/buy
226,Rubber Straps Analogue Watch,"https://assets.myntassets.com/f_webp,dpr_1.0,q_60,w_210,c_limit,fl_progressive/assets/images/22823036/2023/4/19/a537cd4c-035f-4072-a204-3e6a0fcc4dfc1681910676438Watches1.jpg;
https://assets.myntassets.com/f_webp,dpr_1.8,q_60,w_210,c_limit,fl_progressive/assets/images/22823036/2023/4/19/a537cd4c-035f-4072-a204-3e6a0fcc4dfc1681910676438Watches1.jpg;
https://assets.myntassets.com/f_webp,dpr_2.0,q_60,w_210,c_limit,fl_progressive/assets/images/22823036/2023/4/19/a537cd4c-035f-4072-a204-3e6a0fcc4dfc1681910676438Watches1.jpg;
https://assets.myntassets.com/f_webp,dpr_2.2,q_60,w_210,c_limit,fl_progressive/assets/images/22823036/2023/4/19/a537cd4c-035f-4072-a204-3e6a0fcc4dfc1681910676438Watches1.jpg;
https://assets.myntassets.com/f_webp,dpr_2.4,q_60,w_210,c_limit,fl_progressive/assets/images/22823036/2023/4/19/a537cd4c-035f-4072-a204-3e6a0fcc4dfc1681910676438Watches1.jpg;
https://assets.myntassets.com/f_webp,dpr_2.6,q_60,w_210,c_limit,fl_progressive/assets/images/22823036/2023/4/19/a537cd4c-035f-4072-a204-3e6a0fcc4dfc1681910676438Watches1.jpg;
https://assets.myntassets.com/f_webp,dpr_2.8,q_60,w_210,c_limit,fl_progressive/assets/images/22823036/2023/4/19/a537cd4c-035f-4072-a204-3e6a0fcc4dfc1681910676438Watches1.jpg",599,3499,0,0,2900,CERO,https://www.myntra.com/watches/cero/cero-rubber-straps-analogue-watch-m-ybely-squ--greennew/22823036/buy
227,Women Leather Strap Watch,"https://assets.myntassets.com/f_webp,dpr_1.0,q_60,w_210,c_limit,fl_progressive/assets/images/22881414/2023/4/24/59257aae-27cf-4a62-90a5-7ad01fb33e0d1682346287702KillerWomenBrassDialLeatherTexturedStrapsAnalogueWatchKLW5241.jpg;
https://assets.myntassets.com/f_webp,dpr_1.8,q_60,w_210,c_limit,fl_progressive/assets/images/22881414/2023/4/24/59257aae-27cf-4a62-90a5-7ad01fb33e0d1682346287702KillerWomenBrassDialLeatherTexturedStrapsAnalogueWatchKLW5241.jpg;
https://assets.myntassets.com/f_webp,dpr_2.0,q_60,w_210,c_limit,fl_progressive/assets/images/22881414/2023/4/24/59257aae-27cf-4a62-90a5-7ad01fb33e0d1682346287702KillerWomenBrassDialLeatherTexturedStrapsAnalogueWatchKLW5241.jpg;
https://assets.myntassets.com/f_webp,dpr_2.2,q_60,w_210,c_limit,fl_progressive/assets/images/22881414/2023/4/24/59257aae-27cf-4a62-90a5-7ad01fb33e0d1682346287702KillerWomenBrassDialLeatherTexturedStrapsAnalogueWatchKLW5241.jpg;
https://assets.myntassets.com/f_webp,dpr_2.4,q_60,w_210,c_limit,fl_progressive/assets/images/22881414/2023/4/24/59257aae-27cf-4a62-90a5-7ad01fb33e0d1682346287702KillerWomenBrassDialLeatherTexturedStrapsAnalogueWatchKLW5241.jpg;
https://assets.myntassets.com/f_webp,dpr_2.6,q_60,w_210,c_limit,fl_progressive/assets/images/22881414/2023/4/24/59257aae-27cf-4a62-90a5-7ad01fb33e0d1682346287702KillerWomenBrassDialLeatherTexturedStrapsAnalogueWatchKLW5241.jpg;
https://assets.myntassets.com/f_webp,dpr_2.8,q_60,w_210,c_limit,fl_progressive/assets/images/22881414/2023/4/24/59257aae-27cf-4a62-90a5-7ad01fb33e0d1682346287702KillerWomenBrassDialLeatherTexturedStrapsAnalogueWatchKLW5241.jpg",699,2499,0,0,72,Killer,https://www.myntra.com/watches/killer/killer-women-brass-dial--leather-textured-strap-analogue-watch-klw524b/22881414/buy
228,Women Stainless Steel Watch,"https://assets.myntassets.com/f_webp,dpr_1.0,q_60,w_210,c_limit,fl_progressive/assets/images/22867722/2023/4/24/6aa68c92-7708-4e84-ac72-76d311103e961682308786858WATCHSTARWomenGreenEmbellishedDialGreenStainlessSteelStrapsA1.jpg;
https://assets.myntassets.com/f_webp,dpr_1.8,q_60,w_210,c_limit,fl_progressive/assets/images/22867722/2023/4/24/6aa68c92-7708-4e84-ac72-76d311103e961682308786858WATCHSTARWomenGreenEmbellishedDialGreenStainlessSteelStrapsA1.jpg;
https://assets.myntassets.com/f_webp,dpr_2.0,q_60,w_210,c_limit,fl_progressive/assets/images/22867722/2023/4/24/6aa68c92-7708-4e84-ac72-76d311103e961682308786858WATCHSTARWomenGreenEmbellishedDialGreenStainlessSteelStrapsA1.jpg;
https://assets.myntassets.com/f_webp,dpr_2.2,q_60,w_210,c_limit,fl_progressive/assets/images/22867722/2023/4/24/6aa68c92-7708-4e84-ac72-76d311103e961682308786858WATCHSTARWomenGreenEmbellishedDialGreenStainlessSteelStrapsA1.jpg;
https://assets.myntassets.com/f_webp,dpr_2.4,q_60,w_210,c_limit,fl_progressive/assets/images/22867722/2023/4/24/6aa68c92-7708-4e84-ac72-76d311103e961682308786858WATCHSTARWomenGreenEmbellishedDialGreenStainlessSteelStrapsA1.jpg;
https://assets.myntassets.com/f_webp,dpr_2.6,q_60,w_210,c_limit,fl_progressive/assets/images/22867722/2023/4/24/6aa68c92-7708-4e84-ac72-76d311103e961682308786858WATCHSTARWomenGreenEmbellishedDialGreenStainlessSteelStrapsA1.jpg;
https://assets.myntassets.com/f_webp,dpr_2.8,q_60,w_210,c_limit,fl_progressive/assets/images/22867722/2023/4/24/6aa68c92-7708-4e84-ac72-76d311103e961682308786858WATCHSTARWomenGreenEmbellishedDialGreenStainlessSteelStrapsA1.jpg",499,2199,0,0,1700,WATCHSTAR,https://www.myntra.com/watches/watchstar/watchstar-women-green-embellished-dial--green-stainless-steel-analogue-watch-mate-green/22867722/buy
229,Stainless Steel Straps Watch,"https://assets.myntassets.com/f_webp,dpr_1.0,q_60,w_210,c_limit,fl_progressive/assets/images/22822958/2023/4/19/4577cee7-9211-4694-ad8e-3f3b6bad6eaf1681908541562Watches1.jpg;
https://assets.myntassets.com/f_webp,dpr_1.8,q_60,w_210,c_limit,fl_progressive/assets/images/22822958/2023/4/19/4577cee7-9211-4694-ad8e-3f3b6bad6eaf1681908541562Watches1.jpg;
https://assets.myntassets.com/f_webp,dpr_2.0,q_60,w_210,c_limit,fl_progressive/assets/images/22822958/2023/4/19/4577cee7-9211-4694-ad8e-3f3b6bad6eaf1681908541562Watches1.jpg;
https://assets.myntassets.com/f_webp,dpr_2.2,q_60,w_210,c_limit,fl_progressive/assets/images/22822958/2023/4/19/4577cee7-9211-4694-ad8e-3f3b6bad6eaf1681908541562Watches1.jpg;
https://assets.myntassets.com/f_webp,dpr_2.4,q_60,w_210,c_limit,fl_progressive/assets/images/22822958/2023/4/19/4577cee7-9211-4694-ad8e-3f3b6bad6eaf1681908541562Watches1.jpg;
https://assets.myntassets.com/f_webp,dpr_2.6,q_60,w_210,c_limit,fl_progressive/assets/images/22822958/2023/4/19/4577cee7-9211-4694-ad8e-3f3b6bad6eaf1681908541562Watches1.jpg;
https://assets.myntassets.com/f_webp,dpr_2.8,q_60,w_210,c_limit,fl_progressive/assets/images/22822958/2023/4/19/4577cee7-9211-4694-ad8e-3f3b6bad6eaf1681908541562Watches1.jpg",599,3499,0,0,2900,CERO,https://www.myntra.com/watches/cero/cero-stainless-steel-straps-analogue-watch-m-248-sl-pinknew/22822958/buy
230,Pack Of 2 Analogue Watch,"https://assets.myntassets.com/f_webp,dpr_1.0,q_60,w_210,c_limit,fl_progressive/assets/images/22822956/2023/4/19/09dfabb6-ed9a-4fdc-a936-fe70751395391681908153697Watches1.jpg;
https://assets.myntassets.com/f_webp,dpr_1.8,q_60,w_210,c_limit,fl_progressive/assets/images/22822956/2023/4/19/09dfabb6-ed9a-4fdc-a936-fe70751395391681908153697Watches1.jpg;
https://assets.myntassets.com/f_webp,dpr_2.0,q_60,w_210,c_limit,fl_progressive/assets/images/22822956/2023/4/19/09dfabb6-ed9a-4fdc-a936-fe70751395391681908153697Watches1.jpg;
https://assets.myntassets.com/f_webp,dpr_2.2,q_60,w_210,c_limit,fl_progressive/assets/images/22822956/2023/4/19/09dfabb6-ed9a-4fdc-a936-fe70751395391681908153697Watches1.jpg;
https://assets.myntassets.com/f_webp,dpr_2.4,q_60,w_210,c_limit,fl_progressive/assets/images/22822956/2023/4/19/09dfabb6-ed9a-4fdc-a936-fe70751395391681908153697Watches1.jpg;
https://assets.myntassets.com/f_webp,dpr_2.6,q_60,w_210,c_limit,fl_progressive/assets/images/22822956/2023/4/19/09dfabb6-ed9a-4fdc-a936-fe70751395391681908153697Watches1.jpg;
https://assets.myntassets.com/f_webp,dpr_2.8,q_60,w_210,c_limit,fl_progressive/assets/images/22822956/2023/4/19/09dfabb6-ed9a-4fdc-a936-fe70751395391681908153697Watches1.jpg",599,3499,0,0,2900,CERO,https://www.myntra.com/watches/cero/cero-pack-of-2-bracelet-style-straps-analogue-watch-com2-cho-248-black-bluenew/22822956/buy
231,Women Stainless Steel Straps Watch,"https://assets.myntassets.com/f_webp,dpr_1.0,q_60,w_210,c_limit,fl_progressive/assets/images/22867714/2023/4/22/eba93eeb-7345-48c2-83be-ce8ef730e55e1682167733020WomensuniqueGoldBrownmetalstrapanalogwomneswatch1.jpg;
https://assets.myntassets.com/f_webp,dpr_1.8,q_60,w_210,c_limit,fl_progressive/assets/images/22867714/2023/4/22/eba93eeb-7345-48c2-83be-ce8ef730e55e1682167733020WomensuniqueGoldBrownmetalstrapanalogwomneswatch1.jpg;
https://assets.myntassets.com/f_webp,dpr_2.0,q_60,w_210,c_limit,fl_progressive/assets/images/22867714/2023/4/22/eba93eeb-7345-48c2-83be-ce8ef730e55e1682167733020WomensuniqueGoldBrownmetalstrapanalogwomneswatch1.jpg;
https://assets.myntassets.com/f_webp,dpr_2.2,q_60,w_210,c_limit,fl_progressive/assets/images/22867714/2023/4/22/eba93eeb-7345-48c2-83be-ce8ef730e55e1682167733020WomensuniqueGoldBrownmetalstrapanalogwomneswatch1.jpg;
https://assets.myntassets.com/f_webp,dpr_2.4,q_60,w_210,c_limit,fl_progressive/assets/images/22867714/2023/4/22/eba93eeb-7345-48c2-83be-ce8ef730e55e1682167733020WomensuniqueGoldBrownmetalstrapanalogwomneswatch1.jpg;
https://assets.myntassets.com/f_webp,dpr_2.6,q_60,w_210,c_limit,fl_progressive/assets/images/22867714/2023/4/22/eba93eeb-7345-48c2-83be-ce8ef730e55e1682167733020WomensuniqueGoldBrownmetalstrapanalogwomneswatch1.jpg;
https://assets.myntassets.com/f_webp,dpr_2.8,q_60,w_210,c_limit,fl_progressive/assets/images/22867714/2023/4/22/eba93eeb-7345-48c2-83be-ce8ef730e55e1682167733020WomensuniqueGoldBrownmetalstrapanalogwomneswatch1.jpg",499,2199,0,0,1700,WATCHSTAR,https://www.myntra.com/watches/watchstar/watchstar-women-stainless-steel-straps-analogue-watch-swiss-gold/22867714/buy
232,Women Bracelet Style Watch,"https://assets.myntassets.com/f_webp,dpr_1.0,q_60,w_210,c_limit,fl_progressive/assets/images/22791532/2023/4/15/fcbb8efa-88ed-4fc7-a4fa-0d9daa019dd41681573228665Giftsetconsistsof1watchand4BangleBracelet1.jpg;
https://assets.myntassets.com/f_webp,dpr_1.8,q_60,w_210,c_limit,fl_progressive/assets/images/22791532/2023/4/15/fcbb8efa-88ed-4fc7-a4fa-0d9daa019dd41681573228665Giftsetconsistsof1watchand4BangleBracelet1.jpg;
https://assets.myntassets.com/f_webp,dpr_2.0,q_60,w_210,c_limit,fl_progressive/assets/images/22791532/2023/4/15/fcbb8efa-88ed-4fc7-a4fa-0d9daa019dd41681573228665Giftsetconsistsof1watchand4BangleBracelet1.jpg;
https://assets.myntassets.com/f_webp,dpr_2.2,q_60,w_210,c_limit,fl_progressive/assets/images/22791532/2023/4/15/fcbb8efa-88ed-4fc7-a4fa-0d9daa019dd41681573228665Giftsetconsistsof1watchand4BangleBracelet1.jpg;
https://assets.myntassets.com/f_webp,dpr_2.4,q_60,w_210,c_limit,fl_progressive/assets/images/22791532/2023/4/15/fcbb8efa-88ed-4fc7-a4fa-0d9daa019dd41681573228665Giftsetconsistsof1watchand4BangleBracelet1.jpg;
https://assets.myntassets.com/f_webp,dpr_2.6,q_60,w_210,c_limit,fl_progressive/assets/images/22791532/2023/4/15/fcbb8efa-88ed-4fc7-a4fa-0d9daa019dd41681573228665Giftsetconsistsof1watchand4BangleBracelet1.jpg;
https://assets.myntassets.com/f_webp,dpr_2.8,q_60,w_210,c_limit,fl_progressive/assets/images/22791532/2023/4/15/fcbb8efa-88ed-4fc7-a4fa-0d9daa019dd41681573228665Giftsetconsistsof1watchand4BangleBracelet1.jpg",899,4495,0,0,80,Swiss Design,https://www.myntra.com/watches/swiss-design/swiss-design-women-brass-dial--bracelet-style-straps-analogue-watch-sdwj-set-71/22791532/buy
233,Stainless Steel Straps Watch,"https://assets.myntassets.com/f_webp,dpr_1.0,q_60,w_210,c_limit,fl_progressive/assets/images/22823006/2023/4/19/c071028b-cd9d-43ee-ba7c-3d0c508ae5c61681908391906Watches1.jpg;
https://assets.myntassets.com/f_webp,dpr_1.8,q_60,w_210,c_limit,fl_progressive/assets/images/22823006/2023/4/19/c071028b-cd9d-43ee-ba7c-3d0c508ae5c61681908391906Watches1.jpg;
https://assets.myntassets.com/f_webp,dpr_2.0,q_60,w_210,c_limit,fl_progressive/assets/images/22823006/2023/4/19/c071028b-cd9d-43ee-ba7c-3d0c508ae5c61681908391906Watches1.jpg;
https://assets.myntassets.com/f_webp,dpr_2.2,q_60,w_210,c_limit,fl_progressive/assets/images/22823006/2023/4/19/c071028b-cd9d-43ee-ba7c-3d0c508ae5c61681908391906Watches1.jpg;
https://assets.myntassets.com/f_webp,dpr_2.4,q_60,w_210,c_limit,fl_progressive/assets/images/22823006/2023/4/19/c071028b-cd9d-43ee-ba7c-3d0c508ae5c61681908391906Watches1.jpg;
https://assets.myntassets.com/f_webp,dpr_2.6,q_60,w_210,c_limit,fl_progressive/assets/images/22823006/2023/4/19/c071028b-cd9d-43ee-ba7c-3d0c508ae5c61681908391906Watches1.jpg;
https://assets.myntassets.com/f_webp,dpr_2.8,q_60,w_210,c_limit,fl_progressive/assets/images/22823006/2023/4/19/c071028b-cd9d-43ee-ba7c-3d0c508ae5c61681908391906Watches1.jpg",599,3499,0,0,2900,CERO,https://www.myntra.com/watches/cero/cero-stainless-steel-straps-analogue-watch-ab210-wcl-silver-whitenew/22823006/buy
234,Ninja Call Ultra Smartwatch,"https://assets.myntassets.com/f_webp,dpr_1.0,q_60,w_210,c_limit,fl_progressive/assets/images/22770560/2023/4/21/0e113bff-0905-4bc9-af94-fcebfab3ba8b1682075076722-Fire-Boltt-Unisex-Smart-Watches-7601682075076097-1.jpg;
https://assets.myntassets.com/f_webp,dpr_1.8,q_60,w_210,c_limit,fl_progressive/assets/images/22770560/2023/4/21/0e113bff-0905-4bc9-af94-fcebfab3ba8b1682075076722-Fire-Boltt-Unisex-Smart-Watches-7601682075076097-1.jpg;
https://assets.myntassets.com/f_webp,dpr_2.0,q_60,w_210,c_limit,fl_progressive/assets/images/22770560/2023/4/21/0e113bff-0905-4bc9-af94-fcebfab3ba8b1682075076722-Fire-Boltt-Unisex-Smart-Watches-7601682075076097-1.jpg;
https://assets.myntassets.com/f_webp,dpr_2.2,q_60,w_210,c_limit,fl_progressive/assets/images/22770560/2023/4/21/0e113bff-0905-4bc9-af94-fcebfab3ba8b1682075076722-Fire-Boltt-Unisex-Smart-Watches-7601682075076097-1.jpg;
https://assets.myntassets.com/f_webp,dpr_2.4,q_60,w_210,c_limit,fl_progressive/assets/images/22770560/2023/4/21/0e113bff-0905-4bc9-af94-fcebfab3ba8b1682075076722-Fire-Boltt-Unisex-Smart-Watches-7601682075076097-1.jpg;
https://assets.myntassets.com/f_webp,dpr_2.6,q_60,w_210,c_limit,fl_progressive/assets/images/22770560/2023/4/21/0e113bff-0905-4bc9-af94-fcebfab3ba8b1682075076722-Fire-Boltt-Unisex-Smart-Watches-7601682075076097-1.jpg;
https://assets.myntassets.com/f_webp,dpr_2.8,q_60,w_210,c_limit,fl_progressive/assets/images/22770560/2023/4/21/0e113bff-0905-4bc9-af94-fcebfab3ba8b1682075076722-Fire-Boltt-Unisex-Smart-Watches-7601682075076097-1.jpg",1499,9999,0,0,8500,Fire-Boltt,https://www.myntra.com/smart-watches/fire-boltt/fire-boltt-ninja-call-ultra--smartwatch-with-bluetooth-calling/22770560/buy
235,Stainless Steel Straps Watch,"https://assets.myntassets.com/f_webp,dpr_1.0,q_60,w_210,c_limit,fl_progressive/assets/images/22823004/2023/4/19/c8e33b31-bb29-4074-a225-4bc88430ec531681911546095Watches1.jpg;
https://assets.myntassets.com/f_webp,dpr_1.8,q_60,w_210,c_limit,fl_progressive/assets/images/22823004/2023/4/19/c8e33b31-bb29-4074-a225-4bc88430ec531681911546095Watches1.jpg;
https://assets.myntassets.com/f_webp,dpr_2.0,q_60,w_210,c_limit,fl_progressive/assets/images/22823004/2023/4/19/c8e33b31-bb29-4074-a225-4bc88430ec531681911546095Watches1.jpg;
https://assets.myntassets.com/f_webp,dpr_2.2,q_60,w_210,c_limit,fl_progressive/assets/images/22823004/2023/4/19/c8e33b31-bb29-4074-a225-4bc88430ec531681911546095Watches1.jpg;
https://assets.myntassets.com/f_webp,dpr_2.4,q_60,w_210,c_limit,fl_progressive/assets/images/22823004/2023/4/19/c8e33b31-bb29-4074-a225-4bc88430ec531681911546095Watches1.jpg;
https://assets.myntassets.com/f_webp,dpr_2.6,q_60,w_210,c_limit,fl_progressive/assets/images/22823004/2023/4/19/c8e33b31-bb29-4074-a225-4bc88430ec531681911546095Watches1.jpg;
https://assets.myntassets.com/f_webp,dpr_2.8,q_60,w_210,c_limit,fl_progressive/assets/images/22823004/2023/4/19/c8e33b31-bb29-4074-a225-4bc88430ec531681911546095Watches1.jpg",599,3499,0,0,2900,CERO,https://www.myntra.com/watches/cero/cero-stainless-steel-bracelet-style-straps-analogue-watch-ab203-full-silver936new/22823004/buy
236,Women Silecon Textured Watch,"https://assets.myntassets.com/f_webp,dpr_1.0,q_60,w_210,c_limit,fl_progressive/assets/images/22799074/2023/4/17/e4af75f9-336e-4066-a836-ccaabc76951d1681722608568TissotSeastar100036mmT12021017116001.jpg;
https://assets.myntassets.com/f_webp,dpr_1.8,q_60,w_210,c_limit,fl_progressive/assets/images/22799074/2023/4/17/e4af75f9-336e-4066-a836-ccaabc76951d1681722608568TissotSeastar100036mmT12021017116001.jpg;
https://assets.myntassets.com/f_webp,dpr_2.0,q_60,w_210,c_limit,fl_progressive/assets/images/22799074/2023/4/17/e4af75f9-336e-4066-a836-ccaabc76951d1681722608568TissotSeastar100036mmT12021017116001.jpg;
https://assets.myntassets.com/f_webp,dpr_2.2,q_60,w_210,c_limit,fl_progressive/assets/images/22799074/2023/4/17/e4af75f9-336e-4066-a836-ccaabc76951d1681722608568TissotSeastar100036mmT12021017116001.jpg;
https://assets.myntassets.com/f_webp,dpr_2.4,q_60,w_210,c_limit,fl_progressive/assets/images/22799074/2023/4/17/e4af75f9-336e-4066-a836-ccaabc76951d1681722608568TissotSeastar100036mmT12021017116001.jpg;
https://assets.myntassets.com/f_webp,dpr_2.6,q_60,w_210,c_limit,fl_progressive/assets/images/22799074/2023/4/17/e4af75f9-336e-4066-a836-ccaabc76951d1681722608568TissotSeastar100036mmT12021017116001.jpg;
https://assets.myntassets.com/f_webp,dpr_2.8,q_60,w_210,c_limit,fl_progressive/assets/images/22799074/2023/4/17/e4af75f9-336e-4066-a836-ccaabc76951d1681722608568TissotSeastar100036mmT12021017116001.jpg",43000,43000,0,0,0,TISSOT,https://www.myntra.com/watches/tissot/tissot-women-silecon-textured-analogue-t-sport-rest-time-quartz-watch-t1202101711600/22799074/buy
237,Set Of 3 Analogue Watch,"https://assets.myntassets.com/f_webp,dpr_1.0,q_60,w_210,c_limit,fl_progressive/assets/images/22823048/2023/4/19/f45cb4b7-8205-4429-add5-5567814242aa1681911836883Watches1.jpg;
https://assets.myntassets.com/f_webp,dpr_1.8,q_60,w_210,c_limit,fl_progressive/assets/images/22823048/2023/4/19/f45cb4b7-8205-4429-add5-5567814242aa1681911836883Watches1.jpg;
https://assets.myntassets.com/f_webp,dpr_2.0,q_60,w_210,c_limit,fl_progressive/assets/images/22823048/2023/4/19/f45cb4b7-8205-4429-add5-5567814242aa1681911836883Watches1.jpg;
https://assets.myntassets.com/f_webp,dpr_2.2,q_60,w_210,c_limit,fl_progressive/assets/images/22823048/2023/4/19/f45cb4b7-8205-4429-add5-5567814242aa1681911836883Watches1.jpg;
https://assets.myntassets.com/f_webp,dpr_2.4,q_60,w_210,c_limit,fl_progressive/assets/images/22823048/2023/4/19/f45cb4b7-8205-4429-add5-5567814242aa1681911836883Watches1.jpg;
https://assets.myntassets.com/f_webp,dpr_2.6,q_60,w_210,c_limit,fl_progressive/assets/images/22823048/2023/4/19/f45cb4b7-8205-4429-add5-5567814242aa1681911836883Watches1.jpg;
https://assets.myntassets.com/f_webp,dpr_2.8,q_60,w_210,c_limit,fl_progressive/assets/images/22823048/2023/4/19/f45cb4b7-8205-4429-add5-5567814242aa1681911836883Watches1.jpg",599,3499,0,0,2900,CERO,https://www.myntra.com/watches/cero/cero-set-of-3-regular-straps-analogue-watch-com3-black-pink-bluenew/22823048/buy
238,Unisex Leather Watch,"https://assets.myntassets.com/f_webp,dpr_1.0,q_60,w_210,c_limit,fl_progressive/assets/images/22799084/2023/4/17/72632549-f6c5-44ca-bd26-54fc88f123561681723436340TissotChemindesTourellesPowermatic8039mmT13980716041001.jpg;
https://assets.myntassets.com/f_webp,dpr_1.8,q_60,w_210,c_limit,fl_progressive/assets/images/22799084/2023/4/17/72632549-f6c5-44ca-bd26-54fc88f123561681723436340TissotChemindesTourellesPowermatic8039mmT13980716041001.jpg;
https://assets.myntassets.com/f_webp,dpr_2.0,q_60,w_210,c_limit,fl_progressive/assets/images/22799084/2023/4/17/72632549-f6c5-44ca-bd26-54fc88f123561681723436340TissotChemindesTourellesPowermatic8039mmT13980716041001.jpg;
https://assets.myntassets.com/f_webp,dpr_2.2,q_60,w_210,c_limit,fl_progressive/assets/images/22799084/2023/4/17/72632549-f6c5-44ca-bd26-54fc88f123561681723436340TissotChemindesTourellesPowermatic8039mmT13980716041001.jpg;
https://assets.myntassets.com/f_webp,dpr_2.4,q_60,w_210,c_limit,fl_progressive/assets/images/22799084/2023/4/17/72632549-f6c5-44ca-bd26-54fc88f123561681723436340TissotChemindesTourellesPowermatic8039mmT13980716041001.jpg;
https://assets.myntassets.com/f_webp,dpr_2.6,q_60,w_210,c_limit,fl_progressive/assets/images/22799084/2023/4/17/72632549-f6c5-44ca-bd26-54fc88f123561681723436340TissotChemindesTourellesPowermatic8039mmT13980716041001.jpg;
https://assets.myntassets.com/f_webp,dpr_2.8,q_60,w_210,c_limit,fl_progressive/assets/images/22799084/2023/4/17/72632549-f6c5-44ca-bd26-54fc88f123561681723436340TissotChemindesTourellesPowermatic8039mmT13980716041001.jpg",66500,66500,0,0,0,TISSOT,https://www.myntra.com/watches/tissot/tissot-unisex-leather-analogue-t-classic-automatic-watch-t1398071604100/22799084/buy
239,Women Stainless Steel Straps Watch,"https://assets.myntassets.com/f_webp,dpr_1.0,q_60,w_210,c_limit,fl_progressive/assets/images/22867708/2023/4/22/7144621c-d6a9-4267-a361-07864297649b1682168666080WomensuniquedesignBrownmetalstrapanalogwomneswatch1.jpg;
https://assets.myntassets.com/f_webp,dpr_1.8,q_60,w_210,c_limit,fl_progressive/assets/images/22867708/2023/4/22/7144621c-d6a9-4267-a361-07864297649b1682168666080WomensuniquedesignBrownmetalstrapanalogwomneswatch1.jpg;
https://assets.myntassets.com/f_webp,dpr_2.0,q_60,w_210,c_limit,fl_progressive/assets/images/22867708/2023/4/22/7144621c-d6a9-4267-a361-07864297649b1682168666080WomensuniquedesignBrownmetalstrapanalogwomneswatch1.jpg;
https://assets.myntassets.com/f_webp,dpr_2.2,q_60,w_210,c_limit,fl_progressive/assets/images/22867708/2023/4/22/7144621c-d6a9-4267-a361-07864297649b1682168666080WomensuniquedesignBrownmetalstrapanalogwomneswatch1.jpg;
https://assets.myntassets.com/f_webp,dpr_2.4,q_60,w_210,c_limit,fl_progressive/assets/images/22867708/2023/4/22/7144621c-d6a9-4267-a361-07864297649b1682168666080WomensuniquedesignBrownmetalstrapanalogwomneswatch1.jpg;
https://assets.myntassets.com/f_webp,dpr_2.6,q_60,w_210,c_limit,fl_progressive/assets/images/22867708/2023/4/22/7144621c-d6a9-4267-a361-07864297649b1682168666080WomensuniquedesignBrownmetalstrapanalogwomneswatch1.jpg;
https://assets.myntassets.com/f_webp,dpr_2.8,q_60,w_210,c_limit,fl_progressive/assets/images/22867708/2023/4/22/7144621c-d6a9-4267-a361-07864297649b1682168666080WomensuniquedesignBrownmetalstrapanalogwomneswatch1.jpg",499,2199,0,0,1700,WATCHSTAR,https://www.myntra.com/watches/watchstar/watchstar-women-stainless-steel-straps-analogue-watch-swiss-brown/22867708/buy
240,Women Set Of 3 Analogue Watch,"https://assets.myntassets.com/f_webp,dpr_1.0,q_60,w_210,c_limit,fl_progressive/assets/images/22823034/2023/4/20/d999be17-93f5-4b9f-afb7-8c9216b369771681964255681CEROUnisexDialStainlessSteelBraceletStyleStrapsAnalogueWatch1.jpg;
https://assets.myntassets.com/f_webp,dpr_1.8,q_60,w_210,c_limit,fl_progressive/assets/images/22823034/2023/4/20/d999be17-93f5-4b9f-afb7-8c9216b369771681964255681CEROUnisexDialStainlessSteelBraceletStyleStrapsAnalogueWatch1.jpg;
https://assets.myntassets.com/f_webp,dpr_2.0,q_60,w_210,c_limit,fl_progressive/assets/images/22823034/2023/4/20/d999be17-93f5-4b9f-afb7-8c9216b369771681964255681CEROUnisexDialStainlessSteelBraceletStyleStrapsAnalogueWatch1.jpg;
https://assets.myntassets.com/f_webp,dpr_2.2,q_60,w_210,c_limit,fl_progressive/assets/images/22823034/2023/4/20/d999be17-93f5-4b9f-afb7-8c9216b369771681964255681CEROUnisexDialStainlessSteelBraceletStyleStrapsAnalogueWatch1.jpg;
https://assets.myntassets.com/f_webp,dpr_2.4,q_60,w_210,c_limit,fl_progressive/assets/images/22823034/2023/4/20/d999be17-93f5-4b9f-afb7-8c9216b369771681964255681CEROUnisexDialStainlessSteelBraceletStyleStrapsAnalogueWatch1.jpg;
https://assets.myntassets.com/f_webp,dpr_2.6,q_60,w_210,c_limit,fl_progressive/assets/images/22823034/2023/4/20/d999be17-93f5-4b9f-afb7-8c9216b369771681964255681CEROUnisexDialStainlessSteelBraceletStyleStrapsAnalogueWatch1.jpg;
https://assets.myntassets.com/f_webp,dpr_2.8,q_60,w_210,c_limit,fl_progressive/assets/images/22823034/2023/4/20/d999be17-93f5-4b9f-afb7-8c9216b369771681964255681CEROUnisexDialStainlessSteelBraceletStyleStrapsAnalogueWatch1.jpg",599,3499,0,0,2900,CERO,https://www.myntra.com/watches/cero/cero-women-set-of-3-rectangle-dial-analogue-watch-com3-248-black-white-bluenew/22823034/buy
241,Women Stainless Steel Straps Watch,"https://assets.myntassets.com/f_webp,dpr_1.0,q_60,w_210,c_limit,fl_progressive/assets/images/22867754/2023/4/22/ee275a19-7697-423c-bbb6-ddefdbf0ed9d1682175427960Womenblackdiamondwatch1.jpg;
https://assets.myntassets.com/f_webp,dpr_1.8,q_60,w_210,c_limit,fl_progressive/assets/images/22867754/2023/4/22/ee275a19-7697-423c-bbb6-ddefdbf0ed9d1682175427960Womenblackdiamondwatch1.jpg;
https://assets.myntassets.com/f_webp,dpr_2.0,q_60,w_210,c_limit,fl_progressive/assets/images/22867754/2023/4/22/ee275a19-7697-423c-bbb6-ddefdbf0ed9d1682175427960Womenblackdiamondwatch1.jpg;
https://assets.myntassets.com/f_webp,dpr_2.2,q_60,w_210,c_limit,fl_progressive/assets/images/22867754/2023/4/22/ee275a19-7697-423c-bbb6-ddefdbf0ed9d1682175427960Womenblackdiamondwatch1.jpg;
https://assets.myntassets.com/f_webp,dpr_2.4,q_60,w_210,c_limit,fl_progressive/assets/images/22867754/2023/4/22/ee275a19-7697-423c-bbb6-ddefdbf0ed9d1682175427960Womenblackdiamondwatch1.jpg;
https://assets.myntassets.com/f_webp,dpr_2.6,q_60,w_210,c_limit,fl_progressive/assets/images/22867754/2023/4/22/ee275a19-7697-423c-bbb6-ddefdbf0ed9d1682175427960Womenblackdiamondwatch1.jpg;
https://assets.myntassets.com/f_webp,dpr_2.8,q_60,w_210,c_limit,fl_progressive/assets/images/22867754/2023/4/22/ee275a19-7697-423c-bbb6-ddefdbf0ed9d1682175427960Womenblackdiamondwatch1.jpg",499,2199,0,0,1700,WATCHSTAR,https://www.myntra.com/watches/watchstar/watchstar-women-dial--stainless-steel-straps-analogue-watch-dollar-black/22867754/buy
242,Analogue Straps Watch,"https://assets.myntassets.com/f_webp,dpr_1.0,q_60,w_210,c_limit,fl_progressive/assets/images/22823000/2023/4/19/fdef833e-1aab-41c0-be63-2734407483231681909034447Watches1.jpg;
https://assets.myntassets.com/f_webp,dpr_1.8,q_60,w_210,c_limit,fl_progressive/assets/images/22823000/2023/4/19/fdef833e-1aab-41c0-be63-2734407483231681909034447Watches1.jpg;
https://assets.myntassets.com/f_webp,dpr_2.0,q_60,w_210,c_limit,fl_progressive/assets/images/22823000/2023/4/19/fdef833e-1aab-41c0-be63-2734407483231681909034447Watches1.jpg;
https://assets.myntassets.com/f_webp,dpr_2.2,q_60,w_210,c_limit,fl_progressive/assets/images/22823000/2023/4/19/fdef833e-1aab-41c0-be63-2734407483231681909034447Watches1.jpg;
https://assets.myntassets.com/f_webp,dpr_2.4,q_60,w_210,c_limit,fl_progressive/assets/images/22823000/2023/4/19/fdef833e-1aab-41c0-be63-2734407483231681909034447Watches1.jpg;
https://assets.myntassets.com/f_webp,dpr_2.6,q_60,w_210,c_limit,fl_progressive/assets/images/22823000/2023/4/19/fdef833e-1aab-41c0-be63-2734407483231681909034447Watches1.jpg;
https://assets.myntassets.com/f_webp,dpr_2.8,q_60,w_210,c_limit,fl_progressive/assets/images/22823000/2023/4/19/fdef833e-1aab-41c0-be63-2734407483231681909034447Watches1.jpg",599,3499,0,0,2900,CERO,https://www.myntra.com/watches/cero/cero-embellished-dial--straps-analogue-watch-m-ybely-squ--pinknew/22823000/buy
243,Women Analogue Watch,"https://assets.myntassets.com/f_webp,dpr_1.0,q_60,w_210,c_limit,fl_progressive/assets/images/22867686/2023/4/24/b0024f66-532c-4ebf-bca6-0429da0ef2951682309543414WATCHSTARWomenMulticolouredDialPinkStainlessSteelStrapsDigit1.jpg;
https://assets.myntassets.com/f_webp,dpr_1.8,q_60,w_210,c_limit,fl_progressive/assets/images/22867686/2023/4/24/b0024f66-532c-4ebf-bca6-0429da0ef2951682309543414WATCHSTARWomenMulticolouredDialPinkStainlessSteelStrapsDigit1.jpg;
https://assets.myntassets.com/f_webp,dpr_2.0,q_60,w_210,c_limit,fl_progressive/assets/images/22867686/2023/4/24/b0024f66-532c-4ebf-bca6-0429da0ef2951682309543414WATCHSTARWomenMulticolouredDialPinkStainlessSteelStrapsDigit1.jpg;
https://assets.myntassets.com/f_webp,dpr_2.2,q_60,w_210,c_limit,fl_progressive/assets/images/22867686/2023/4/24/b0024f66-532c-4ebf-bca6-0429da0ef2951682309543414WATCHSTARWomenMulticolouredDialPinkStainlessSteelStrapsDigit1.jpg;
https://assets.myntassets.com/f_webp,dpr_2.4,q_60,w_210,c_limit,fl_progressive/assets/images/22867686/2023/4/24/b0024f66-532c-4ebf-bca6-0429da0ef2951682309543414WATCHSTARWomenMulticolouredDialPinkStainlessSteelStrapsDigit1.jpg;
https://assets.myntassets.com/f_webp,dpr_2.6,q_60,w_210,c_limit,fl_progressive/assets/images/22867686/2023/4/24/b0024f66-532c-4ebf-bca6-0429da0ef2951682309543414WATCHSTARWomenMulticolouredDialPinkStainlessSteelStrapsDigit1.jpg;
https://assets.myntassets.com/f_webp,dpr_2.8,q_60,w_210,c_limit,fl_progressive/assets/images/22867686/2023/4/24/b0024f66-532c-4ebf-bca6-0429da0ef2951682309543414WATCHSTARWomenMulticolouredDialPinkStainlessSteelStrapsDigit1.jpg",499,2199,0,0,1700,WATCHSTAR,https://www.myntra.com/watches/watchstar/watchstar-women-round-dial--bracelet-style-straps-analogue-watch---mate-pink1/22867686/buy
244,Printed Dial Analogue Watch,"https://assets.myntassets.com/f_webp,dpr_1.0,q_60,w_210,c_limit,fl_progressive/assets/images/22823026/2023/4/19/2234842f-6030-44a5-a1ec-5b60cb82f64b1681908183635Watches1.jpg;
https://assets.myntassets.com/f_webp,dpr_1.8,q_60,w_210,c_limit,fl_progressive/assets/images/22823026/2023/4/19/2234842f-6030-44a5-a1ec-5b60cb82f64b1681908183635Watches1.jpg;
https://assets.myntassets.com/f_webp,dpr_2.0,q_60,w_210,c_limit,fl_progressive/assets/images/22823026/2023/4/19/2234842f-6030-44a5-a1ec-5b60cb82f64b1681908183635Watches1.jpg;
https://assets.myntassets.com/f_webp,dpr_2.2,q_60,w_210,c_limit,fl_progressive/assets/images/22823026/2023/4/19/2234842f-6030-44a5-a1ec-5b60cb82f64b1681908183635Watches1.jpg;
https://assets.myntassets.com/f_webp,dpr_2.4,q_60,w_210,c_limit,fl_progressive/assets/images/22823026/2023/4/19/2234842f-6030-44a5-a1ec-5b60cb82f64b1681908183635Watches1.jpg;
https://assets.myntassets.com/f_webp,dpr_2.6,q_60,w_210,c_limit,fl_progressive/assets/images/22823026/2023/4/19/2234842f-6030-44a5-a1ec-5b60cb82f64b1681908183635Watches1.jpg;
https://assets.myntassets.com/f_webp,dpr_2.8,q_60,w_210,c_limit,fl_progressive/assets/images/22823026/2023/4/19/2234842f-6030-44a5-a1ec-5b60cb82f64b1681908183635Watches1.jpg",599,3499,0,0,2900,CERO,https://www.myntra.com/watches/cero/cero-printed-dial--stainless-steel-strap-analogue-watch-ab211-w-map-metal-rednew/22823026/buy
245,Women Stainless Steel Straps Watch,"https://assets.myntassets.com/f_webp,dpr_1.0,q_60,w_210,c_limit,fl_progressive/assets/images/22867724/2023/4/22/230f0f54-8940-4ee7-8ee1-e676f040a4211682173272942womensanalognewwatch1.jpg;
https://assets.myntassets.com/f_webp,dpr_1.8,q_60,w_210,c_limit,fl_progressive/assets/images/22867724/2023/4/22/230f0f54-8940-4ee7-8ee1-e676f040a4211682173272942womensanalognewwatch1.jpg;
https://assets.myntassets.com/f_webp,dpr_2.0,q_60,w_210,c_limit,fl_progressive/assets/images/22867724/2023/4/22/230f0f54-8940-4ee7-8ee1-e676f040a4211682173272942womensanalognewwatch1.jpg;
https://assets.myntassets.com/f_webp,dpr_2.2,q_60,w_210,c_limit,fl_progressive/assets/images/22867724/2023/4/22/230f0f54-8940-4ee7-8ee1-e676f040a4211682173272942womensanalognewwatch1.jpg;
https://assets.myntassets.com/f_webp,dpr_2.4,q_60,w_210,c_limit,fl_progressive/assets/images/22867724/2023/4/22/230f0f54-8940-4ee7-8ee1-e676f040a4211682173272942womensanalognewwatch1.jpg;
https://assets.myntassets.com/f_webp,dpr_2.6,q_60,w_210,c_limit,fl_progressive/assets/images/22867724/2023/4/22/230f0f54-8940-4ee7-8ee1-e676f040a4211682173272942womensanalognewwatch1.jpg;
https://assets.myntassets.com/f_webp,dpr_2.8,q_60,w_210,c_limit,fl_progressive/assets/images/22867724/2023/4/22/230f0f54-8940-4ee7-8ee1-e676f040a4211682173272942womensanalognewwatch1.jpg",499,2199,0,0,1700,WATCHSTAR,https://www.myntra.com/watches/watchstar/watchstar-women-stainless-steel-bracelet-style-straps-analogue-watch-laxi-bit/22867724/buy
246,Women Analogue Watch,"https://assets.myntassets.com/f_webp,dpr_1.0,q_60,w_210,c_limit,fl_progressive/assets/images/22803284/2023/4/17/4c839279-2fae-41d5-93a0-eb0f425bd6051681742724886Watches1.jpg;
https://assets.myntassets.com/f_webp,dpr_1.8,q_60,w_210,c_limit,fl_progressive/assets/images/22803284/2023/4/17/4c839279-2fae-41d5-93a0-eb0f425bd6051681742724886Watches1.jpg;
https://assets.myntassets.com/f_webp,dpr_2.0,q_60,w_210,c_limit,fl_progressive/assets/images/22803284/2023/4/17/4c839279-2fae-41d5-93a0-eb0f425bd6051681742724886Watches1.jpg;
https://assets.myntassets.com/f_webp,dpr_2.2,q_60,w_210,c_limit,fl_progressive/assets/images/22803284/2023/4/17/4c839279-2fae-41d5-93a0-eb0f425bd6051681742724886Watches1.jpg;
https://assets.myntassets.com/f_webp,dpr_2.4,q_60,w_210,c_limit,fl_progressive/assets/images/22803284/2023/4/17/4c839279-2fae-41d5-93a0-eb0f425bd6051681742724886Watches1.jpg;
https://assets.myntassets.com/f_webp,dpr_2.6,q_60,w_210,c_limit,fl_progressive/assets/images/22803284/2023/4/17/4c839279-2fae-41d5-93a0-eb0f425bd6051681742724886Watches1.jpg;
https://assets.myntassets.com/f_webp,dpr_2.8,q_60,w_210,c_limit,fl_progressive/assets/images/22803284/2023/4/17/4c839279-2fae-41d5-93a0-eb0f425bd6051681742724886Watches1.jpg",813,2199,0,0,63,DressBerry,https://www.myntra.com/watches/dressberry/dressberry-women-analogue-watch-hobdb-114-cp/22803284/buy
247,Women Embellished Watch,"https://assets.myntassets.com/f_webp,dpr_1.0,q_60,w_210,c_limit,fl_progressive/assets/images/22483708/2023/4/21/1a803aac-7889-4ddd-a5bb-1ddb52f34d7b1682078936101-Maxima-Rose-Attivo-Ladies-Watch-60400LMLR-7861682078935886-1.jpg;
https://assets.myntassets.com/f_webp,dpr_1.8,q_60,w_210,c_limit,fl_progressive/assets/images/22483708/2023/4/21/1a803aac-7889-4ddd-a5bb-1ddb52f34d7b1682078936101-Maxima-Rose-Attivo-Ladies-Watch-60400LMLR-7861682078935886-1.jpg;
https://assets.myntassets.com/f_webp,dpr_2.0,q_60,w_210,c_limit,fl_progressive/assets/images/22483708/2023/4/21/1a803aac-7889-4ddd-a5bb-1ddb52f34d7b1682078936101-Maxima-Rose-Attivo-Ladies-Watch-60400LMLR-7861682078935886-1.jpg;
https://assets.myntassets.com/f_webp,dpr_2.2,q_60,w_210,c_limit,fl_progressive/assets/images/22483708/2023/4/21/1a803aac-7889-4ddd-a5bb-1ddb52f34d7b1682078936101-Maxima-Rose-Attivo-Ladies-Watch-60400LMLR-7861682078935886-1.jpg;
https://assets.myntassets.com/f_webp,dpr_2.4,q_60,w_210,c_limit,fl_progressive/assets/images/22483708/2023/4/21/1a803aac-7889-4ddd-a5bb-1ddb52f34d7b1682078936101-Maxima-Rose-Attivo-Ladies-Watch-60400LMLR-7861682078935886-1.jpg;
https://assets.myntassets.com/f_webp,dpr_2.6,q_60,w_210,c_limit,fl_progressive/assets/images/22483708/2023/4/21/1a803aac-7889-4ddd-a5bb-1ddb52f34d7b1682078936101-Maxima-Rose-Attivo-Ladies-Watch-60400LMLR-7861682078935886-1.jpg;
https://assets.myntassets.com/f_webp,dpr_2.8,q_60,w_210,c_limit,fl_progressive/assets/images/22483708/2023/4/21/1a803aac-7889-4ddd-a5bb-1ddb52f34d7b1682078936101-Maxima-Rose-Attivo-Ladies-Watch-60400LMLR-7861682078935886-1.jpg",1695,1695,0,0,0,maxima,https://www.myntra.com/watches/maxima/maxima-women-embellished-analogue-watch-60400lmlr/22483708/buy
248,Stainless Steel Analogue Watch,"https://assets.myntassets.com/f_webp,dpr_1.0,q_60,w_210,c_limit,fl_progressive/assets/images/22823044/2023/4/19/fc8230c0-1095-4fef-8c9b-2d4ef99d25821681909609556Watches1.jpg;
https://assets.myntassets.com/f_webp,dpr_1.8,q_60,w_210,c_limit,fl_progressive/assets/images/22823044/2023/4/19/fc8230c0-1095-4fef-8c9b-2d4ef99d25821681909609556Watches1.jpg;
https://assets.myntassets.com/f_webp,dpr_2.0,q_60,w_210,c_limit,fl_progressive/assets/images/22823044/2023/4/19/fc8230c0-1095-4fef-8c9b-2d4ef99d25821681909609556Watches1.jpg;
https://assets.myntassets.com/f_webp,dpr_2.2,q_60,w_210,c_limit,fl_progressive/assets/images/22823044/2023/4/19/fc8230c0-1095-4fef-8c9b-2d4ef99d25821681909609556Watches1.jpg;
https://assets.myntassets.com/f_webp,dpr_2.4,q_60,w_210,c_limit,fl_progressive/assets/images/22823044/2023/4/19/fc8230c0-1095-4fef-8c9b-2d4ef99d25821681909609556Watches1.jpg;
https://assets.myntassets.com/f_webp,dpr_2.6,q_60,w_210,c_limit,fl_progressive/assets/images/22823044/2023/4/19/fc8230c0-1095-4fef-8c9b-2d4ef99d25821681909609556Watches1.jpg;
https://assets.myntassets.com/f_webp,dpr_2.8,q_60,w_210,c_limit,fl_progressive/assets/images/22823044/2023/4/19/fc8230c0-1095-4fef-8c9b-2d4ef99d25821681909609556Watches1.jpg",599,3499,0,0,2900,CERO,https://www.myntra.com/watches/cero/cero-stainless-steel-straps-day-and-date-working-analogue-watch-ab203-silver-white936new/22823044/buy
249,Women Set Of 2 Analogue Watch,"https://assets.myntassets.com/f_webp,dpr_1.0,q_60,w_210,c_limit,fl_progressive/assets/images/22823024/2023/4/19/4ac487d8-c199-4498-a258-d0027e18e88c1681921903543Watches1.jpg;
https://assets.myntassets.com/f_webp,dpr_1.8,q_60,w_210,c_limit,fl_progressive/assets/images/22823024/2023/4/19/4ac487d8-c199-4498-a258-d0027e18e88c1681921903543Watches1.jpg;
https://assets.myntassets.com/f_webp,dpr_2.0,q_60,w_210,c_limit,fl_progressive/assets/images/22823024/2023/4/19/4ac487d8-c199-4498-a258-d0027e18e88c1681921903543Watches1.jpg;
https://assets.myntassets.com/f_webp,dpr_2.2,q_60,w_210,c_limit,fl_progressive/assets/images/22823024/2023/4/19/4ac487d8-c199-4498-a258-d0027e18e88c1681921903543Watches1.jpg;
https://assets.myntassets.com/f_webp,dpr_2.4,q_60,w_210,c_limit,fl_progressive/assets/images/22823024/2023/4/19/4ac487d8-c199-4498-a258-d0027e18e88c1681921903543Watches1.jpg;
https://assets.myntassets.com/f_webp,dpr_2.6,q_60,w_210,c_limit,fl_progressive/assets/images/22823024/2023/4/19/4ac487d8-c199-4498-a258-d0027e18e88c1681921903543Watches1.jpg;
https://assets.myntassets.com/f_webp,dpr_2.8,q_60,w_210,c_limit,fl_progressive/assets/images/22823024/2023/4/19/4ac487d8-c199-4498-a258-d0027e18e88c1681921903543Watches1.jpg",599,3499,0,0,2900,CERO,https://www.myntra.com/watches/cero/cero-women-set-of-2-regular-straps-analogue-watch-com2-cho-248-pink-whitenew/22823024/buy
250,Women Analogue Watch,"https://assets.myntassets.com/f_webp,dpr_1.0,q_60,w_210,c_limit,fl_progressive/assets/images/22744374/2023/4/28/99b3b06e-a9bd-480a-bac5-77e96ff9fe181682674337346TimexWomenBraceletStyleStrapsAnalogueWatchTWEL99SMU081.jpg;
https://assets.myntassets.com/f_webp,dpr_1.8,q_60,w_210,c_limit,fl_progressive/assets/images/22744374/2023/4/28/99b3b06e-a9bd-480a-bac5-77e96ff9fe181682674337346TimexWomenBraceletStyleStrapsAnalogueWatchTWEL99SMU081.jpg;
https://assets.myntassets.com/f_webp,dpr_2.0,q_60,w_210,c_limit,fl_progressive/assets/images/22744374/2023/4/28/99b3b06e-a9bd-480a-bac5-77e96ff9fe181682674337346TimexWomenBraceletStyleStrapsAnalogueWatchTWEL99SMU081.jpg;
https://assets.myntassets.com/f_webp,dpr_2.2,q_60,w_210,c_limit,fl_progressive/assets/images/22744374/2023/4/28/99b3b06e-a9bd-480a-bac5-77e96ff9fe181682674337346TimexWomenBraceletStyleStrapsAnalogueWatchTWEL99SMU081.jpg;
https://assets.myntassets.com/f_webp,dpr_2.4,q_60,w_210,c_limit,fl_progressive/assets/images/22744374/2023/4/28/99b3b06e-a9bd-480a-bac5-77e96ff9fe181682674337346TimexWomenBraceletStyleStrapsAnalogueWatchTWEL99SMU081.jpg;
https://assets.myntassets.com/f_webp,dpr_2.6,q_60,w_210,c_limit,fl_progressive/assets/images/22744374/2023/4/28/99b3b06e-a9bd-480a-bac5-77e96ff9fe181682674337346TimexWomenBraceletStyleStrapsAnalogueWatchTWEL99SMU081.jpg;
https://assets.myntassets.com/f_webp,dpr_2.8,q_60,w_210,c_limit,fl_progressive/assets/images/22744374/2023/4/28/99b3b06e-a9bd-480a-bac5-77e96ff9fe181682674337346TimexWomenBraceletStyleStrapsAnalogueWatchTWEL99SMU081.jpg",1447,2895,0,0,50,Timex,https://www.myntra.com/watches/timex/timex-women-bracelet-style-straps-analogue-watch-twel99smu08/22744374/buy
251,Women Low-Rise Bikini Briefs,"https://assets.myntassets.com/f_webp,dpr_1.0,q_60,w_210,c_limit,fl_progressive/assets/images/22846092/2023/4/21/4995e991-5ef4-4bec-8fd3-82580c4201001682060021136Briefs1.jpg;
https://assets.myntassets.com/f_webp,dpr_1.8,q_60,w_210,c_limit,fl_progressive/assets/images/22846092/2023/4/21/4995e991-5ef4-4bec-8fd3-82580c4201001682060021136Briefs1.jpg;
https://assets.myntassets.com/f_webp,dpr_2.0,q_60,w_210,c_limit,fl_progressive/assets/images/22846092/2023/4/21/4995e991-5ef4-4bec-8fd3-82580c4201001682060021136Briefs1.jpg;
https://assets.myntassets.com/f_webp,dpr_2.2,q_60,w_210,c_limit,fl_progressive/assets/images/22846092/2023/4/21/4995e991-5ef4-4bec-8fd3-82580c4201001682060021136Briefs1.jpg;
https://assets.myntassets.com/f_webp,dpr_2.4,q_60,w_210,c_limit,fl_progressive/assets/images/22846092/2023/4/21/4995e991-5ef4-4bec-8fd3-82580c4201001682060021136Briefs1.jpg;
https://assets.myntassets.com/f_webp,dpr_2.6,q_60,w_210,c_limit,fl_progressive/assets/images/22846092/2023/4/21/4995e991-5ef4-4bec-8fd3-82580c4201001682060021136Briefs1.jpg;
https://assets.myntassets.com/f_webp,dpr_2.8,q_60,w_210,c_limit,fl_progressive/assets/images/22846092/2023/4/21/4995e991-5ef4-4bec-8fd3-82580c4201001682060021136Briefs1.jpg",459,1999,0,0,77,Curves By ZeroKaata,https://www.myntra.com/briefs/curves-by-zerokaata/curves-by-zerokaata-women-low-rise-anti-microbial-bikini-briefs/22846092/buy
252,Women Lace Thongs Briefs,"https://assets.myntassets.com/f_webp,dpr_1.0,q_60,w_210,c_limit,fl_progressive/assets/images/22846104/2023/4/21/e119ff95-e8e6-40d0-abd3-ced211596c651682057397545Briefs1.jpg;
https://assets.myntassets.com/f_webp,dpr_1.8,q_60,w_210,c_limit,fl_progressive/assets/images/22846104/2023/4/21/e119ff95-e8e6-40d0-abd3-ced211596c651682057397545Briefs1.jpg;
https://assets.myntassets.com/f_webp,dpr_2.0,q_60,w_210,c_limit,fl_progressive/assets/images/22846104/2023/4/21/e119ff95-e8e6-40d0-abd3-ced211596c651682057397545Briefs1.jpg;
https://assets.myntassets.com/f_webp,dpr_2.2,q_60,w_210,c_limit,fl_progressive/assets/images/22846104/2023/4/21/e119ff95-e8e6-40d0-abd3-ced211596c651682057397545Briefs1.jpg;
https://assets.myntassets.com/f_webp,dpr_2.4,q_60,w_210,c_limit,fl_progressive/assets/images/22846104/2023/4/21/e119ff95-e8e6-40d0-abd3-ced211596c651682057397545Briefs1.jpg;
https://assets.myntassets.com/f_webp,dpr_2.6,q_60,w_210,c_limit,fl_progressive/assets/images/22846104/2023/4/21/e119ff95-e8e6-40d0-abd3-ced211596c651682057397545Briefs1.jpg;
https://assets.myntassets.com/f_webp,dpr_2.8,q_60,w_210,c_limit,fl_progressive/assets/images/22846104/2023/4/21/e119ff95-e8e6-40d0-abd3-ced211596c651682057397545Briefs1.jpg",459,1999,0,0,77,Curves By ZeroKaata,https://www.myntra.com/briefs/curves-by-zerokaata/curves-by-zerokaata-women-self-design-anti-microbial-lace-thongs-briefs/22846104/buy
253,Women Thongs Briefs,"https://assets.myntassets.com/f_webp,dpr_1.0,q_60,w_210,c_limit,fl_progressive/assets/images/22846094/2023/4/21/4a28aef2-f389-4081-8f4f-c2361d0858041682057006359Briefs1.jpg;
https://assets.myntassets.com/f_webp,dpr_1.8,q_60,w_210,c_limit,fl_progressive/assets/images/22846094/2023/4/21/4a28aef2-f389-4081-8f4f-c2361d0858041682057006359Briefs1.jpg;
https://assets.myntassets.com/f_webp,dpr_2.0,q_60,w_210,c_limit,fl_progressive/assets/images/22846094/2023/4/21/4a28aef2-f389-4081-8f4f-c2361d0858041682057006359Briefs1.jpg;
https://assets.myntassets.com/f_webp,dpr_2.2,q_60,w_210,c_limit,fl_progressive/assets/images/22846094/2023/4/21/4a28aef2-f389-4081-8f4f-c2361d0858041682057006359Briefs1.jpg;
https://assets.myntassets.com/f_webp,dpr_2.4,q_60,w_210,c_limit,fl_progressive/assets/images/22846094/2023/4/21/4a28aef2-f389-4081-8f4f-c2361d0858041682057006359Briefs1.jpg;
https://assets.myntassets.com/f_webp,dpr_2.6,q_60,w_210,c_limit,fl_progressive/assets/images/22846094/2023/4/21/4a28aef2-f389-4081-8f4f-c2361d0858041682057006359Briefs1.jpg;
https://assets.myntassets.com/f_webp,dpr_2.8,q_60,w_210,c_limit,fl_progressive/assets/images/22846094/2023/4/21/4a28aef2-f389-4081-8f4f-c2361d0858041682057006359Briefs1.jpg",459,1999,0,0,77,Curves By ZeroKaata,https://www.myntra.com/briefs/curves-by-zerokaata/curves-by-zerokaata-women-self-design-anti-microbial-thongs-briefs/22846094/buy
254,Women Boy Shorts Briefs,"https://assets.myntassets.com/f_webp,dpr_1.0,q_60,w_210,c_limit,fl_progressive/assets/images/22846088/2023/4/21/d34efd10-510b-4bab-8eb5-d26f96fee20d1682059952992Briefs1.jpg;
https://assets.myntassets.com/f_webp,dpr_1.8,q_60,w_210,c_limit,fl_progressive/assets/images/22846088/2023/4/21/d34efd10-510b-4bab-8eb5-d26f96fee20d1682059952992Briefs1.jpg;
https://assets.myntassets.com/f_webp,dpr_2.0,q_60,w_210,c_limit,fl_progressive/assets/images/22846088/2023/4/21/d34efd10-510b-4bab-8eb5-d26f96fee20d1682059952992Briefs1.jpg;
https://assets.myntassets.com/f_webp,dpr_2.2,q_60,w_210,c_limit,fl_progressive/assets/images/22846088/2023/4/21/d34efd10-510b-4bab-8eb5-d26f96fee20d1682059952992Briefs1.jpg;
https://assets.myntassets.com/f_webp,dpr_2.4,q_60,w_210,c_limit,fl_progressive/assets/images/22846088/2023/4/21/d34efd10-510b-4bab-8eb5-d26f96fee20d1682059952992Briefs1.jpg;
https://assets.myntassets.com/f_webp,dpr_2.6,q_60,w_210,c_limit,fl_progressive/assets/images/22846088/2023/4/21/d34efd10-510b-4bab-8eb5-d26f96fee20d1682059952992Briefs1.jpg;
https://assets.myntassets.com/f_webp,dpr_2.8,q_60,w_210,c_limit,fl_progressive/assets/images/22846088/2023/4/21/d34efd10-510b-4bab-8eb5-d26f96fee20d1682059952992Briefs1.jpg",459,1999,0,0,77,Curves By ZeroKaata,https://www.myntra.com/briefs/curves-by-zerokaata/curves-by-zerokaata-women-self-design-anti-microbial-lace-boy-shorts-briefs/22846088/buy
255,Women Plus Size Lingerie Set,"https://assets.myntassets.com/f_webp,dpr_1.0,q_60,w_210,c_limit,fl_progressive/assets/images/22846100/2023/4/21/6ff62794-b58d-4c5d-bc8d-fc507efd44761682060441188LingerieSet1.jpg;
https://assets.myntassets.com/f_webp,dpr_1.8,q_60,w_210,c_limit,fl_progressive/assets/images/22846100/2023/4/21/6ff62794-b58d-4c5d-bc8d-fc507efd44761682060441188LingerieSet1.jpg;
https://assets.myntassets.com/f_webp,dpr_2.0,q_60,w_210,c_limit,fl_progressive/assets/images/22846100/2023/4/21/6ff62794-b58d-4c5d-bc8d-fc507efd44761682060441188LingerieSet1.jpg;
https://assets.myntassets.com/f_webp,dpr_2.2,q_60,w_210,c_limit,fl_progressive/assets/images/22846100/2023/4/21/6ff62794-b58d-4c5d-bc8d-fc507efd44761682060441188LingerieSet1.jpg;
https://assets.myntassets.com/f_webp,dpr_2.4,q_60,w_210,c_limit,fl_progressive/assets/images/22846100/2023/4/21/6ff62794-b58d-4c5d-bc8d-fc507efd44761682060441188LingerieSet1.jpg;
https://assets.myntassets.com/f_webp,dpr_2.6,q_60,w_210,c_limit,fl_progressive/assets/images/22846100/2023/4/21/6ff62794-b58d-4c5d-bc8d-fc507efd44761682060441188LingerieSet1.jpg;
https://assets.myntassets.com/f_webp,dpr_2.8,q_60,w_210,c_limit,fl_progressive/assets/images/22846100/2023/4/21/6ff62794-b58d-4c5d-bc8d-fc507efd44761682060441188LingerieSet1.jpg",700,2500,0,0,72,Curves By ZeroKaata,https://www.myntra.com/lingerie-set/curves-by-zerokaata/curves-by-zerokaata-women-plus-size-self-design-lingerie-set--/22846100/buy
256,Women Plus Size Lingerie Set,"https://assets.myntassets.com/f_webp,dpr_1.0,q_60,w_210,c_limit,fl_progressive/assets/images/22846098/2023/4/21/7349c5aa-5a93-4a23-b377-a080b0ba2a811682065817939LingerieSet1.jpg;
https://assets.myntassets.com/f_webp,dpr_1.8,q_60,w_210,c_limit,fl_progressive/assets/images/22846098/2023/4/21/7349c5aa-5a93-4a23-b377-a080b0ba2a811682065817939LingerieSet1.jpg;
https://assets.myntassets.com/f_webp,dpr_2.0,q_60,w_210,c_limit,fl_progressive/assets/images/22846098/2023/4/21/7349c5aa-5a93-4a23-b377-a080b0ba2a811682065817939LingerieSet1.jpg;
https://assets.myntassets.com/f_webp,dpr_2.2,q_60,w_210,c_limit,fl_progressive/assets/images/22846098/2023/4/21/7349c5aa-5a93-4a23-b377-a080b0ba2a811682065817939LingerieSet1.jpg;
https://assets.myntassets.com/f_webp,dpr_2.4,q_60,w_210,c_limit,fl_progressive/assets/images/22846098/2023/4/21/7349c5aa-5a93-4a23-b377-a080b0ba2a811682065817939LingerieSet1.jpg;
https://assets.myntassets.com/f_webp,dpr_2.6,q_60,w_210,c_limit,fl_progressive/assets/images/22846098/2023/4/21/7349c5aa-5a93-4a23-b377-a080b0ba2a811682065817939LingerieSet1.jpg;
https://assets.myntassets.com/f_webp,dpr_2.8,q_60,w_210,c_limit,fl_progressive/assets/images/22846098/2023/4/21/7349c5aa-5a93-4a23-b377-a080b0ba2a811682065817939LingerieSet1.jpg",700,2500,0,0,72,Curves By ZeroKaata,https://www.myntra.com/lingerie-set/curves-by-zerokaata/curves-by-zerokaata-women-plus-size-sheer-lingerie-set/22846098/buy
257,Women Lace Hipster Briefs,"https://assets.myntassets.com/f_webp,dpr_1.0,q_60,w_210,c_limit,fl_progressive/assets/images/22846102/2023/4/21/84bb782d-f0d5-43b6-8c38-3d2f1042fb4f1682061747702Briefs1.jpg;
https://assets.myntassets.com/f_webp,dpr_1.8,q_60,w_210,c_limit,fl_progressive/assets/images/22846102/2023/4/21/84bb782d-f0d5-43b6-8c38-3d2f1042fb4f1682061747702Briefs1.jpg;
https://assets.myntassets.com/f_webp,dpr_2.0,q_60,w_210,c_limit,fl_progressive/assets/images/22846102/2023/4/21/84bb782d-f0d5-43b6-8c38-3d2f1042fb4f1682061747702Briefs1.jpg;
https://assets.myntassets.com/f_webp,dpr_2.2,q_60,w_210,c_limit,fl_progressive/assets/images/22846102/2023/4/21/84bb782d-f0d5-43b6-8c38-3d2f1042fb4f1682061747702Briefs1.jpg;
https://assets.myntassets.com/f_webp,dpr_2.4,q_60,w_210,c_limit,fl_progressive/assets/images/22846102/2023/4/21/84bb782d-f0d5-43b6-8c38-3d2f1042fb4f1682061747702Briefs1.jpg;
https://assets.myntassets.com/f_webp,dpr_2.6,q_60,w_210,c_limit,fl_progressive/assets/images/22846102/2023/4/21/84bb782d-f0d5-43b6-8c38-3d2f1042fb4f1682061747702Briefs1.jpg;
https://assets.myntassets.com/f_webp,dpr_2.8,q_60,w_210,c_limit,fl_progressive/assets/images/22846102/2023/4/21/84bb782d-f0d5-43b6-8c38-3d2f1042fb4f1682061747702Briefs1.jpg",459,1999,0,0,77,Curves By ZeroKaata,https://www.myntra.com/briefs/curves-by-zerokaata/curves-by-zerokaata-women-self-design-anti-microbial-lace-hipster-briefs/22846102/buy
258,Slim Fit Cotton Churidar,"https://assets.myntassets.com/f_webp,dpr_1.0,q_60,w_210,c_limit,fl_progressive/assets/images/22706068/2023/4/8/87e010e1-28e0-4f5b-832d-5ca839ed96441680948273705WomenSolidSlimFitCottonChuridar1.jpg;
https://assets.myntassets.com/f_webp,dpr_1.8,q_60,w_210,c_limit,fl_progressive/assets/images/22706068/2023/4/8/87e010e1-28e0-4f5b-832d-5ca839ed96441680948273705WomenSolidSlimFitCottonChuridar1.jpg;
https://assets.myntassets.com/f_webp,dpr_2.0,q_60,w_210,c_limit,fl_progressive/assets/images/22706068/2023/4/8/87e010e1-28e0-4f5b-832d-5ca839ed96441680948273705WomenSolidSlimFitCottonChuridar1.jpg;
https://assets.myntassets.com/f_webp,dpr_2.2,q_60,w_210,c_limit,fl_progressive/assets/images/22706068/2023/4/8/87e010e1-28e0-4f5b-832d-5ca839ed96441680948273705WomenSolidSlimFitCottonChuridar1.jpg;
https://assets.myntassets.com/f_webp,dpr_2.4,q_60,w_210,c_limit,fl_progressive/assets/images/22706068/2023/4/8/87e010e1-28e0-4f5b-832d-5ca839ed96441680948273705WomenSolidSlimFitCottonChuridar1.jpg;
https://assets.myntassets.com/f_webp,dpr_2.6,q_60,w_210,c_limit,fl_progressive/assets/images/22706068/2023/4/8/87e010e1-28e0-4f5b-832d-5ca839ed96441680948273705WomenSolidSlimFitCottonChuridar1.jpg;
https://assets.myntassets.com/f_webp,dpr_2.8,q_60,w_210,c_limit,fl_progressive/assets/images/22706068/2023/4/8/87e010e1-28e0-4f5b-832d-5ca839ed96441680948273705WomenSolidSlimFitCottonChuridar1.jpg",594,1450,0,0,59,SECRETS BY ZEROKAATA,https://www.myntra.com/churidar/secrets-by-zerokaata/secrets-by-zerokaata-slim-fit-cotton-churidar/22706068/buy
259,Pack of 2 Cover Up Dress,"https://assets.myntassets.com/f_webp,dpr_1.0,q_60,w_210,c_limit,fl_progressive/assets/images/22622080/2023/4/27/fb3299f0-994e-434a-a81e-ec754dfe77991682589421471-SECRETS-BY-ZEROKAATA-Women-Pack-of-2-Printed-Cotton-Swimwear-1.jpg;
https://assets.myntassets.com/f_webp,dpr_1.8,q_60,w_210,c_limit,fl_progressive/assets/images/22622080/2023/4/27/fb3299f0-994e-434a-a81e-ec754dfe77991682589421471-SECRETS-BY-ZEROKAATA-Women-Pack-of-2-Printed-Cotton-Swimwear-1.jpg;
https://assets.myntassets.com/f_webp,dpr_2.0,q_60,w_210,c_limit,fl_progressive/assets/images/22622080/2023/4/27/fb3299f0-994e-434a-a81e-ec754dfe77991682589421471-SECRETS-BY-ZEROKAATA-Women-Pack-of-2-Printed-Cotton-Swimwear-1.jpg;
https://assets.myntassets.com/f_webp,dpr_2.2,q_60,w_210,c_limit,fl_progressive/assets/images/22622080/2023/4/27/fb3299f0-994e-434a-a81e-ec754dfe77991682589421471-SECRETS-BY-ZEROKAATA-Women-Pack-of-2-Printed-Cotton-Swimwear-1.jpg;
https://assets.myntassets.com/f_webp,dpr_2.4,q_60,w_210,c_limit,fl_progressive/assets/images/22622080/2023/4/27/fb3299f0-994e-434a-a81e-ec754dfe77991682589421471-SECRETS-BY-ZEROKAATA-Women-Pack-of-2-Printed-Cotton-Swimwear-1.jpg;
https://assets.myntassets.com/f_webp,dpr_2.6,q_60,w_210,c_limit,fl_progressive/assets/images/22622080/2023/4/27/fb3299f0-994e-434a-a81e-ec754dfe77991682589421471-SECRETS-BY-ZEROKAATA-Women-Pack-of-2-Printed-Cotton-Swimwear-1.jpg;
https://assets.myntassets.com/f_webp,dpr_2.8,q_60,w_210,c_limit,fl_progressive/assets/images/22622080/2023/4/27/fb3299f0-994e-434a-a81e-ec754dfe77991682589421471-SECRETS-BY-ZEROKAATA-Women-Pack-of-2-Printed-Cotton-Swimwear-1.jpg",2610,7250,0,0,64,SECRETS BY ZEROKAATA,https://www.myntra.com/swimwear-cover-up-top/secrets-by-zerokaata/secrets-by-zerokaata-women-pack-of-2-printed-cotton-swimwear-cover-up-dress/22622080/buy
260,Pack of 2 Cover Up Dress,"https://assets.myntassets.com/f_webp,dpr_1.0,q_60,w_210,c_limit,fl_progressive/assets/images/22622094/2023/4/27/6be8fd26-8a80-4a9e-a8b4-2d965866f52f1682589530560-SECRETS-BY-ZEROKAATA-Women-Pack-of-2-Printed-Cotton-Swimwear-1.jpg;
https://assets.myntassets.com/f_webp,dpr_1.8,q_60,w_210,c_limit,fl_progressive/assets/images/22622094/2023/4/27/6be8fd26-8a80-4a9e-a8b4-2d965866f52f1682589530560-SECRETS-BY-ZEROKAATA-Women-Pack-of-2-Printed-Cotton-Swimwear-1.jpg;
https://assets.myntassets.com/f_webp,dpr_2.0,q_60,w_210,c_limit,fl_progressive/assets/images/22622094/2023/4/27/6be8fd26-8a80-4a9e-a8b4-2d965866f52f1682589530560-SECRETS-BY-ZEROKAATA-Women-Pack-of-2-Printed-Cotton-Swimwear-1.jpg;
https://assets.myntassets.com/f_webp,dpr_2.2,q_60,w_210,c_limit,fl_progressive/assets/images/22622094/2023/4/27/6be8fd26-8a80-4a9e-a8b4-2d965866f52f1682589530560-SECRETS-BY-ZEROKAATA-Women-Pack-of-2-Printed-Cotton-Swimwear-1.jpg;
https://assets.myntassets.com/f_webp,dpr_2.4,q_60,w_210,c_limit,fl_progressive/assets/images/22622094/2023/4/27/6be8fd26-8a80-4a9e-a8b4-2d965866f52f1682589530560-SECRETS-BY-ZEROKAATA-Women-Pack-of-2-Printed-Cotton-Swimwear-1.jpg;
https://assets.myntassets.com/f_webp,dpr_2.6,q_60,w_210,c_limit,fl_progressive/assets/images/22622094/2023/4/27/6be8fd26-8a80-4a9e-a8b4-2d965866f52f1682589530560-SECRETS-BY-ZEROKAATA-Women-Pack-of-2-Printed-Cotton-Swimwear-1.jpg;
https://assets.myntassets.com/f_webp,dpr_2.8,q_60,w_210,c_limit,fl_progressive/assets/images/22622094/2023/4/27/6be8fd26-8a80-4a9e-a8b4-2d965866f52f1682589530560-SECRETS-BY-ZEROKAATA-Women-Pack-of-2-Printed-Cotton-Swimwear-1.jpg",2392,7250,0,0,67,SECRETS BY ZEROKAATA,https://www.myntra.com/swimwear-cover-up-top/secrets-by-zerokaata/secrets-by-zerokaata-women-pack-of-2-printed-cotton-swimwear-cover-up-dress/22622094/buy
261,Cotton Slim-Fit Churidar,"https://assets.myntassets.com/f_webp,dpr_1.0,q_60,w_210,c_limit,fl_progressive/assets/images/22586972/2023/4/10/e5277e14-9bfb-4841-90ad-62c96631eb071681116826556-SECRETS-BY-ZEROKAATA-Cotton-Slim-Fit-4-Way-Stretch-Churidar--1.jpg;
https://assets.myntassets.com/f_webp,dpr_1.8,q_60,w_210,c_limit,fl_progressive/assets/images/22586972/2023/4/10/e5277e14-9bfb-4841-90ad-62c96631eb071681116826556-SECRETS-BY-ZEROKAATA-Cotton-Slim-Fit-4-Way-Stretch-Churidar--1.jpg;
https://assets.myntassets.com/f_webp,dpr_2.0,q_60,w_210,c_limit,fl_progressive/assets/images/22586972/2023/4/10/e5277e14-9bfb-4841-90ad-62c96631eb071681116826556-SECRETS-BY-ZEROKAATA-Cotton-Slim-Fit-4-Way-Stretch-Churidar--1.jpg;
https://assets.myntassets.com/f_webp,dpr_2.2,q_60,w_210,c_limit,fl_progressive/assets/images/22586972/2023/4/10/e5277e14-9bfb-4841-90ad-62c96631eb071681116826556-SECRETS-BY-ZEROKAATA-Cotton-Slim-Fit-4-Way-Stretch-Churidar--1.jpg;
https://assets.myntassets.com/f_webp,dpr_2.4,q_60,w_210,c_limit,fl_progressive/assets/images/22586972/2023/4/10/e5277e14-9bfb-4841-90ad-62c96631eb071681116826556-SECRETS-BY-ZEROKAATA-Cotton-Slim-Fit-4-Way-Stretch-Churidar--1.jpg;
https://assets.myntassets.com/f_webp,dpr_2.6,q_60,w_210,c_limit,fl_progressive/assets/images/22586972/2023/4/10/e5277e14-9bfb-4841-90ad-62c96631eb071681116826556-SECRETS-BY-ZEROKAATA-Cotton-Slim-Fit-4-Way-Stretch-Churidar--1.jpg;
https://assets.myntassets.com/f_webp,dpr_2.8,q_60,w_210,c_limit,fl_progressive/assets/images/22586972/2023/4/10/e5277e14-9bfb-4841-90ad-62c96631eb071681116826556-SECRETS-BY-ZEROKAATA-Cotton-Slim-Fit-4-Way-Stretch-Churidar--1.jpg",594,1450,0,0,59,SECRETS BY ZEROKAATA,https://www.myntra.com/churidar/secrets-by-zerokaata/secrets-by-zerokaata-cotton-slim-fit-4-way-stretch-churidar/22586972/buy
262,Pack Of 2 Cover Up Dress,"https://assets.myntassets.com/f_webp,dpr_1.0,q_60,w_210,c_limit,fl_progressive/assets/images/22622076/2023/4/3/e7214812-802d-433a-b073-3de5924891131680522271824WomenPackof2PrintedKaftanCoverUpDress1.jpg;
https://assets.myntassets.com/f_webp,dpr_1.8,q_60,w_210,c_limit,fl_progressive/assets/images/22622076/2023/4/3/e7214812-802d-433a-b073-3de5924891131680522271824WomenPackof2PrintedKaftanCoverUpDress1.jpg;
https://assets.myntassets.com/f_webp,dpr_2.0,q_60,w_210,c_limit,fl_progressive/assets/images/22622076/2023/4/3/e7214812-802d-433a-b073-3de5924891131680522271824WomenPackof2PrintedKaftanCoverUpDress1.jpg;
https://assets.myntassets.com/f_webp,dpr_2.2,q_60,w_210,c_limit,fl_progressive/assets/images/22622076/2023/4/3/e7214812-802d-433a-b073-3de5924891131680522271824WomenPackof2PrintedKaftanCoverUpDress1.jpg;
https://assets.myntassets.com/f_webp,dpr_2.4,q_60,w_210,c_limit,fl_progressive/assets/images/22622076/2023/4/3/e7214812-802d-433a-b073-3de5924891131680522271824WomenPackof2PrintedKaftanCoverUpDress1.jpg;
https://assets.myntassets.com/f_webp,dpr_2.6,q_60,w_210,c_limit,fl_progressive/assets/images/22622076/2023/4/3/e7214812-802d-433a-b073-3de5924891131680522271824WomenPackof2PrintedKaftanCoverUpDress1.jpg;
https://assets.myntassets.com/f_webp,dpr_2.8,q_60,w_210,c_limit,fl_progressive/assets/images/22622076/2023/4/3/e7214812-802d-433a-b073-3de5924891131680522271824WomenPackof2PrintedKaftanCoverUpDress1.jpg",2392,7250,0,0,67,SECRETS BY ZEROKAATA,https://www.myntra.com/swimwear-cover-up-top/secrets-by-zerokaata/secrets-by-zerokaata-pack-of-2-printed-kaftan-cover-up-dress/22622076/buy
263,Pack Of 2 Cover-up Dress,"https://assets.myntassets.com/f_webp,dpr_1.0,q_60,w_210,c_limit,fl_progressive/assets/images/22622096/2023/4/3/d97de659-3d7b-4751-b895-7b63e9a64e821680520979795WomenPackof2PrintedCottonKaftanCoverUpDress1.jpg;
https://assets.myntassets.com/f_webp,dpr_1.8,q_60,w_210,c_limit,fl_progressive/assets/images/22622096/2023/4/3/d97de659-3d7b-4751-b895-7b63e9a64e821680520979795WomenPackof2PrintedCottonKaftanCoverUpDress1.jpg;
https://assets.myntassets.com/f_webp,dpr_2.0,q_60,w_210,c_limit,fl_progressive/assets/images/22622096/2023/4/3/d97de659-3d7b-4751-b895-7b63e9a64e821680520979795WomenPackof2PrintedCottonKaftanCoverUpDress1.jpg;
https://assets.myntassets.com/f_webp,dpr_2.2,q_60,w_210,c_limit,fl_progressive/assets/images/22622096/2023/4/3/d97de659-3d7b-4751-b895-7b63e9a64e821680520979795WomenPackof2PrintedCottonKaftanCoverUpDress1.jpg;
https://assets.myntassets.com/f_webp,dpr_2.4,q_60,w_210,c_limit,fl_progressive/assets/images/22622096/2023/4/3/d97de659-3d7b-4751-b895-7b63e9a64e821680520979795WomenPackof2PrintedCottonKaftanCoverUpDress1.jpg;
https://assets.myntassets.com/f_webp,dpr_2.6,q_60,w_210,c_limit,fl_progressive/assets/images/22622096/2023/4/3/d97de659-3d7b-4751-b895-7b63e9a64e821680520979795WomenPackof2PrintedCottonKaftanCoverUpDress1.jpg;
https://assets.myntassets.com/f_webp,dpr_2.8,q_60,w_210,c_limit,fl_progressive/assets/images/22622096/2023/4/3/d97de659-3d7b-4751-b895-7b63e9a64e821680520979795WomenPackof2PrintedCottonKaftanCoverUpDress1.jpg",2610,7250,0,0,64,SECRETS BY ZEROKAATA,https://www.myntra.com/swimwear-cover-up-top/secrets-by-zerokaata/secrets-by-zerokaata-pack-of-2-printed-cotton-kaftan-cover-up-dress/22622096/buy
264,Pack Of 2 Cover Up Dress,"https://assets.myntassets.com/f_webp,dpr_1.0,q_60,w_210,c_limit,fl_progressive/assets/images/22622084/2023/4/27/44b6ddb3-3631-46a0-9978-1b01bd3f08f71682589462995-SECRETS-BY-ZEROKAATA-Women-Pack-Of-2-Printed-Cotton-Kaftan-C-1.jpg;
https://assets.myntassets.com/f_webp,dpr_1.8,q_60,w_210,c_limit,fl_progressive/assets/images/22622084/2023/4/27/44b6ddb3-3631-46a0-9978-1b01bd3f08f71682589462995-SECRETS-BY-ZEROKAATA-Women-Pack-Of-2-Printed-Cotton-Kaftan-C-1.jpg;
https://assets.myntassets.com/f_webp,dpr_2.0,q_60,w_210,c_limit,fl_progressive/assets/images/22622084/2023/4/27/44b6ddb3-3631-46a0-9978-1b01bd3f08f71682589462995-SECRETS-BY-ZEROKAATA-Women-Pack-Of-2-Printed-Cotton-Kaftan-C-1.jpg;
https://assets.myntassets.com/f_webp,dpr_2.2,q_60,w_210,c_limit,fl_progressive/assets/images/22622084/2023/4/27/44b6ddb3-3631-46a0-9978-1b01bd3f08f71682589462995-SECRETS-BY-ZEROKAATA-Women-Pack-Of-2-Printed-Cotton-Kaftan-C-1.jpg;
https://assets.myntassets.com/f_webp,dpr_2.4,q_60,w_210,c_limit,fl_progressive/assets/images/22622084/2023/4/27/44b6ddb3-3631-46a0-9978-1b01bd3f08f71682589462995-SECRETS-BY-ZEROKAATA-Women-Pack-Of-2-Printed-Cotton-Kaftan-C-1.jpg;
https://assets.myntassets.com/f_webp,dpr_2.6,q_60,w_210,c_limit,fl_progressive/assets/images/22622084/2023/4/27/44b6ddb3-3631-46a0-9978-1b01bd3f08f71682589462995-SECRETS-BY-ZEROKAATA-Women-Pack-Of-2-Printed-Cotton-Kaftan-C-1.jpg;
https://assets.myntassets.com/f_webp,dpr_2.8,q_60,w_210,c_limit,fl_progressive/assets/images/22622084/2023/4/27/44b6ddb3-3631-46a0-9978-1b01bd3f08f71682589462995-SECRETS-BY-ZEROKAATA-Women-Pack-Of-2-Printed-Cotton-Kaftan-C-1.jpg",2610,7250,0,0,64,SECRETS BY ZEROKAATA,https://www.myntra.com/swimwear-cover-up-top/secrets-by-zerokaata/secrets-by-zerokaata-women-pack-of-2-printed-cotton-kaftan-cover-up-midi-dress/22622084/buy
265,Pack Of 2 Cover-up Dress,"https://assets.myntassets.com/f_webp,dpr_1.0,q_60,w_210,c_limit,fl_progressive/assets/images/22622092/2023/4/27/da982076-111f-4bee-970e-557079bb87aa1682589497435-SECRETS-BY-ZEROKAATA-Pack-Of-2-Printed-Cotton-Kaftan-Cover-U-1.jpg;
https://assets.myntassets.com/f_webp,dpr_1.8,q_60,w_210,c_limit,fl_progressive/assets/images/22622092/2023/4/27/da982076-111f-4bee-970e-557079bb87aa1682589497435-SECRETS-BY-ZEROKAATA-Pack-Of-2-Printed-Cotton-Kaftan-Cover-U-1.jpg;
https://assets.myntassets.com/f_webp,dpr_2.0,q_60,w_210,c_limit,fl_progressive/assets/images/22622092/2023/4/27/da982076-111f-4bee-970e-557079bb87aa1682589497435-SECRETS-BY-ZEROKAATA-Pack-Of-2-Printed-Cotton-Kaftan-Cover-U-1.jpg;
https://assets.myntassets.com/f_webp,dpr_2.2,q_60,w_210,c_limit,fl_progressive/assets/images/22622092/2023/4/27/da982076-111f-4bee-970e-557079bb87aa1682589497435-SECRETS-BY-ZEROKAATA-Pack-Of-2-Printed-Cotton-Kaftan-Cover-U-1.jpg;
https://assets.myntassets.com/f_webp,dpr_2.4,q_60,w_210,c_limit,fl_progressive/assets/images/22622092/2023/4/27/da982076-111f-4bee-970e-557079bb87aa1682589497435-SECRETS-BY-ZEROKAATA-Pack-Of-2-Printed-Cotton-Kaftan-Cover-U-1.jpg;
https://assets.myntassets.com/f_webp,dpr_2.6,q_60,w_210,c_limit,fl_progressive/assets/images/22622092/2023/4/27/da982076-111f-4bee-970e-557079bb87aa1682589497435-SECRETS-BY-ZEROKAATA-Pack-Of-2-Printed-Cotton-Kaftan-Cover-U-1.jpg;
https://assets.myntassets.com/f_webp,dpr_2.8,q_60,w_210,c_limit,fl_progressive/assets/images/22622092/2023/4/27/da982076-111f-4bee-970e-557079bb87aa1682589497435-SECRETS-BY-ZEROKAATA-Pack-Of-2-Printed-Cotton-Kaftan-Cover-U-1.jpg",2610,7250,0,0,64,SECRETS BY ZEROKAATA,https://www.myntra.com/swimwear-cover-up-top/secrets-by-zerokaata/secrets-by-zerokaata-pack-of-2-printed-cotton-kaftan-cover-up-dress/22622092/buy
266,Pack Of 2 Cover Up Dress,"https://assets.myntassets.com/f_webp,dpr_1.0,q_60,w_210,c_limit,fl_progressive/assets/images/22622074/2023/4/3/d93accbd-b711-4275-bb30-a71daf3c28631680526758833WomenPackof2PrintedKaftanCoverUpDress1.jpg;
https://assets.myntassets.com/f_webp,dpr_1.8,q_60,w_210,c_limit,fl_progressive/assets/images/22622074/2023/4/3/d93accbd-b711-4275-bb30-a71daf3c28631680526758833WomenPackof2PrintedKaftanCoverUpDress1.jpg;
https://assets.myntassets.com/f_webp,dpr_2.0,q_60,w_210,c_limit,fl_progressive/assets/images/22622074/2023/4/3/d93accbd-b711-4275-bb30-a71daf3c28631680526758833WomenPackof2PrintedKaftanCoverUpDress1.jpg;
https://assets.myntassets.com/f_webp,dpr_2.2,q_60,w_210,c_limit,fl_progressive/assets/images/22622074/2023/4/3/d93accbd-b711-4275-bb30-a71daf3c28631680526758833WomenPackof2PrintedKaftanCoverUpDress1.jpg;
https://assets.myntassets.com/f_webp,dpr_2.4,q_60,w_210,c_limit,fl_progressive/assets/images/22622074/2023/4/3/d93accbd-b711-4275-bb30-a71daf3c28631680526758833WomenPackof2PrintedKaftanCoverUpDress1.jpg;
https://assets.myntassets.com/f_webp,dpr_2.6,q_60,w_210,c_limit,fl_progressive/assets/images/22622074/2023/4/3/d93accbd-b711-4275-bb30-a71daf3c28631680526758833WomenPackof2PrintedKaftanCoverUpDress1.jpg;
https://assets.myntassets.com/f_webp,dpr_2.8,q_60,w_210,c_limit,fl_progressive/assets/images/22622074/2023/4/3/d93accbd-b711-4275-bb30-a71daf3c28631680526758833WomenPackof2PrintedKaftanCoverUpDress1.jpg",2392,7250,0,0,67,SECRETS BY ZEROKAATA,https://www.myntra.com/swimwear-cover-up-top/secrets-by-zerokaata/secrets-by-zerokaata-pack-of-2-printed-kaftan-cover-up-dress/22622074/buy
267,Pack Of 2 Cover Up Dress,"https://assets.myntassets.com/f_webp,dpr_1.0,q_60,w_210,c_limit,fl_progressive/assets/images/22622088/2023/4/3/2173c19b-070a-4d5a-9151-e44d1bd433bc1680538698762WomenPackof2PrintedKaftanCoverUpDress1.jpg;
https://assets.myntassets.com/f_webp,dpr_1.8,q_60,w_210,c_limit,fl_progressive/assets/images/22622088/2023/4/3/2173c19b-070a-4d5a-9151-e44d1bd433bc1680538698762WomenPackof2PrintedKaftanCoverUpDress1.jpg;
https://assets.myntassets.com/f_webp,dpr_2.0,q_60,w_210,c_limit,fl_progressive/assets/images/22622088/2023/4/3/2173c19b-070a-4d5a-9151-e44d1bd433bc1680538698762WomenPackof2PrintedKaftanCoverUpDress1.jpg;
https://assets.myntassets.com/f_webp,dpr_2.2,q_60,w_210,c_limit,fl_progressive/assets/images/22622088/2023/4/3/2173c19b-070a-4d5a-9151-e44d1bd433bc1680538698762WomenPackof2PrintedKaftanCoverUpDress1.jpg;
https://assets.myntassets.com/f_webp,dpr_2.4,q_60,w_210,c_limit,fl_progressive/assets/images/22622088/2023/4/3/2173c19b-070a-4d5a-9151-e44d1bd433bc1680538698762WomenPackof2PrintedKaftanCoverUpDress1.jpg;
https://assets.myntassets.com/f_webp,dpr_2.6,q_60,w_210,c_limit,fl_progressive/assets/images/22622088/2023/4/3/2173c19b-070a-4d5a-9151-e44d1bd433bc1680538698762WomenPackof2PrintedKaftanCoverUpDress1.jpg;
https://assets.myntassets.com/f_webp,dpr_2.8,q_60,w_210,c_limit,fl_progressive/assets/images/22622088/2023/4/3/2173c19b-070a-4d5a-9151-e44d1bd433bc1680538698762WomenPackof2PrintedKaftanCoverUpDress1.jpg",2392,7250,0,0,67,SECRETS BY ZEROKAATA,https://www.myntra.com/swimwear-cover-up-top/secrets-by-zerokaata/secrets-by-zerokaata-pack-of-2-printed-kaftan-cover-up-maxi-dress/22622088/buy
268,Pack Of 2 Cover Up Dress,"https://assets.myntassets.com/f_webp,dpr_1.0,q_60,w_210,c_limit,fl_progressive/assets/images/22622090/2023/4/3/eb24bbf7-1c79-4a54-8f76-aaa2fce46bfe1680526796904WomenPackof2PrintedKaftanCoverUpDress1.jpg;
https://assets.myntassets.com/f_webp,dpr_1.8,q_60,w_210,c_limit,fl_progressive/assets/images/22622090/2023/4/3/eb24bbf7-1c79-4a54-8f76-aaa2fce46bfe1680526796904WomenPackof2PrintedKaftanCoverUpDress1.jpg;
https://assets.myntassets.com/f_webp,dpr_2.0,q_60,w_210,c_limit,fl_progressive/assets/images/22622090/2023/4/3/eb24bbf7-1c79-4a54-8f76-aaa2fce46bfe1680526796904WomenPackof2PrintedKaftanCoverUpDress1.jpg;
https://assets.myntassets.com/f_webp,dpr_2.2,q_60,w_210,c_limit,fl_progressive/assets/images/22622090/2023/4/3/eb24bbf7-1c79-4a54-8f76-aaa2fce46bfe1680526796904WomenPackof2PrintedKaftanCoverUpDress1.jpg;
https://assets.myntassets.com/f_webp,dpr_2.4,q_60,w_210,c_limit,fl_progressive/assets/images/22622090/2023/4/3/eb24bbf7-1c79-4a54-8f76-aaa2fce46bfe1680526796904WomenPackof2PrintedKaftanCoverUpDress1.jpg;
https://assets.myntassets.com/f_webp,dpr_2.6,q_60,w_210,c_limit,fl_progressive/assets/images/22622090/2023/4/3/eb24bbf7-1c79-4a54-8f76-aaa2fce46bfe1680526796904WomenPackof2PrintedKaftanCoverUpDress1.jpg;
https://assets.myntassets.com/f_webp,dpr_2.8,q_60,w_210,c_limit,fl_progressive/assets/images/22622090/2023/4/3/eb24bbf7-1c79-4a54-8f76-aaa2fce46bfe1680526796904WomenPackof2PrintedKaftanCoverUpDress1.jpg",2392,7250,0,0,67,SECRETS BY ZEROKAATA,https://www.myntra.com/swimwear-cover-up-top/secrets-by-zerokaata/secrets-by-zerokaata-pack-of-2-printed-kaftan-cover-up-dress/22622090/buy
269,Pack Of 2 Cover Up Dress,"https://assets.myntassets.com/f_webp,dpr_1.0,q_60,w_210,c_limit,fl_progressive/assets/images/22622082/2023/4/3/1da5189c-cec5-4f89-8e43-281dbadd507b1680531165683WomenPackof2PrintedCottonKaftanCoverUpDress1.jpg;
https://assets.myntassets.com/f_webp,dpr_1.8,q_60,w_210,c_limit,fl_progressive/assets/images/22622082/2023/4/3/1da5189c-cec5-4f89-8e43-281dbadd507b1680531165683WomenPackof2PrintedCottonKaftanCoverUpDress1.jpg;
https://assets.myntassets.com/f_webp,dpr_2.0,q_60,w_210,c_limit,fl_progressive/assets/images/22622082/2023/4/3/1da5189c-cec5-4f89-8e43-281dbadd507b1680531165683WomenPackof2PrintedCottonKaftanCoverUpDress1.jpg;
https://assets.myntassets.com/f_webp,dpr_2.2,q_60,w_210,c_limit,fl_progressive/assets/images/22622082/2023/4/3/1da5189c-cec5-4f89-8e43-281dbadd507b1680531165683WomenPackof2PrintedCottonKaftanCoverUpDress1.jpg;
https://assets.myntassets.com/f_webp,dpr_2.4,q_60,w_210,c_limit,fl_progressive/assets/images/22622082/2023/4/3/1da5189c-cec5-4f89-8e43-281dbadd507b1680531165683WomenPackof2PrintedCottonKaftanCoverUpDress1.jpg;
https://assets.myntassets.com/f_webp,dpr_2.6,q_60,w_210,c_limit,fl_progressive/assets/images/22622082/2023/4/3/1da5189c-cec5-4f89-8e43-281dbadd507b1680531165683WomenPackof2PrintedCottonKaftanCoverUpDress1.jpg;
https://assets.myntassets.com/f_webp,dpr_2.8,q_60,w_210,c_limit,fl_progressive/assets/images/22622082/2023/4/3/1da5189c-cec5-4f89-8e43-281dbadd507b1680531165683WomenPackof2PrintedCottonKaftanCoverUpDress1.jpg",2610,7250,0,0,64,SECRETS BY ZEROKAATA,https://www.myntra.com/swimwear-cover-up-top/secrets-by-zerokaata/secrets-by-zerokaata-pack-of-2-printed-kaftan-cover-up-dress/22622082/buy
270,Pack Of 2 Cover Up Dress,"https://assets.myntassets.com/f_webp,dpr_1.0,q_60,w_210,c_limit,fl_progressive/assets/images/22622078/2023/4/27/9e154fda-7d7a-4469-bae0-0cac946e804a1682589383371-SECRETS-BY-ZEROKAATA-Pack-Of-2-Printed-Kaftan-Cover-Up-Dress-1.jpg;
https://assets.myntassets.com/f_webp,dpr_1.8,q_60,w_210,c_limit,fl_progressive/assets/images/22622078/2023/4/27/9e154fda-7d7a-4469-bae0-0cac946e804a1682589383371-SECRETS-BY-ZEROKAATA-Pack-Of-2-Printed-Kaftan-Cover-Up-Dress-1.jpg;
https://assets.myntassets.com/f_webp,dpr_2.0,q_60,w_210,c_limit,fl_progressive/assets/images/22622078/2023/4/27/9e154fda-7d7a-4469-bae0-0cac946e804a1682589383371-SECRETS-BY-ZEROKAATA-Pack-Of-2-Printed-Kaftan-Cover-Up-Dress-1.jpg;
https://assets.myntassets.com/f_webp,dpr_2.2,q_60,w_210,c_limit,fl_progressive/assets/images/22622078/2023/4/27/9e154fda-7d7a-4469-bae0-0cac946e804a1682589383371-SECRETS-BY-ZEROKAATA-Pack-Of-2-Printed-Kaftan-Cover-Up-Dress-1.jpg;
https://assets.myntassets.com/f_webp,dpr_2.4,q_60,w_210,c_limit,fl_progressive/assets/images/22622078/2023/4/27/9e154fda-7d7a-4469-bae0-0cac946e804a1682589383371-SECRETS-BY-ZEROKAATA-Pack-Of-2-Printed-Kaftan-Cover-Up-Dress-1.jpg;
https://assets.myntassets.com/f_webp,dpr_2.6,q_60,w_210,c_limit,fl_progressive/assets/images/22622078/2023/4/27/9e154fda-7d7a-4469-bae0-0cac946e804a1682589383371-SECRETS-BY-ZEROKAATA-Pack-Of-2-Printed-Kaftan-Cover-Up-Dress-1.jpg;
https://assets.myntassets.com/f_webp,dpr_2.8,q_60,w_210,c_limit,fl_progressive/assets/images/22622078/2023/4/27/9e154fda-7d7a-4469-bae0-0cac946e804a1682589383371-SECRETS-BY-ZEROKAATA-Pack-Of-2-Printed-Kaftan-Cover-Up-Dress-1.jpg",2392,7250,0,0,67,SECRETS BY ZEROKAATA,https://www.myntra.com/swimwear-cover-up-top/secrets-by-zerokaata/secrets-by-zerokaata-pack-of-2-printed-kaftan-cover-up-dress/22622078/buy
271,Pack Of 2 Cover Up Dress,"https://assets.myntassets.com/f_webp,dpr_1.0,q_60,w_210,c_limit,fl_progressive/assets/images/22622086/2023/4/3/1aafd223-aa25-4e63-ab55-dea5eeb1211d1680538446275WomenPackof2PrintedCottonKaftanCoverUpDress1.jpg;
https://assets.myntassets.com/f_webp,dpr_1.8,q_60,w_210,c_limit,fl_progressive/assets/images/22622086/2023/4/3/1aafd223-aa25-4e63-ab55-dea5eeb1211d1680538446275WomenPackof2PrintedCottonKaftanCoverUpDress1.jpg;
https://assets.myntassets.com/f_webp,dpr_2.0,q_60,w_210,c_limit,fl_progressive/assets/images/22622086/2023/4/3/1aafd223-aa25-4e63-ab55-dea5eeb1211d1680538446275WomenPackof2PrintedCottonKaftanCoverUpDress1.jpg;
https://assets.myntassets.com/f_webp,dpr_2.2,q_60,w_210,c_limit,fl_progressive/assets/images/22622086/2023/4/3/1aafd223-aa25-4e63-ab55-dea5eeb1211d1680538446275WomenPackof2PrintedCottonKaftanCoverUpDress1.jpg;
https://assets.myntassets.com/f_webp,dpr_2.4,q_60,w_210,c_limit,fl_progressive/assets/images/22622086/2023/4/3/1aafd223-aa25-4e63-ab55-dea5eeb1211d1680538446275WomenPackof2PrintedCottonKaftanCoverUpDress1.jpg;
https://assets.myntassets.com/f_webp,dpr_2.6,q_60,w_210,c_limit,fl_progressive/assets/images/22622086/2023/4/3/1aafd223-aa25-4e63-ab55-dea5eeb1211d1680538446275WomenPackof2PrintedCottonKaftanCoverUpDress1.jpg;
https://assets.myntassets.com/f_webp,dpr_2.8,q_60,w_210,c_limit,fl_progressive/assets/images/22622086/2023/4/3/1aafd223-aa25-4e63-ab55-dea5eeb1211d1680538446275WomenPackof2PrintedCottonKaftanCoverUpDress1.jpg",2610,7250,0,0,64,SECRETS BY ZEROKAATA,https://www.myntra.com/swimwear-cover-up-top/secrets-by-zerokaata/secrets-by-zerokaata-pack-of-2-printed-kaftan-cotton-cover-up-dress/22622086/buy
272,Seamless Skirt Shapewear,"https://assets.myntassets.com/f_webp,dpr_1.0,q_60,w_210,c_limit,fl_progressive/assets/images/22466400/2023/3/22/87e73170-29c8-47e3-bd8f-3abe9f42eb061679481869659WomenSeamlessSkirtShapewear1.jpg;
https://assets.myntassets.com/f_webp,dpr_1.8,q_60,w_210,c_limit,fl_progressive/assets/images/22466400/2023/3/22/87e73170-29c8-47e3-bd8f-3abe9f42eb061679481869659WomenSeamlessSkirtShapewear1.jpg;
https://assets.myntassets.com/f_webp,dpr_2.0,q_60,w_210,c_limit,fl_progressive/assets/images/22466400/2023/3/22/87e73170-29c8-47e3-bd8f-3abe9f42eb061679481869659WomenSeamlessSkirtShapewear1.jpg;
https://assets.myntassets.com/f_webp,dpr_2.2,q_60,w_210,c_limit,fl_progressive/assets/images/22466400/2023/3/22/87e73170-29c8-47e3-bd8f-3abe9f42eb061679481869659WomenSeamlessSkirtShapewear1.jpg;
https://assets.myntassets.com/f_webp,dpr_2.4,q_60,w_210,c_limit,fl_progressive/assets/images/22466400/2023/3/22/87e73170-29c8-47e3-bd8f-3abe9f42eb061679481869659WomenSeamlessSkirtShapewear1.jpg;
https://assets.myntassets.com/f_webp,dpr_2.6,q_60,w_210,c_limit,fl_progressive/assets/images/22466400/2023/3/22/87e73170-29c8-47e3-bd8f-3abe9f42eb061679481869659WomenSeamlessSkirtShapewear1.jpg;
https://assets.myntassets.com/f_webp,dpr_2.8,q_60,w_210,c_limit,fl_progressive/assets/images/22466400/2023/3/22/87e73170-29c8-47e3-bd8f-3abe9f42eb061679481869659WomenSeamlessSkirtShapewear1.jpg",690,1725,5,2,60,SECRETS BY ZEROKAATA,https://www.myntra.com/shapewear/secrets-by-zerokaata/secrets-by-zerokaata-seamless-skirt-shapewear/22466400/buy
273,Seamless Shapewear Skirt,"https://assets.myntassets.com/f_webp,dpr_1.0,q_60,w_210,c_limit,fl_progressive/assets/images/22466404/2023/3/22/8910a649-279e-4f25-8ea4-a20574d844731679490191827WomenSeamlessSkirtShapewear1.jpg;
https://assets.myntassets.com/f_webp,dpr_1.8,q_60,w_210,c_limit,fl_progressive/assets/images/22466404/2023/3/22/8910a649-279e-4f25-8ea4-a20574d844731679490191827WomenSeamlessSkirtShapewear1.jpg;
https://assets.myntassets.com/f_webp,dpr_2.0,q_60,w_210,c_limit,fl_progressive/assets/images/22466404/2023/3/22/8910a649-279e-4f25-8ea4-a20574d844731679490191827WomenSeamlessSkirtShapewear1.jpg;
https://assets.myntassets.com/f_webp,dpr_2.2,q_60,w_210,c_limit,fl_progressive/assets/images/22466404/2023/3/22/8910a649-279e-4f25-8ea4-a20574d844731679490191827WomenSeamlessSkirtShapewear1.jpg;
https://assets.myntassets.com/f_webp,dpr_2.4,q_60,w_210,c_limit,fl_progressive/assets/images/22466404/2023/3/22/8910a649-279e-4f25-8ea4-a20574d844731679490191827WomenSeamlessSkirtShapewear1.jpg;
https://assets.myntassets.com/f_webp,dpr_2.6,q_60,w_210,c_limit,fl_progressive/assets/images/22466404/2023/3/22/8910a649-279e-4f25-8ea4-a20574d844731679490191827WomenSeamlessSkirtShapewear1.jpg;
https://assets.myntassets.com/f_webp,dpr_2.8,q_60,w_210,c_limit,fl_progressive/assets/images/22466404/2023/3/22/8910a649-279e-4f25-8ea4-a20574d844731679490191827WomenSeamlessSkirtShapewear1.jpg",690,1725,5,2,60,SECRETS BY ZEROKAATA,https://www.myntra.com/shapewear/secrets-by-zerokaata/secrets-by-zerokaata-seamless-shapewear-skirt/22466404/buy
274,Seamless Skirt Shapewear,"https://assets.myntassets.com/f_webp,dpr_1.0,q_60,w_210,c_limit,fl_progressive/assets/images/22466402/2023/3/22/5e2a0147-669d-4497-bb31-d6e6fc2652821679473261153WomenSeamlessSkirtShapewear1.jpg;
https://assets.myntassets.com/f_webp,dpr_1.8,q_60,w_210,c_limit,fl_progressive/assets/images/22466402/2023/3/22/5e2a0147-669d-4497-bb31-d6e6fc2652821679473261153WomenSeamlessSkirtShapewear1.jpg;
https://assets.myntassets.com/f_webp,dpr_2.0,q_60,w_210,c_limit,fl_progressive/assets/images/22466402/2023/3/22/5e2a0147-669d-4497-bb31-d6e6fc2652821679473261153WomenSeamlessSkirtShapewear1.jpg;
https://assets.myntassets.com/f_webp,dpr_2.2,q_60,w_210,c_limit,fl_progressive/assets/images/22466402/2023/3/22/5e2a0147-669d-4497-bb31-d6e6fc2652821679473261153WomenSeamlessSkirtShapewear1.jpg;
https://assets.myntassets.com/f_webp,dpr_2.4,q_60,w_210,c_limit,fl_progressive/assets/images/22466402/2023/3/22/5e2a0147-669d-4497-bb31-d6e6fc2652821679473261153WomenSeamlessSkirtShapewear1.jpg;
https://assets.myntassets.com/f_webp,dpr_2.6,q_60,w_210,c_limit,fl_progressive/assets/images/22466402/2023/3/22/5e2a0147-669d-4497-bb31-d6e6fc2652821679473261153WomenSeamlessSkirtShapewear1.jpg;
https://assets.myntassets.com/f_webp,dpr_2.8,q_60,w_210,c_limit,fl_progressive/assets/images/22466402/2023/3/22/5e2a0147-669d-4497-bb31-d6e6fc2652821679473261153WomenSeamlessSkirtShapewear1.jpg",690,1725,5,2,60,SECRETS BY ZEROKAATA,https://www.myntra.com/shapewear/secrets-by-zerokaata/secrets-by-zerokaata-seamless-skirt-shapewear/22466402/buy
275,4 Way Stretch Churidar Length Leggings,"https://assets.myntassets.com/f_webp,dpr_1.0,q_60,w_210,c_limit,fl_progressive/assets/images/22305652/2023/3/13/1ba5abe5-0d89-4eb6-a78f-2a3efb461d831678686043819WomenSolidChuridarLengthLeggings1.jpg;
https://assets.myntassets.com/f_webp,dpr_1.8,q_60,w_210,c_limit,fl_progressive/assets/images/22305652/2023/3/13/1ba5abe5-0d89-4eb6-a78f-2a3efb461d831678686043819WomenSolidChuridarLengthLeggings1.jpg;
https://assets.myntassets.com/f_webp,dpr_2.0,q_60,w_210,c_limit,fl_progressive/assets/images/22305652/2023/3/13/1ba5abe5-0d89-4eb6-a78f-2a3efb461d831678686043819WomenSolidChuridarLengthLeggings1.jpg;
https://assets.myntassets.com/f_webp,dpr_2.2,q_60,w_210,c_limit,fl_progressive/assets/images/22305652/2023/3/13/1ba5abe5-0d89-4eb6-a78f-2a3efb461d831678686043819WomenSolidChuridarLengthLeggings1.jpg;
https://assets.myntassets.com/f_webp,dpr_2.4,q_60,w_210,c_limit,fl_progressive/assets/images/22305652/2023/3/13/1ba5abe5-0d89-4eb6-a78f-2a3efb461d831678686043819WomenSolidChuridarLengthLeggings1.jpg;
https://assets.myntassets.com/f_webp,dpr_2.6,q_60,w_210,c_limit,fl_progressive/assets/images/22305652/2023/3/13/1ba5abe5-0d89-4eb6-a78f-2a3efb461d831678686043819WomenSolidChuridarLengthLeggings1.jpg;
https://assets.myntassets.com/f_webp,dpr_2.8,q_60,w_210,c_limit,fl_progressive/assets/images/22305652/2023/3/13/1ba5abe5-0d89-4eb6-a78f-2a3efb461d831678686043819WomenSolidChuridarLengthLeggings1.jpg",594,1450,5,2,59,SECRETS BY ZEROKAATA,https://www.myntra.com/leggings/secrets-by-zerokaata/secrets-by-zerokaata-4-way-stretch-churidar-length-leggings/22305652/buy
276,4 Way Stretch Cotton Leggings,"https://assets.myntassets.com/f_webp,dpr_1.0,q_60,w_210,c_limit,fl_progressive/assets/images/22305648/2023/3/13/b86aac54-3d0b-4577-881d-53080009d7941678695497478WomenSolidChuridarLengthLeggings1.jpg;
https://assets.myntassets.com/f_webp,dpr_1.8,q_60,w_210,c_limit,fl_progressive/assets/images/22305648/2023/3/13/b86aac54-3d0b-4577-881d-53080009d7941678695497478WomenSolidChuridarLengthLeggings1.jpg;
https://assets.myntassets.com/f_webp,dpr_2.0,q_60,w_210,c_limit,fl_progressive/assets/images/22305648/2023/3/13/b86aac54-3d0b-4577-881d-53080009d7941678695497478WomenSolidChuridarLengthLeggings1.jpg;
https://assets.myntassets.com/f_webp,dpr_2.2,q_60,w_210,c_limit,fl_progressive/assets/images/22305648/2023/3/13/b86aac54-3d0b-4577-881d-53080009d7941678695497478WomenSolidChuridarLengthLeggings1.jpg;
https://assets.myntassets.com/f_webp,dpr_2.4,q_60,w_210,c_limit,fl_progressive/assets/images/22305648/2023/3/13/b86aac54-3d0b-4577-881d-53080009d7941678695497478WomenSolidChuridarLengthLeggings1.jpg;
https://assets.myntassets.com/f_webp,dpr_2.6,q_60,w_210,c_limit,fl_progressive/assets/images/22305648/2023/3/13/b86aac54-3d0b-4577-881d-53080009d7941678695497478WomenSolidChuridarLengthLeggings1.jpg;
https://assets.myntassets.com/f_webp,dpr_2.8,q_60,w_210,c_limit,fl_progressive/assets/images/22305648/2023/3/13/b86aac54-3d0b-4577-881d-53080009d7941678695497478WomenSolidChuridarLengthLeggings1.jpg",594,1450,5,2,59,SECRETS BY ZEROKAATA,https://www.myntra.com/leggings/secrets-by-zerokaata/secrets-by-zerokaata-4-way-stretch-churidar-length-cotton-leggings/22305648/buy
277,4 Way Stretch Churidar Length Leggings,"https://assets.myntassets.com/f_webp,dpr_1.0,q_60,w_210,c_limit,fl_progressive/assets/images/22305656/2023/3/13/6d9c507e-d32d-4a7e-a16b-c46358de9c841678686052263WomenSolidChuridarLengthLeggings1.jpg;
https://assets.myntassets.com/f_webp,dpr_1.8,q_60,w_210,c_limit,fl_progressive/assets/images/22305656/2023/3/13/6d9c507e-d32d-4a7e-a16b-c46358de9c841678686052263WomenSolidChuridarLengthLeggings1.jpg;
https://assets.myntassets.com/f_webp,dpr_2.0,q_60,w_210,c_limit,fl_progressive/assets/images/22305656/2023/3/13/6d9c507e-d32d-4a7e-a16b-c46358de9c841678686052263WomenSolidChuridarLengthLeggings1.jpg;
https://assets.myntassets.com/f_webp,dpr_2.2,q_60,w_210,c_limit,fl_progressive/assets/images/22305656/2023/3/13/6d9c507e-d32d-4a7e-a16b-c46358de9c841678686052263WomenSolidChuridarLengthLeggings1.jpg;
https://assets.myntassets.com/f_webp,dpr_2.4,q_60,w_210,c_limit,fl_progressive/assets/images/22305656/2023/3/13/6d9c507e-d32d-4a7e-a16b-c46358de9c841678686052263WomenSolidChuridarLengthLeggings1.jpg;
https://assets.myntassets.com/f_webp,dpr_2.6,q_60,w_210,c_limit,fl_progressive/assets/images/22305656/2023/3/13/6d9c507e-d32d-4a7e-a16b-c46358de9c841678686052263WomenSolidChuridarLengthLeggings1.jpg;
https://assets.myntassets.com/f_webp,dpr_2.8,q_60,w_210,c_limit,fl_progressive/assets/images/22305656/2023/3/13/6d9c507e-d32d-4a7e-a16b-c46358de9c841678686052263WomenSolidChuridarLengthLeggings1.jpg",594,1450,5,2,59,SECRETS BY ZEROKAATA,https://www.myntra.com/leggings/secrets-by-zerokaata/secrets-by-zerokaata-4-way-stretch-churidar-length-leggings/22305656/buy
278,4 Way Stretch Churidar Length Leggings,"https://assets.myntassets.com/f_webp,dpr_1.0,q_60,w_210,c_limit,fl_progressive/assets/images/22305650/2023/3/13/93308924-267b-4e65-906d-6b6624a669e41678688441233WomenSolidChuridarLengthLeggings1.jpg;
https://assets.myntassets.com/f_webp,dpr_1.8,q_60,w_210,c_limit,fl_progressive/assets/images/22305650/2023/3/13/93308924-267b-4e65-906d-6b6624a669e41678688441233WomenSolidChuridarLengthLeggings1.jpg;
https://assets.myntassets.com/f_webp,dpr_2.0,q_60,w_210,c_limit,fl_progressive/assets/images/22305650/2023/3/13/93308924-267b-4e65-906d-6b6624a669e41678688441233WomenSolidChuridarLengthLeggings1.jpg;
https://assets.myntassets.com/f_webp,dpr_2.2,q_60,w_210,c_limit,fl_progressive/assets/images/22305650/2023/3/13/93308924-267b-4e65-906d-6b6624a669e41678688441233WomenSolidChuridarLengthLeggings1.jpg;
https://assets.myntassets.com/f_webp,dpr_2.4,q_60,w_210,c_limit,fl_progressive/assets/images/22305650/2023/3/13/93308924-267b-4e65-906d-6b6624a669e41678688441233WomenSolidChuridarLengthLeggings1.jpg;
https://assets.myntassets.com/f_webp,dpr_2.6,q_60,w_210,c_limit,fl_progressive/assets/images/22305650/2023/3/13/93308924-267b-4e65-906d-6b6624a669e41678688441233WomenSolidChuridarLengthLeggings1.jpg;
https://assets.myntassets.com/f_webp,dpr_2.8,q_60,w_210,c_limit,fl_progressive/assets/images/22305650/2023/3/13/93308924-267b-4e65-906d-6b6624a669e41678688441233WomenSolidChuridarLengthLeggings1.jpg",594,1450,5,3,59,SECRETS BY ZEROKAATA,https://www.myntra.com/leggings/secrets-by-zerokaata/secrets-by-zerokaata-4-way-stretch-churidar-length-leggings/22305650/buy
279,4 Way Stretch Cotton Leggings,"https://assets.myntassets.com/f_webp,dpr_1.0,q_60,w_210,c_limit,fl_progressive/assets/images/22305646/2023/3/13/ec96d5ca-c8a1-415a-a5be-e4d4bd4e852b1678688516765WomenSolidChuridarLengthLeggings1.jpg;
https://assets.myntassets.com/f_webp,dpr_1.8,q_60,w_210,c_limit,fl_progressive/assets/images/22305646/2023/3/13/ec96d5ca-c8a1-415a-a5be-e4d4bd4e852b1678688516765WomenSolidChuridarLengthLeggings1.jpg;
https://assets.myntassets.com/f_webp,dpr_2.0,q_60,w_210,c_limit,fl_progressive/assets/images/22305646/2023/3/13/ec96d5ca-c8a1-415a-a5be-e4d4bd4e852b1678688516765WomenSolidChuridarLengthLeggings1.jpg;
https://assets.myntassets.com/f_webp,dpr_2.2,q_60,w_210,c_limit,fl_progressive/assets/images/22305646/2023/3/13/ec96d5ca-c8a1-415a-a5be-e4d4bd4e852b1678688516765WomenSolidChuridarLengthLeggings1.jpg;
https://assets.myntassets.com/f_webp,dpr_2.4,q_60,w_210,c_limit,fl_progressive/assets/images/22305646/2023/3/13/ec96d5ca-c8a1-415a-a5be-e4d4bd4e852b1678688516765WomenSolidChuridarLengthLeggings1.jpg;
https://assets.myntassets.com/f_webp,dpr_2.6,q_60,w_210,c_limit,fl_progressive/assets/images/22305646/2023/3/13/ec96d5ca-c8a1-415a-a5be-e4d4bd4e852b1678688516765WomenSolidChuridarLengthLeggings1.jpg;
https://assets.myntassets.com/f_webp,dpr_2.8,q_60,w_210,c_limit,fl_progressive/assets/images/22305646/2023/3/13/ec96d5ca-c8a1-415a-a5be-e4d4bd4e852b1678688516765WomenSolidChuridarLengthLeggings1.jpg",594,1450,5,2,59,SECRETS BY ZEROKAATA,https://www.myntra.com/leggings/secrets-by-zerokaata/secrets-by-zerokaata-4-way-stretch-churidar-length-cotton-leggings/22305646/buy
280,Kurta with Trousers,"https://assets.myntassets.com/f_webp,dpr_1.0,q_60,w_210,c_limit,fl_progressive/assets/images/22127490/2023/2/25/07fef634-7843-4d95-95b9-e38886b96ac21677323720433GreenEmbroideredKurtawithPants1.jpg;
https://assets.myntassets.com/f_webp,dpr_1.8,q_60,w_210,c_limit,fl_progressive/assets/images/22127490/2023/2/25/07fef634-7843-4d95-95b9-e38886b96ac21677323720433GreenEmbroideredKurtawithPants1.jpg;
https://assets.myntassets.com/f_webp,dpr_2.0,q_60,w_210,c_limit,fl_progressive/assets/images/22127490/2023/2/25/07fef634-7843-4d95-95b9-e38886b96ac21677323720433GreenEmbroideredKurtawithPants1.jpg;
https://assets.myntassets.com/f_webp,dpr_2.2,q_60,w_210,c_limit,fl_progressive/assets/images/22127490/2023/2/25/07fef634-7843-4d95-95b9-e38886b96ac21677323720433GreenEmbroideredKurtawithPants1.jpg;
https://assets.myntassets.com/f_webp,dpr_2.4,q_60,w_210,c_limit,fl_progressive/assets/images/22127490/2023/2/25/07fef634-7843-4d95-95b9-e38886b96ac21677323720433GreenEmbroideredKurtawithPants1.jpg;
https://assets.myntassets.com/f_webp,dpr_2.6,q_60,w_210,c_limit,fl_progressive/assets/images/22127490/2023/2/25/07fef634-7843-4d95-95b9-e38886b96ac21677323720433GreenEmbroideredKurtawithPants1.jpg;
https://assets.myntassets.com/f_webp,dpr_2.8,q_60,w_210,c_limit,fl_progressive/assets/images/22127490/2023/2/25/07fef634-7843-4d95-95b9-e38886b96ac21677323720433GreenEmbroideredKurtawithPants1.jpg",1359,3999,0,0,66,Sringam,https://www.myntra.com/kurta-sets/sringam/sringam-plus-size-floral-embroidered-thread-work-kurta-with-trousers/22127490/buy
281,Plus Size Printed Cotton Kurta,"https://assets.myntassets.com/f_webp,dpr_1.0,q_60,w_210,c_limit,fl_progressive/assets/images/22127518/2023/2/25/44005df5-a967-4524-923d-954151a31a2e1677323836018SringamWomenOffWhiteGeometricEmbroideredKurta1.jpg;
https://assets.myntassets.com/f_webp,dpr_1.8,q_60,w_210,c_limit,fl_progressive/assets/images/22127518/2023/2/25/44005df5-a967-4524-923d-954151a31a2e1677323836018SringamWomenOffWhiteGeometricEmbroideredKurta1.jpg;
https://assets.myntassets.com/f_webp,dpr_2.0,q_60,w_210,c_limit,fl_progressive/assets/images/22127518/2023/2/25/44005df5-a967-4524-923d-954151a31a2e1677323836018SringamWomenOffWhiteGeometricEmbroideredKurta1.jpg;
https://assets.myntassets.com/f_webp,dpr_2.2,q_60,w_210,c_limit,fl_progressive/assets/images/22127518/2023/2/25/44005df5-a967-4524-923d-954151a31a2e1677323836018SringamWomenOffWhiteGeometricEmbroideredKurta1.jpg;
https://assets.myntassets.com/f_webp,dpr_2.4,q_60,w_210,c_limit,fl_progressive/assets/images/22127518/2023/2/25/44005df5-a967-4524-923d-954151a31a2e1677323836018SringamWomenOffWhiteGeometricEmbroideredKurta1.jpg;
https://assets.myntassets.com/f_webp,dpr_2.6,q_60,w_210,c_limit,fl_progressive/assets/images/22127518/2023/2/25/44005df5-a967-4524-923d-954151a31a2e1677323836018SringamWomenOffWhiteGeometricEmbroideredKurta1.jpg;
https://assets.myntassets.com/f_webp,dpr_2.8,q_60,w_210,c_limit,fl_progressive/assets/images/22127518/2023/2/25/44005df5-a967-4524-923d-954151a31a2e1677323836018SringamWomenOffWhiteGeometricEmbroideredKurta1.jpg",989,2999,0,0,67,Sringam,https://www.myntra.com/kurtas/sringam/sringam-plus-size-ethnic-motifs-embroidered-straight-cotton-kurta/22127518/buy
282,Ethnic Motifs Printed Kurta,"https://assets.myntassets.com/f_webp,dpr_1.0,q_60,w_210,c_limit,fl_progressive/assets/images/22127496/2023/2/25/80154123-ec09-4ada-98b2-dfcd6c50cfd91677323622284SringamWomenBlackEthnicMotifsPrintedKurta1.jpg;
https://assets.myntassets.com/f_webp,dpr_1.8,q_60,w_210,c_limit,fl_progressive/assets/images/22127496/2023/2/25/80154123-ec09-4ada-98b2-dfcd6c50cfd91677323622284SringamWomenBlackEthnicMotifsPrintedKurta1.jpg;
https://assets.myntassets.com/f_webp,dpr_2.0,q_60,w_210,c_limit,fl_progressive/assets/images/22127496/2023/2/25/80154123-ec09-4ada-98b2-dfcd6c50cfd91677323622284SringamWomenBlackEthnicMotifsPrintedKurta1.jpg;
https://assets.myntassets.com/f_webp,dpr_2.2,q_60,w_210,c_limit,fl_progressive/assets/images/22127496/2023/2/25/80154123-ec09-4ada-98b2-dfcd6c50cfd91677323622284SringamWomenBlackEthnicMotifsPrintedKurta1.jpg;
https://assets.myntassets.com/f_webp,dpr_2.4,q_60,w_210,c_limit,fl_progressive/assets/images/22127496/2023/2/25/80154123-ec09-4ada-98b2-dfcd6c50cfd91677323622284SringamWomenBlackEthnicMotifsPrintedKurta1.jpg;
https://assets.myntassets.com/f_webp,dpr_2.6,q_60,w_210,c_limit,fl_progressive/assets/images/22127496/2023/2/25/80154123-ec09-4ada-98b2-dfcd6c50cfd91677323622284SringamWomenBlackEthnicMotifsPrintedKurta1.jpg;
https://assets.myntassets.com/f_webp,dpr_2.8,q_60,w_210,c_limit,fl_progressive/assets/images/22127496/2023/2/25/80154123-ec09-4ada-98b2-dfcd6c50cfd91677323622284SringamWomenBlackEthnicMotifsPrintedKurta1.jpg",989,2999,0,0,67,Sringam,https://www.myntra.com/kurtas/sringam/sringam-plus-size-ethnic-motifs-printed-pure-cotton-kurta/22127496/buy
